date,latitude,longitude,location_id,temperature,humidity,wind_speed,wind_direction,wind_u,wind_v,precipitation,solar_radiation,uv_index,source
2025-09-04,38.090508913552185,-56.4071401667109,LOC_000,11.7,74.1,0.53,323.5,0.31,-0.43,0.0,243.4,1.8,Sample Data
2025-09-04,64.89954563585539,-102.17439705438524,LOC_001,6.94,94.3,0.76,256.4,0.74,0.18,0.79,191.0,3.7,Sample Data
2025-09-04,21.70139803318274,-159.72071235629366,LOC_002,25.41,73.8,2.52,33.7,-1.4,-2.1,0.0,222.3,2.0,Sample Data
2025-09-04,14.35627091261496,-67.39710104925842,LOC_003,26.58,63.9,6.68,227.2,4.9,4.54,0.0,412.5,5.2,Sample Data
2025-09-04,55.08362588074066,-87.95056488651409,LOC_004,-0.43,79.8,3.85,101.1,-3.77,0.74,2.07,179.9,3.0,Sample Data
2025-09-04,11.543837072185184,-53.91171921894073,LOC_005,26.11,70.8,1.46,306.4,1.17,-0.87,0.37,313.8,4.0,Sample Data
2025-09-04,72.43319806003163,-152.3959156118241,LOC_006,1.08,100.0,0.31,221.4,0.2,0.23,0.0,127.8,0.5,Sample Data
2025-09-04,23.636872540532547,-156.1574137190536,LOC_007,24.11,69.1,3.58,252.9,3.42,1.05,0.0,309.1,3.3,Sample Data
2025-09-04,32.81816822196533,-111.78166388780907,LOC_008,19.25,68.5,7.33,184.1,0.52,7.32,0.0,275.3,4.6,Sample Data
2025-09-04,42.395876398158684,-142.14021177425457,LOC_009,17.71,75.6,6.62,121.7,-5.64,3.48,0.0,231.9,2.0,Sample Data
2025-09-04,55.88896710417846,-161.86579811523455,LOC_010,6.0,67.2,2.35,103.2,-2.29,0.53,0.0,159.9,3.1,Sample Data
2025-09-04,31.91084864014136,-132.37296037182008,LOC_011,18.51,49.0,4.41,77.7,-4.31,-0.94,0.0,368.1,6.4,Sample Data
2025-09-04,44.205248816277695,-77.92712501890823,LOC_012,18.86,77.3,11.17,185.9,1.14,11.11,3.17,196.5,0.8,Sample Data
2025-09-04,24.97553366187698,-113.1495230062305,LOC_013,17.79,90.7,0.57,56.3,-0.48,-0.32,1.59,308.9,5.1,Sample Data
2025-09-04,54.431092664653185,-173.9614463464003,LOC_014,8.81,97.7,2.84,151.1,-1.37,2.48,0.88,176.3,4.1,Sample Data
2025-09-04,55.56586389260788,-157.8318639206521,LOC_015,6.26,61.0,1.92,62.4,-1.7,-0.89,0.0,266.1,1.9,Sample Data
2025-09-04,14.878869473895964,-56.64488015706668,LOC_016,24.5,62.4,1.41,225.3,1.0,0.99,0.0,295.5,4.6,Sample Data
2025-09-04,82.42240248059196,-74.90834474486006,LOC_017,-8.08,87.4,2.64,338.5,0.97,-2.46,0.0,165.7,0.8,Sample Data
2025-09-04,32.8460326880028,-167.3026251791701,LOC_018,28.38,28.0,8.51,139.0,-5.59,6.43,0.0,222.3,3.0,Sample Data
2025-09-04,61.31747698841177,-122.78017581385183,LOC_019,7.91,66.7,0.07,293.2,0.06,-0.03,0.25,212.8,4.1,Sample Data
2025-09-04,19.15286761335841,-115.62700168553488,LOC_020,26.38,67.6,4.88,101.5,-4.78,0.98,2.78,180.9,1.0,Sample Data
2025-09-04,12.57913908364138,-61.78834772975833,LOC_021,24.51,77.8,8.01,309.0,6.22,-5.04,0.0,318.7,4.8,Sample Data
2025-09-04,29.408498620001268,-93.87210303398234,LOC_022,25.96,59.5,1.16,322.4,0.71,-0.92,0.0,240.1,2.4,Sample Data
2025-09-04,33.378330706705825,-112.39115724688459,LOC_023,27.01,74.4,1.79,105.6,-1.72,0.48,2.23,284.0,4.2,Sample Data
2025-09-04,51.00327095074597,-155.96892078168148,LOC_024,5.14,75.8,2.39,159.0,-0.86,2.23,0.0,157.7,1.6,Sample Data
2025-09-04,82.7188470823419,-79.23273296305511,LOC_025,-5.15,75.7,2.89,36.4,-1.71,-2.32,2.41,61.7,1.0,Sample Data
2025-09-04,80.46242061731418,-63.672444444405656,LOC_026,-13.33,69.6,5.03,341.0,1.64,-4.75,0.0,60.8,2.1,Sample Data
2025-09-04,54.84249841083138,-60.15634944699481,LOC_027,-3.47,100.0,7.1,40.0,-4.57,-5.44,0.0,185.9,2.0,Sample Data
2025-09-04,16.636937653893963,-154.5222278855111,LOC_028,27.44,45.6,4.11,210.0,2.06,3.56,0.0,201.1,1.7,Sample Data
2025-09-04,13.392046668290355,-137.70705700077565,LOC_029,25.73,66.3,9.91,4.4,-0.76,-9.88,0.0,287.9,3.6,Sample Data
2025-09-04,39.15079672671115,-144.72462586939355,LOC_030,15.05,56.4,10.45,188.3,1.51,10.34,0.0,210.4,4.5,Sample Data
2025-09-04,72.1553131863947,-133.6220675298334,LOC_031,4.07,100.0,6.94,16.4,-1.96,-6.66,6.01,120.4,2.5,Sample Data
2025-09-04,31.07008822655356,-109.4495091894277,LOC_032,11.34,82.7,0.63,166.9,-0.14,0.61,0.0,212.4,2.8,Sample Data
2025-09-04,20.569316873107198,-75.71439250197484,LOC_033,25.57,87.7,1.11,293.0,1.02,-0.43,0.0,305.5,5.3,Sample Data
2025-09-04,15.591298275982812,-51.70469824193276,LOC_034,29.85,54.1,6.03,16.3,-1.69,-5.79,0.94,289.3,2.5,Sample Data
2025-09-04,67.9183576972493,-154.1669614005576,LOC_035,1.89,77.2,5.54,301.8,4.71,-2.92,0.0,61.9,0.2,Sample Data
2025-09-04,10.41415878427018,-73.99001430087156,LOC_036,28.96,57.5,4.4,340.1,1.5,-4.13,0.0,263.5,1.7,Sample Data
2025-09-04,63.01430078857128,-85.22906815467165,LOC_037,-4.21,91.4,3.34,222.5,2.26,2.46,0.0,175.9,1.4,Sample Data
2025-09-04,67.84527600144594,-170.37419527456825,LOC_038,7.97,75.4,2.2,306.8,1.76,-1.32,0.0,193.2,2.6,Sample Data
2025-09-04,36.884929640820445,-164.93702226173315,LOC_039,10.6,67.5,0.09,271.8,0.09,-0.0,0.0,189.3,3.1,Sample Data
2025-09-04,74.73275694066952,-98.97124351241747,LOC_040,2.07,52.0,1.49,157.5,-0.57,1.38,0.0,126.2,0.0,Sample Data
2025-09-04,34.81735186394869,-171.73741446281693,LOC_041,14.3,88.6,2.92,310.5,2.22,-1.89,0.0,157.2,1.9,Sample Data
2025-09-04,33.32367412867467,-137.7261681365229,LOC_042,19.4,64.0,2.04,118.4,-1.79,0.97,0.0,239.5,2.9,Sample Data
2025-09-04,64.7204633753548,-97.11752872382229,LOC_043,-3.73,90.3,1.27,322.8,0.77,-1.01,0.0,103.9,1.8,Sample Data
2025-09-04,76.54095569322449,-118.61205972894659,LOC_044,-6.78,73.5,0.58,31.9,-0.31,-0.5,1.24,81.5,0.0,Sample Data
2025-09-04,18.96956844537263,-87.27817766101064,LOC_045,34.48,52.9,0.12,287.8,0.11,-0.04,0.0,313.1,3.3,Sample Data
2025-09-04,67.05887864626732,-107.03396431596549,LOC_046,-3.07,91.1,0.7,133.4,-0.51,0.48,0.0,69.0,2.2,Sample Data
2025-09-04,67.82253849659207,-115.8065724726292,LOC_047,8.46,69.5,0.11,90.9,-0.11,0.0,0.0,143.4,2.8,Sample Data
2025-09-04,49.20496220364956,-124.41966761338855,LOC_048,4.68,77.5,1.78,191.7,0.36,1.74,0.63,195.1,2.4,Sample Data
2025-09-04,11.90643450580714,-165.97411449087042,LOC_049,22.88,51.9,1.19,43.1,-0.81,-0.87,0.0,362.3,5.4,Sample Data
2025-09-04,12.357188926505069,-97.26664653570855,LOC_050,27.92,79.9,0.27,193.4,0.06,0.27,0.0,255.6,4.8,Sample Data
2025-09-04,33.576698580724496,-113.88581014858865,LOC_051,15.41,57.6,1.35,232.5,1.07,0.82,0.0,175.1,2.8,Sample Data
2025-09-04,78.06748554445697,-147.59201021064627,LOC_052,-8.15,79.2,0.62,102.6,-0.6,0.14,4.54,105.8,0.5,Sample Data
2025-09-04,40.77871922767223,-81.77835198940367,LOC_053,15.1,67.2,0.36,143.2,-0.21,0.29,0.0,239.8,3.3,Sample Data
2025-09-04,27.159862411871686,-169.99261172225692,LOC_054,16.94,58.5,3.31,334.6,1.42,-2.99,0.0,174.4,2.7,Sample Data
2025-09-04,31.731358968532604,-159.04123265697942,LOC_055,14.96,76.6,1.17,153.2,-0.53,1.05,0.0,226.1,2.5,Sample Data
2025-09-04,79.72732392569299,-74.9443506566258,LOC_056,-13.34,100.0,2.61,55.6,-2.15,-1.48,0.0,64.3,0.9,Sample Data
2025-09-04,57.50528173828176,-66.7101232755967,LOC_057,1.09,73.4,0.2,356.4,0.01,-0.2,3.32,219.9,1.6,Sample Data
2025-09-04,70.27540576743358,-155.74589234481533,LOC_058,1.65,100.0,1.91,148.3,-1.01,1.63,5.31,151.5,1.3,Sample Data
2025-09-04,76.94192488674834,-109.88550855096541,LOC_059,-3.9,80.8,2.56,303.1,2.15,-1.4,3.17,83.3,0.6,Sample Data
2025-09-04,70.55801163730469,-63.508131009945885,LOC_060,0.83,73.0,3.28,188.3,0.47,3.25,0.0,118.4,2.4,Sample Data
2025-09-04,33.85026062288979,-165.693249811402,LOC_061,15.97,86.7,1.42,166.6,-0.33,1.38,2.75,165.5,2.1,Sample Data
2025-09-04,27.095137190645627,-124.47598747858669,LOC_062,19.4,76.8,2.35,326.3,1.3,-1.96,0.0,184.1,3.4,Sample Data
2025-09-04,71.351107444187,-68.10502417667536,LOC_063,0.16,73.6,2.9,192.0,0.61,2.84,0.0,104.5,1.7,Sample Data
2025-09-04,10.521409789839304,-113.60285066491646,LOC_064,23.42,49.0,4.09,12.1,-0.85,-4.0,0.0,303.0,4.1,Sample Data
2025-09-04,41.30582523615843,-151.12598463880508,LOC_065,18.68,57.4,0.35,304.7,0.29,-0.2,1.01,204.3,2.9,Sample Data
2025-09-04,18.98990255002621,-136.11002771752837,LOC_066,28.43,43.4,3.82,230.8,2.96,2.41,0.0,188.9,2.6,Sample Data
2025-09-04,80.71822779343894,-137.98361883730183,LOC_067,-11.51,81.5,7.17,210.0,3.59,6.21,0.0,125.8,1.5,Sample Data
2025-09-04,48.90929663075246,-88.60753534362688,LOC_068,11.09,54.2,2.11,220.1,1.36,1.62,4.11,210.7,3.4,Sample Data
2025-09-04,37.27222017844705,-53.66832924627511,LOC_069,17.91,69.0,3.69,54.9,-3.02,-2.12,0.0,169.5,4.0,Sample Data
2025-09-04,82.18354712065835,-147.26830154270266,LOC_070,-6.03,86.3,7.79,162.3,-2.37,7.42,8.38,214.3,3.2,Sample Data
2025-09-04,47.29363794192891,-140.88581972381994,LOC_071,7.55,72.0,1.22,289.0,1.16,-0.4,0.81,252.6,0.8,Sample Data
2025-09-04,31.36303707831007,-175.20469684391074,LOC_072,17.31,75.6,1.28,265.5,1.27,0.1,0.0,236.8,1.5,Sample Data
2025-09-04,55.71732504849226,-114.651726980248,LOC_073,5.05,71.9,2.07,150.8,-1.01,1.81,0.0,238.0,1.1,Sample Data
2025-09-04,13.860906343749201,-143.77595964924052,LOC_074,22.13,70.1,9.74,53.5,-7.83,-5.79,0.0,404.9,5.1,Sample Data
2025-09-04,78.11994144749903,-148.8569542132936,LOC_075,-4.85,83.5,0.71,323.3,0.42,-0.57,0.42,101.5,0.7,Sample Data
2025-09-04,20.867115406841734,-116.3711411639168,LOC_076,20.14,65.5,4.48,163.2,-1.3,4.29,0.0,164.1,0.8,Sample Data
2025-09-04,83.92378405829506,-148.53281470350495,LOC_077,-13.71,94.0,0.6,310.2,0.46,-0.39,0.0,10.1,0.0,Sample Data
2025-09-04,60.41016605544089,-80.98945000726671,LOC_078,-1.62,100.0,0.08,56.2,-0.06,-0.04,0.0,163.8,2.1,Sample Data
2025-09-04,27.822815799429975,-85.33187468045826,LOC_079,16.71,55.7,3.34,7.1,-0.41,-3.32,3.22,281.7,2.5,Sample Data
2025-09-04,37.58373495394399,-97.80024202283467,LOC_080,13.6,65.7,0.84,260.0,0.82,0.14,0.0,217.8,3.9,Sample Data
2025-09-04,57.5147283070671,-110.3492910702814,LOC_081,-0.02,89.3,1.04,322.7,0.63,-0.83,0.18,194.4,1.2,Sample Data
2025-09-04,16.771732754080624,-71.41067557339906,LOC_082,30.38,52.9,5.1,123.1,-4.28,2.78,0.96,195.4,3.0,Sample Data
2025-09-04,34.05850487288019,-155.75259364801894,LOC_083,10.71,97.8,2.41,157.0,-0.94,2.22,5.93,216.8,3.1,Sample Data
2025-09-04,13.058135616607293,-103.18391738552856,LOC_084,27.42,74.6,6.75,287.9,6.42,-2.08,0.0,384.7,5.5,Sample Data
2025-09-04,60.81732713817118,-177.8435822393787,LOC_085,0.62,73.2,5.4,354.4,0.53,-5.38,0.0,139.9,1.0,Sample Data
2025-09-04,48.406979372446074,-150.55554922426808,LOC_086,10.92,56.6,0.96,199.5,0.32,0.91,0.0,183.3,2.8,Sample Data
2025-09-04,58.38795928070874,-157.33236422935113,LOC_087,13.05,93.1,3.28,63.1,-2.93,-1.48,0.0,83.1,0.0,Sample Data
2025-09-04,61.820330357684945,-129.72440498093013,LOC_088,0.11,80.3,0.55,265.7,0.54,0.04,1.85,132.8,0.3,Sample Data
2025-09-04,80.25474915525508,-162.12227726102088,LOC_089,-10.6,68.2,3.81,107.0,-3.64,1.11,0.0,198.9,2.2,Sample Data
2025-09-04,35.57997632876939,-165.2484422387234,LOC_090,16.83,69.2,0.73,11.2,-0.14,-0.71,1.81,240.3,2.3,Sample Data
2025-09-04,79.3520213708922,-65.94588406047247,LOC_091,-13.98,100.0,4.42,38.4,-2.74,-3.47,2.61,197.1,2.4,Sample Data
2025-09-04,29.34562207863667,-94.20207401555672,LOC_092,11.68,64.7,5.13,287.8,4.88,-1.57,0.0,284.9,2.0,Sample Data
2025-09-04,71.29166501509118,-107.8238944920699,LOC_093,-5.14,80.4,7.48,49.3,-5.67,-4.88,0.0,63.2,0.6,Sample Data
2025-09-04,49.723793376700485,-148.55920218294128,LOC_094,14.6,70.1,3.95,290.4,3.71,-1.38,0.0,244.5,3.5,Sample Data
2025-09-04,16.98270758544244,-63.361951466067524,LOC_095,25.3,34.8,0.75,355.6,0.06,-0.75,0.0,313.9,4.1,Sample Data
2025-09-04,77.53135428724978,-97.69681055447516,LOC_096,-2.39,78.7,10.63,339.9,3.65,-9.98,0.0,106.8,1.4,Sample Data
2025-09-04,35.42723432865255,-134.6027553003541,LOC_097,21.12,55.4,0.11,214.7,0.06,0.09,0.26,252.0,2.7,Sample Data
2025-09-04,64.44667591526795,-63.37566620616498,LOC_098,8.2,60.0,0.2,113.5,-0.19,0.08,0.0,121.6,2.6,Sample Data
2025-09-04,76.5314818198838,-78.6161790385089,LOC_099,0.21,84.1,2.87,83.9,-2.85,-0.31,4.08,144.9,1.9,Sample Data
2025-09-05,38.090508913552185,-56.4071401667109,LOC_000,20.96,53.0,1.54,172.8,-0.19,1.53,0.0,208.2,4.1,Sample Data
2025-09-05,64.89954563585539,-102.17439705438524,LOC_001,9.34,64.7,0.82,39.8,-0.52,-0.63,0.0,99.6,0.2,Sample Data
2025-09-05,21.70139803318274,-159.72071235629366,LOC_002,13.37,51.2,3.41,78.6,-3.35,-0.68,0.0,311.3,3.7,Sample Data
2025-09-05,14.35627091261496,-67.39710104925842,LOC_003,26.47,68.9,2.85,60.1,-2.47,-1.42,0.0,329.3,5.7,Sample Data
2025-09-05,55.08362588074066,-87.95056488651409,LOC_004,-1.5,82.3,0.58,79.4,-0.57,-0.11,3.02,158.0,1.8,Sample Data
2025-09-05,11.543837072185184,-53.91171921894073,LOC_005,26.25,41.4,4.26,250.6,4.02,1.42,3.38,238.1,2.3,Sample Data
2025-09-05,72.43319806003163,-152.3959156118241,LOC_006,9.46,86.5,2.6,32.9,-1.42,-2.18,0.0,92.0,0.8,Sample Data
2025-09-05,23.636872540532547,-156.1574137190536,LOC_007,23.5,66.2,3.19,198.3,1.0,3.03,1.05,190.2,1.6,Sample Data
2025-09-05,32.81816822196533,-111.78166388780907,LOC_008,17.32,93.1,0.25,79.3,-0.25,-0.05,0.0,68.3,0.0,Sample Data
2025-09-05,42.395876398158684,-142.14021177425457,LOC_009,18.72,70.2,1.28,244.1,1.15,0.56,0.0,248.9,2.8,Sample Data
2025-09-05,55.88896710417846,-161.86579811523455,LOC_010,8.9,89.5,5.7,312.2,4.22,-3.83,0.0,205.3,3.4,Sample Data
2025-09-05,31.91084864014136,-132.37296037182008,LOC_011,22.98,84.6,4.19,57.1,-3.52,-2.28,0.0,235.9,3.1,Sample Data
2025-09-05,44.205248816277695,-77.92712501890823,LOC_012,17.82,53.5,0.53,294.5,0.48,-0.22,0.0,203.6,2.5,Sample Data
2025-09-05,24.97553366187698,-113.1495230062305,LOC_013,25.49,37.3,11.92,227.5,8.78,8.06,2.01,331.8,4.4,Sample Data
2025-09-05,54.431092664653185,-173.9614463464003,LOC_014,8.01,67.6,2.34,346.7,0.54,-2.27,2.0,193.6,2.8,Sample Data
2025-09-05,55.56586389260788,-157.8318639206521,LOC_015,5.18,69.8,3.69,24.2,-1.52,-3.37,0.0,241.0,1.5,Sample Data
2025-09-05,14.878869473895964,-56.64488015706668,LOC_016,23.66,66.7,4.26,8.9,-0.66,-4.21,0.78,348.7,4.3,Sample Data
2025-09-05,82.42240248059196,-74.90834474486006,LOC_017,-10.09,100.0,0.96,359.0,0.02,-0.96,0.0,23.4,0.1,Sample Data
2025-09-05,32.8460326880028,-167.3026251791701,LOC_018,20.71,78.2,0.75,29.7,-0.37,-0.65,0.0,178.3,3.1,Sample Data
2025-09-05,61.31747698841177,-122.78017581385183,LOC_019,6.48,73.3,1.63,229.9,1.25,1.05,0.0,207.2,2.4,Sample Data
2025-09-05,19.15286761335841,-115.62700168553488,LOC_020,20.76,53.4,0.09,234.6,0.08,0.05,0.0,261.4,4.4,Sample Data
2025-09-05,12.57913908364138,-61.78834772975833,LOC_021,29.32,63.4,4.42,304.1,3.66,-2.48,0.0,225.3,3.1,Sample Data
2025-09-05,29.408498620001268,-93.87210303398234,LOC_022,25.43,67.0,1.97,42.2,-1.32,-1.46,2.31,181.3,2.0,Sample Data
2025-09-05,33.378330706705825,-112.39115724688459,LOC_023,13.5,69.0,2.62,96.8,-2.6,0.31,0.0,218.9,0.8,Sample Data
2025-09-05,51.00327095074597,-155.96892078168148,LOC_024,6.13,38.7,2.75,105.0,-2.66,0.71,0.0,214.1,3.2,Sample Data
2025-09-05,82.7188470823419,-79.23273296305511,LOC_025,-7.59,77.5,0.33,87.1,-0.33,-0.02,0.0,83.6,0.0,Sample Data
2025-09-05,80.46242061731418,-63.672444444405656,LOC_026,1.18,92.2,2.46,3.5,-0.15,-2.46,1.46,80.0,0.3,Sample Data
2025-09-05,54.84249841083138,-60.15634944699481,LOC_027,1.46,74.6,2.51,248.2,2.34,0.93,0.0,158.9,1.5,Sample Data
2025-09-05,16.636937653893963,-154.5222278855111,LOC_028,26.95,46.5,3.68,11.4,-0.73,-3.61,0.0,271.5,2.7,Sample Data
2025-09-05,13.392046668290355,-137.70705700077565,LOC_029,30.69,61.4,3.76,288.6,3.56,-1.2,3.37,337.7,4.4,Sample Data
2025-09-05,39.15079672671115,-144.72462586939355,LOC_030,24.69,49.9,2.24,263.4,2.23,0.26,0.12,195.4,2.0,Sample Data
2025-09-05,72.1553131863947,-133.6220675298334,LOC_031,-3.79,89.4,11.17,121.3,-9.55,5.8,3.12,122.5,3.7,Sample Data
2025-09-05,31.07008822655356,-109.4495091894277,LOC_032,27.0,64.9,0.78,358.7,0.02,-0.78,0.0,189.6,2.9,Sample Data
2025-09-05,20.569316873107198,-75.71439250197484,LOC_033,21.1,66.3,0.09,92.8,-0.09,0.0,0.0,283.6,4.2,Sample Data
2025-09-05,15.591298275982812,-51.70469824193276,LOC_034,23.68,84.7,1.27,133.6,-0.92,0.88,0.0,191.6,4.4,Sample Data
2025-09-05,67.9183576972493,-154.1669614005576,LOC_035,-0.59,100.0,6.2,324.3,3.62,-5.03,0.0,171.7,0.6,Sample Data
2025-09-05,10.41415878427018,-73.99001430087156,LOC_036,36.07,71.8,3.96,47.4,-2.92,-2.68,0.0,290.4,3.3,Sample Data
2025-09-05,63.01430078857128,-85.22906815467165,LOC_037,-5.87,83.9,6.14,160.3,-2.07,5.78,0.0,213.9,0.9,Sample Data
2025-09-05,67.84527600144594,-170.37419527456825,LOC_038,-1.84,64.7,10.46,92.9,-10.45,0.53,0.0,194.8,1.7,Sample Data
2025-09-05,36.884929640820445,-164.93702226173315,LOC_039,7.67,69.8,0.23,61.1,-0.2,-0.11,0.0,283.2,3.0,Sample Data
2025-09-05,74.73275694066952,-98.97124351241747,LOC_040,-11.26,82.6,2.88,254.4,2.77,0.77,0.37,98.0,3.3,Sample Data
2025-09-05,34.81735186394869,-171.73741446281693,LOC_041,18.39,71.7,2.64,312.6,1.94,-1.79,0.24,234.5,2.9,Sample Data
2025-09-05,33.32367412867467,-137.7261681365229,LOC_042,20.87,64.1,0.12,44.0,-0.08,-0.09,0.0,231.8,3.3,Sample Data
2025-09-05,64.7204633753548,-97.11752872382229,LOC_043,-1.41,81.3,0.48,355.2,0.04,-0.48,0.0,196.3,2.8,Sample Data
2025-09-05,76.54095569322449,-118.61205972894659,LOC_044,0.61,36.1,2.01,240.1,1.74,1.0,0.06,162.7,1.0,Sample Data
2025-09-05,18.96956844537263,-87.27817766101064,LOC_045,27.47,42.2,10.51,33.8,-5.85,-8.73,0.0,319.4,3.8,Sample Data
2025-09-05,67.05887864626732,-107.03396431596549,LOC_046,3.1,63.8,5.46,340.1,1.86,-5.14,0.0,262.4,3.2,Sample Data
2025-09-05,67.82253849659207,-115.8065724726292,LOC_047,0.99,95.0,0.09,335.1,0.04,-0.08,0.0,85.6,1.7,Sample Data
2025-09-05,49.20496220364956,-124.41966761338855,LOC_048,3.84,100.0,3.16,38.4,-1.96,-2.48,0.0,197.6,2.8,Sample Data
2025-09-05,11.90643450580714,-165.97411449087042,LOC_049,29.55,62.7,2.51,265.8,2.5,0.18,0.0,188.8,1.4,Sample Data
2025-09-05,12.357188926505069,-97.26664653570855,LOC_050,32.95,62.2,4.31,287.2,4.12,-1.28,0.0,265.2,3.4,Sample Data
2025-09-05,33.576698580724496,-113.88581014858865,LOC_051,16.24,67.2,1.18,131.9,-0.88,0.79,0.0,196.5,4.0,Sample Data
2025-09-05,78.06748554445697,-147.59201021064627,LOC_052,-12.9,85.8,1.4,81.8,-1.39,-0.2,1.85,156.0,3.5,Sample Data
2025-09-05,40.77871922767223,-81.77835198940367,LOC_053,2.26,67.9,5.97,186.9,0.71,5.93,0.0,154.4,0.3,Sample Data
2025-09-05,27.159862411871686,-169.99261172225692,LOC_054,25.43,96.3,2.81,275.4,2.8,-0.26,0.0,240.7,3.4,Sample Data
2025-09-05,31.731358968532604,-159.04123265697942,LOC_055,17.08,74.6,0.32,174.9,-0.03,0.32,0.67,293.2,3.0,Sample Data
2025-09-05,79.72732392569299,-74.9443506566258,LOC_056,-15.53,98.4,2.83,257.8,2.76,0.6,1.07,88.5,0.9,Sample Data
2025-09-05,57.50528173828176,-66.7101232755967,LOC_057,0.29,88.0,2.23,255.3,2.16,0.57,1.68,244.9,3.0,Sample Data
2025-09-05,70.27540576743358,-155.74589234481533,LOC_058,-4.14,84.3,3.01,342.5,0.9,-2.87,0.0,133.0,1.7,Sample Data
2025-09-05,76.94192488674834,-109.88550855096541,LOC_059,-8.09,76.5,2.83,148.0,-1.5,2.4,0.0,92.0,1.9,Sample Data
2025-09-05,70.55801163730469,-63.508131009945885,LOC_060,2.35,67.6,0.96,296.1,0.87,-0.42,0.0,95.9,1.5,Sample Data
2025-09-05,33.85026062288979,-165.693249811402,LOC_061,12.79,100.0,2.65,60.5,-2.31,-1.31,0.0,222.5,3.2,Sample Data
2025-09-05,27.095137190645627,-124.47598747858669,LOC_062,26.47,83.2,2.37,83.5,-2.36,-0.27,0.0,249.0,5.7,Sample Data
2025-09-05,71.351107444187,-68.10502417667536,LOC_063,-5.8,100.0,1.68,258.3,1.64,0.34,0.0,141.8,1.2,Sample Data
2025-09-05,10.521409789839304,-113.60285066491646,LOC_064,20.52,72.0,0.25,30.8,-0.13,-0.21,0.0,245.0,2.0,Sample Data
2025-09-05,41.30582523615843,-151.12598463880508,LOC_065,9.99,53.6,0.22,186.9,0.03,0.21,3.22,234.2,1.4,Sample Data
2025-09-05,18.98990255002621,-136.11002771752837,LOC_066,26.05,71.7,2.28,116.8,-2.04,1.03,2.21,349.4,4.8,Sample Data
2025-09-05,80.71822779343894,-137.98361883730183,LOC_067,-9.99,87.2,2.48,344.7,0.65,-2.39,2.34,99.9,0.0,Sample Data
2025-09-05,48.90929663075246,-88.60753534362688,LOC_068,8.88,59.3,4.23,125.1,-3.46,2.44,0.0,175.0,0.8,Sample Data
2025-09-05,37.27222017844705,-53.66832924627511,LOC_069,15.62,79.2,5.54,187.5,0.73,5.49,0.0,242.1,2.7,Sample Data
2025-09-05,82.18354712065835,-147.26830154270266,LOC_070,-6.53,82.9,4.57,255.1,4.42,1.17,0.72,46.5,0.0,Sample Data
2025-09-05,47.29363794192891,-140.88581972381994,LOC_071,1.06,86.8,1.52,161.0,-0.49,1.43,0.0,248.1,3.1,Sample Data
2025-09-05,31.36303707831007,-175.20469684391074,LOC_072,19.47,64.4,5.72,75.1,-5.53,-1.47,0.0,249.5,3.0,Sample Data
2025-09-05,55.71732504849226,-114.651726980248,LOC_073,10.63,67.1,6.08,290.1,5.7,-2.09,0.0,155.4,1.7,Sample Data
2025-09-05,13.860906343749201,-143.77595964924052,LOC_074,21.02,57.9,3.56,124.6,-2.93,2.02,0.0,325.7,4.5,Sample Data
2025-09-05,78.11994144749903,-148.8569542132936,LOC_075,-5.29,96.5,2.8,275.3,2.78,-0.26,1.4,48.1,0.3,Sample Data
2025-09-05,20.867115406841734,-116.3711411639168,LOC_076,20.41,60.9,0.08,48.7,-0.06,-0.05,0.0,288.7,3.7,Sample Data
2025-09-05,83.92378405829506,-148.53281470350495,LOC_077,-17.08,84.0,2.12,158.2,-0.79,1.97,2.05,106.1,0.0,Sample Data
2025-09-05,60.41016605544089,-80.98945000726671,LOC_078,-1.14,87.2,0.19,281.1,0.19,-0.04,0.0,172.8,1.8,Sample Data
2025-09-05,27.822815799429975,-85.33187468045826,LOC_079,16.91,61.9,3.53,22.4,-1.35,-3.27,0.0,175.4,3.1,Sample Data
2025-09-05,37.58373495394399,-97.80024202283467,LOC_080,17.6,100.0,1.67,47.1,-1.22,-1.13,0.0,163.4,1.8,Sample Data
2025-09-05,57.5147283070671,-110.3492910702814,LOC_081,-0.72,53.5,5.27,264.1,5.24,0.54,0.0,173.5,2.0,Sample Data
2025-09-05,16.771732754080624,-71.41067557339906,LOC_082,23.55,60.9,0.9,273.7,0.9,-0.06,1.53,218.7,2.7,Sample Data
2025-09-05,34.05850487288019,-155.75259364801894,LOC_083,7.06,100.0,5.58,35.3,-3.23,-4.55,0.0,217.6,1.8,Sample Data
2025-09-05,13.058135616607293,-103.18391738552856,LOC_084,26.5,84.5,1.41,142.0,-0.87,1.11,0.0,286.4,3.8,Sample Data
2025-09-05,60.81732713817118,-177.8435822393787,LOC_085,9.2,55.8,1.73,91.7,-1.73,0.05,0.0,271.8,2.8,Sample Data
2025-09-05,48.406979372446074,-150.55554922426808,LOC_086,13.4,73.8,3.04,221.0,1.99,2.29,1.46,226.1,2.1,Sample Data
2025-09-05,58.38795928070874,-157.33236422935113,LOC_087,14.77,70.2,0.13,30.5,-0.06,-0.11,0.0,132.0,2.9,Sample Data
2025-09-05,61.820330357684945,-129.72440498093013,LOC_088,-1.92,61.6,4.47,238.1,3.79,2.36,0.38,174.7,1.5,Sample Data
2025-09-05,80.25474915525508,-162.12227726102088,LOC_089,-10.14,100.0,0.06,29.6,-0.03,-0.06,0.0,143.0,1.0,Sample Data
2025-09-05,35.57997632876939,-165.2484422387234,LOC_090,8.99,95.3,0.69,43.7,-0.48,-0.5,0.0,268.4,4.6,Sample Data
2025-09-05,79.3520213708922,-65.94588406047247,LOC_091,-8.7,87.5,10.37,287.5,9.89,-3.13,7.82,169.4,3.9,Sample Data
2025-09-05,29.34562207863667,-94.20207401555672,LOC_092,22.95,70.5,3.21,46.1,-2.31,-2.22,5.26,219.6,1.5,Sample Data
2025-09-05,71.29166501509118,-107.8238944920699,LOC_093,-10.44,59.1,2.85,339.5,1.0,-2.67,0.26,137.4,1.6,Sample Data
2025-09-05,49.723793376700485,-148.55920218294128,LOC_094,2.33,91.8,5.08,310.1,3.88,-3.27,0.0,190.9,2.7,Sample Data
2025-09-05,16.98270758544244,-63.361951466067524,LOC_095,24.16,84.8,5.54,262.3,5.48,0.75,0.0,216.2,3.2,Sample Data
2025-09-05,77.53135428724978,-97.69681055447516,LOC_096,-3.24,83.0,8.31,15.5,-2.23,-8.01,0.28,144.2,2.4,Sample Data
2025-09-05,35.42723432865255,-134.6027553003541,LOC_097,16.33,44.6,5.51,263.8,5.48,0.59,0.0,248.7,5.7,Sample Data
2025-09-05,64.44667591526795,-63.37566620616498,LOC_098,4.5,50.0,3.5,314.4,2.5,-2.45,0.0,120.3,2.0,Sample Data
2025-09-05,76.5314818198838,-78.6161790385089,LOC_099,-5.63,84.2,0.85,261.5,0.84,0.13,0.0,96.9,0.4,Sample Data
2025-09-06,38.090508913552185,-56.4071401667109,LOC_000,11.69,79.5,2.43,263.9,2.42,0.26,0.0,200.6,1.4,Sample Data
2025-09-06,64.89954563585539,-102.17439705438524,LOC_001,2.58,99.8,0.02,274.0,0.02,-0.0,2.74,74.7,0.0,Sample Data
2025-09-06,21.70139803318274,-159.72071235629366,LOC_002,20.52,51.3,6.28,358.7,0.14,-6.28,0.0,343.7,3.9,Sample Data
2025-09-06,14.35627091261496,-67.39710104925842,LOC_003,27.59,71.9,1.49,148.5,-0.78,1.27,0.0,324.4,3.5,Sample Data
2025-09-06,55.08362588074066,-87.95056488651409,LOC_004,7.01,61.9,1.97,231.2,1.53,1.23,1.73,272.6,5.3,Sample Data
2025-09-06,11.543837072185184,-53.91171921894073,LOC_005,36.03,65.5,4.9,97.1,-4.87,0.61,0.0,227.5,2.8,Sample Data
2025-09-06,72.43319806003163,-152.3959156118241,LOC_006,-3.42,75.9,4.61,254.8,4.45,1.21,0.0,0.0,0.8,Sample Data
2025-09-06,23.636872540532547,-156.1574137190536,LOC_007,19.67,51.0,1.71,31.9,-0.9,-1.45,1.82,264.0,3.9,Sample Data
2025-09-06,32.81816822196533,-111.78166388780907,LOC_008,26.54,42.6,4.62,42.6,-3.13,-3.4,0.0,219.4,3.8,Sample Data
2025-09-06,42.395876398158684,-142.14021177425457,LOC_009,21.87,85.7,0.61,130.4,-0.47,0.4,0.05,222.8,1.0,Sample Data
2025-09-06,55.88896710417846,-161.86579811523455,LOC_010,7.31,71.9,0.9,154.7,-0.39,0.81,0.0,158.5,2.4,Sample Data
2025-09-06,31.91084864014136,-132.37296037182008,LOC_011,16.73,87.5,1.98,48.1,-1.47,-1.32,2.6,96.3,1.0,Sample Data
2025-09-06,44.205248816277695,-77.92712501890823,LOC_012,16.04,78.8,0.52,219.7,0.33,0.4,2.78,228.7,3.0,Sample Data
2025-09-06,24.97553366187698,-113.1495230062305,LOC_013,16.27,53.6,0.85,326.3,0.47,-0.71,0.63,237.3,4.5,Sample Data
2025-09-06,54.431092664653185,-173.9614463464003,LOC_014,3.8,76.8,0.19,326.3,0.11,-0.16,1.52,93.4,0.1,Sample Data
2025-09-06,55.56586389260788,-157.8318639206521,LOC_015,7.1,75.6,2.46,337.3,0.95,-2.27,1.09,222.2,1.9,Sample Data
2025-09-06,14.878869473895964,-56.64488015706668,LOC_016,20.65,72.0,2.5,167.0,-0.56,2.44,0.0,184.8,3.5,Sample Data
2025-09-06,82.42240248059196,-74.90834474486006,LOC_017,-11.24,76.8,5.7,202.0,2.14,5.29,0.0,68.6,1.0,Sample Data
2025-09-06,32.8460326880028,-167.3026251791701,LOC_018,19.12,91.9,0.26,165.0,-0.07,0.25,0.0,259.8,4.2,Sample Data
2025-09-06,61.31747698841177,-122.78017581385183,LOC_019,-8.83,71.9,3.16,196.4,0.89,3.03,1.44,150.2,3.3,Sample Data
2025-09-06,19.15286761335841,-115.62700168553488,LOC_020,20.84,51.3,0.54,118.9,-0.47,0.26,0.0,188.5,2.5,Sample Data
2025-09-06,12.57913908364138,-61.78834772975833,LOC_021,25.55,67.2,1.8,354.6,0.17,-1.79,0.0,311.8,3.8,Sample Data
2025-09-06,29.408498620001268,-93.87210303398234,LOC_022,18.04,100.0,0.33,236.4,0.28,0.18,0.0,310.2,3.3,Sample Data
2025-09-06,33.378330706705825,-112.39115724688459,LOC_023,7.8,76.8,4.72,207.9,2.21,4.17,0.0,214.5,4.0,Sample Data
2025-09-06,51.00327095074597,-155.96892078168148,LOC_024,8.48,86.0,0.52,250.5,0.49,0.17,0.0,233.6,2.5,Sample Data
2025-09-06,82.7188470823419,-79.23273296305511,LOC_025,-9.04,94.5,12.32,50.7,-9.53,-7.81,0.41,97.1,2.0,Sample Data
2025-09-06,80.46242061731418,-63.672444444405656,LOC_026,-7.59,68.6,2.87,30.0,-1.43,-2.48,0.0,92.0,2.6,Sample Data
2025-09-06,54.84249841083138,-60.15634944699481,LOC_027,5.82,82.1,12.43,240.5,10.81,6.13,0.0,120.8,1.3,Sample Data
2025-09-06,16.636937653893963,-154.5222278855111,LOC_028,25.49,55.6,2.25,259.0,2.21,0.43,0.0,273.4,3.1,Sample Data
2025-09-06,13.392046668290355,-137.70705700077565,LOC_029,28.64,52.7,5.13,194.7,1.3,4.96,0.0,251.7,1.2,Sample Data
2025-09-06,39.15079672671115,-144.72462586939355,LOC_030,13.24,89.0,1.33,177.9,-0.05,1.33,0.0,173.9,1.7,Sample Data
2025-09-06,72.1553131863947,-133.6220675298334,LOC_031,1.77,86.8,0.32,86.4,-0.32,-0.02,0.86,202.2,2.2,Sample Data
2025-09-06,31.07008822655356,-109.4495091894277,LOC_032,24.19,83.5,1.3,302.9,1.09,-0.71,0.0,243.4,3.2,Sample Data
2025-09-06,20.569316873107198,-75.71439250197484,LOC_033,25.22,48.0,1.18,247.1,1.09,0.46,0.38,238.8,3.5,Sample Data
2025-09-06,15.591298275982812,-51.70469824193276,LOC_034,23.3,73.0,3.09,249.9,2.9,1.06,0.0,214.8,2.0,Sample Data
2025-09-06,67.9183576972493,-154.1669614005576,LOC_035,2.25,80.9,6.15,275.8,6.12,-0.62,0.0,76.0,1.8,Sample Data
2025-09-06,10.41415878427018,-73.99001430087156,LOC_036,29.8,65.9,2.47,40.0,-1.58,-1.89,0.0,324.6,3.9,Sample Data
2025-09-06,63.01430078857128,-85.22906815467165,LOC_037,-8.73,99.7,11.29,39.9,-7.24,-8.67,0.0,142.5,2.2,Sample Data
2025-09-06,67.84527600144594,-170.37419527456825,LOC_038,-2.46,93.2,7.25,271.4,7.25,-0.18,0.0,90.1,2.2,Sample Data
2025-09-06,36.884929640820445,-164.93702226173315,LOC_039,12.52,82.1,6.18,40.5,-4.02,-4.7,0.0,183.6,2.4,Sample Data
2025-09-06,74.73275694066952,-98.97124351241747,LOC_040,-13.15,86.1,2.74,107.0,-2.62,0.8,2.72,133.5,2.6,Sample Data
2025-09-06,34.81735186394869,-171.73741446281693,LOC_041,20.75,66.6,0.61,28.4,-0.29,-0.54,3.17,237.9,2.5,Sample Data
2025-09-06,33.32367412867467,-137.7261681365229,LOC_042,13.31,69.9,5.34,215.6,3.11,4.34,0.2,250.2,3.8,Sample Data
2025-09-06,64.7204633753548,-97.11752872382229,LOC_043,4.55,100.0,1.69,114.1,-1.54,0.69,0.0,173.3,3.5,Sample Data
2025-09-06,76.54095569322449,-118.61205972894659,LOC_044,-5.31,98.5,2.8,227.3,2.06,1.9,0.0,54.7,1.5,Sample Data
2025-09-06,18.96956844537263,-87.27817766101064,LOC_045,19.33,65.0,1.46,175.6,-0.11,1.45,0.0,267.2,3.9,Sample Data
2025-09-06,67.05887864626732,-107.03396431596549,LOC_046,0.33,100.0,3.02,25.5,-1.3,-2.72,0.9,109.1,1.3,Sample Data
2025-09-06,67.82253849659207,-115.8065724726292,LOC_047,-2.42,71.5,10.68,119.3,-9.31,5.22,0.0,159.6,0.8,Sample Data
2025-09-06,49.20496220364956,-124.41966761338855,LOC_048,4.57,66.3,2.18,2.0,-0.08,-2.18,0.49,251.4,2.6,Sample Data
2025-09-06,11.90643450580714,-165.97411449087042,LOC_049,30.09,96.9,1.04,335.4,0.43,-0.95,0.0,278.8,2.7,Sample Data
2025-09-06,12.357188926505069,-97.26664653570855,LOC_050,25.87,47.4,2.12,314.7,1.51,-1.49,0.0,247.8,2.4,Sample Data
2025-09-06,33.576698580724496,-113.88581014858865,LOC_051,9.97,44.2,1.59,326.7,0.87,-1.33,0.0,157.4,2.9,Sample Data
2025-09-06,78.06748554445697,-147.59201021064627,LOC_052,-7.81,88.4,0.89,21.4,-0.33,-0.83,0.0,64.3,1.1,Sample Data
2025-09-06,40.77871922767223,-81.77835198940367,LOC_053,9.09,39.6,1.38,43.6,-0.95,-1.0,0.0,213.3,2.7,Sample Data
2025-09-06,27.159862411871686,-169.99261172225692,LOC_054,18.94,55.1,8.53,240.7,7.44,4.18,0.0,307.6,2.1,Sample Data
2025-09-06,31.731358968532604,-159.04123265697942,LOC_055,18.81,76.3,6.21,260.6,6.12,1.01,4.65,243.1,2.3,Sample Data
2025-09-06,79.72732392569299,-74.9443506566258,LOC_056,-14.71,82.1,2.0,207.8,0.93,1.77,0.26,0.0,0.7,Sample Data
2025-09-06,57.50528173828176,-66.7101232755967,LOC_057,9.17,92.0,5.6,249.3,5.24,1.98,0.0,112.2,2.3,Sample Data
2025-09-06,70.27540576743358,-155.74589234481533,LOC_058,3.51,67.1,1.77,287.4,1.69,-0.53,0.0,37.3,0.0,Sample Data
2025-09-06,76.94192488674834,-109.88550855096541,LOC_059,-14.01,100.0,2.76,254.0,2.65,0.76,0.0,49.3,0.2,Sample Data
2025-09-06,70.55801163730469,-63.508131009945885,LOC_060,-7.16,82.5,6.62,124.5,-5.46,3.75,0.05,192.7,3.8,Sample Data
2025-09-06,33.85026062288979,-165.693249811402,LOC_061,13.91,65.7,1.58,112.0,-1.47,0.59,0.0,154.4,3.2,Sample Data
2025-09-06,27.095137190645627,-124.47598747858669,LOC_062,29.55,49.4,0.45,174.8,-0.04,0.45,1.41,243.8,3.5,Sample Data
2025-09-06,71.351107444187,-68.10502417667536,LOC_063,-7.52,80.6,0.07,272.2,0.07,-0.0,0.0,152.4,1.6,Sample Data
2025-09-06,10.521409789839304,-113.60285066491646,LOC_064,31.87,49.5,2.77,297.6,2.46,-1.28,0.0,192.2,0.9,Sample Data
2025-09-06,41.30582523615843,-151.12598463880508,LOC_065,15.63,36.9,0.5,199.3,0.17,0.47,0.0,250.4,3.6,Sample Data
2025-09-06,18.98990255002621,-136.11002771752837,LOC_066,15.14,59.7,0.9,70.1,-0.85,-0.31,0.84,162.0,2.8,Sample Data
2025-09-06,80.71822779343894,-137.98361883730183,LOC_067,-12.08,93.3,1.76,225.4,1.25,1.24,0.0,104.4,2.2,Sample Data
2025-09-06,48.90929663075246,-88.60753534362688,LOC_068,18.99,81.7,0.67,142.2,-0.41,0.53,1.29,121.8,1.8,Sample Data
2025-09-06,37.27222017844705,-53.66832924627511,LOC_069,16.34,93.5,6.12,47.0,-4.48,-4.17,0.0,241.7,2.7,Sample Data
2025-09-06,82.18354712065835,-147.26830154270266,LOC_070,-4.34,77.9,8.65,53.6,-6.96,-5.14,0.0,83.6,1.4,Sample Data
2025-09-06,47.29363794192891,-140.88581972381994,LOC_071,11.27,86.7,1.41,102.9,-1.38,0.31,2.87,214.6,0.3,Sample Data
2025-09-06,31.36303707831007,-175.20469684391074,LOC_072,31.54,50.7,6.02,353.1,0.73,-5.98,0.0,267.0,4.0,Sample Data
2025-09-06,55.71732504849226,-114.651726980248,LOC_073,8.56,74.5,0.67,39.3,-0.43,-0.52,0.0,235.8,2.7,Sample Data
2025-09-06,13.860906343749201,-143.77595964924052,LOC_074,26.04,74.2,2.14,225.6,1.53,1.5,0.0,265.6,2.9,Sample Data
2025-09-06,78.11994144749903,-148.8569542132936,LOC_075,0.2,94.1,3.54,48.4,-2.65,-2.35,0.89,68.2,1.7,Sample Data
2025-09-06,20.867115406841734,-116.3711411639168,LOC_076,27.97,65.3,1.05,5.2,-0.09,-1.04,0.0,284.3,4.3,Sample Data
2025-09-06,83.92378405829506,-148.53281470350495,LOC_077,-6.21,76.1,4.4,237.1,3.69,2.39,0.0,95.2,2.3,Sample Data
2025-09-06,60.41016605544089,-80.98945000726671,LOC_078,3.31,64.1,0.24,146.7,-0.13,0.2,0.0,152.8,1.4,Sample Data
2025-09-06,27.822815799429975,-85.33187468045826,LOC_079,20.27,61.8,8.85,26.0,-3.88,-7.95,0.0,152.9,2.1,Sample Data
2025-09-06,37.58373495394399,-97.80024202283467,LOC_080,14.86,55.9,4.75,254.6,4.58,1.26,0.15,147.2,1.1,Sample Data
2025-09-06,57.5147283070671,-110.3492910702814,LOC_081,1.04,65.1,4.88,334.5,2.1,-4.41,0.0,157.9,2.6,Sample Data
2025-09-06,16.771732754080624,-71.41067557339906,LOC_082,17.55,64.0,3.07,352.4,0.4,-3.04,0.0,331.6,2.8,Sample Data
2025-09-06,34.05850487288019,-155.75259364801894,LOC_083,1.52,81.5,2.64,224.9,1.87,1.87,2.3,275.8,2.5,Sample Data
2025-09-06,13.058135616607293,-103.18391738552856,LOC_084,29.5,64.0,2.41,187.3,0.3,2.39,2.99,265.9,1.6,Sample Data
2025-09-06,60.81732713817118,-177.8435822393787,LOC_085,-0.24,74.1,2.98,19.6,-1.0,-2.81,0.0,129.7,1.6,Sample Data
2025-09-06,48.406979372446074,-150.55554922426808,LOC_086,14.21,53.1,0.19,302.2,0.16,-0.1,0.57,156.6,3.1,Sample Data
2025-09-06,58.38795928070874,-157.33236422935113,LOC_087,3.08,65.9,0.95,303.4,0.79,-0.52,3.11,161.0,3.0,Sample Data
2025-09-06,61.820330357684945,-129.72440498093013,LOC_088,1.6,90.1,9.98,32.1,-5.31,-8.45,0.0,35.7,0.3,Sample Data
2025-09-06,80.25474915525508,-162.12227726102088,LOC_089,0.63,93.4,0.01,60.1,-0.01,-0.01,0.0,101.1,1.3,Sample Data
2025-09-06,35.57997632876939,-165.2484422387234,LOC_090,10.58,87.4,0.33,281.5,0.33,-0.07,0.0,225.1,2.4,Sample Data
2025-09-06,79.3520213708922,-65.94588406047247,LOC_091,-6.03,93.8,1.7,164.8,-0.45,1.64,0.92,69.5,0.7,Sample Data
2025-09-06,29.34562207863667,-94.20207401555672,LOC_092,16.7,88.4,5.18,306.1,4.18,-3.05,2.14,296.8,3.6,Sample Data
2025-09-06,71.29166501509118,-107.8238944920699,LOC_093,1.35,62.8,2.81,106.3,-2.69,0.79,2.11,81.1,2.1,Sample Data
2025-09-06,49.723793376700485,-148.55920218294128,LOC_094,2.83,100.0,3.75,71.7,-3.56,-1.18,0.0,151.8,0.5,Sample Data
2025-09-06,16.98270758544244,-63.361951466067524,LOC_095,16.43,68.6,5.41,5.3,-0.5,-5.39,0.0,251.9,2.2,Sample Data
2025-09-06,77.53135428724978,-97.69681055447516,LOC_096,-17.93,91.5,2.27,214.2,1.28,1.88,1.25,102.8,1.8,Sample Data
2025-09-06,35.42723432865255,-134.6027553003541,LOC_097,10.03,88.7,4.46,278.3,4.42,-0.64,0.0,220.6,2.9,Sample Data
2025-09-06,64.44667591526795,-63.37566620616498,LOC_098,6.32,63.8,2.19,125.3,-1.79,1.27,0.0,157.0,2.0,Sample Data
2025-09-06,76.5314818198838,-78.6161790385089,LOC_099,-3.76,86.7,4.55,164.9,-1.19,4.39,0.0,85.6,0.9,Sample Data
2025-09-07,38.090508913552185,-56.4071401667109,LOC_000,10.63,59.5,1.99,269.1,1.99,0.03,0.0,223.2,3.0,Sample Data
2025-09-07,64.89954563585539,-102.17439705438524,LOC_001,-5.36,75.0,0.65,50.7,-0.51,-0.41,0.0,164.1,3.5,Sample Data
2025-09-07,21.70139803318274,-159.72071235629366,LOC_002,24.17,55.1,3.03,139.7,-1.96,2.31,0.0,212.1,1.4,Sample Data
2025-09-07,14.35627091261496,-67.39710104925842,LOC_003,25.04,67.0,1.9,320.5,1.21,-1.47,0.0,206.7,2.4,Sample Data
2025-09-07,55.08362588074066,-87.95056488651409,LOC_004,6.04,83.9,0.83,180.2,0.0,0.83,0.0,166.7,1.7,Sample Data
2025-09-07,11.543837072185184,-53.91171921894073,LOC_005,26.72,79.2,2.37,155.8,-0.97,2.16,0.36,192.3,2.1,Sample Data
2025-09-07,72.43319806003163,-152.3959156118241,LOC_006,-4.97,92.8,9.7,70.9,-9.17,-3.18,0.0,120.6,1.8,Sample Data
2025-09-07,23.636872540532547,-156.1574137190536,LOC_007,19.45,40.2,2.7,26.3,-1.2,-2.42,0.0,271.2,3.4,Sample Data
2025-09-07,32.81816822196533,-111.78166388780907,LOC_008,13.78,76.3,1.94,258.6,1.91,0.38,2.05,185.8,2.8,Sample Data
2025-09-07,42.395876398158684,-142.14021177425457,LOC_009,19.61,69.6,2.07,4.4,-0.16,-2.07,0.88,149.3,2.5,Sample Data
2025-09-07,55.88896710417846,-161.86579811523455,LOC_010,9.86,65.3,3.92,34.3,-2.21,-3.23,0.0,172.7,1.7,Sample Data
2025-09-07,31.91084864014136,-132.37296037182008,LOC_011,13.46,74.3,1.02,143.2,-0.61,0.82,0.0,203.0,3.9,Sample Data
2025-09-07,44.205248816277695,-77.92712501890823,LOC_012,18.39,56.3,7.52,342.3,2.28,-7.16,0.0,266.8,2.7,Sample Data
2025-09-07,24.97553366187698,-113.1495230062305,LOC_013,22.94,38.0,1.33,236.4,1.11,0.74,0.43,171.5,2.2,Sample Data
2025-09-07,54.431092664653185,-173.9614463464003,LOC_014,7.25,71.4,1.0,342.2,0.31,-0.95,0.0,277.0,1.9,Sample Data
2025-09-07,55.56586389260788,-157.8318639206521,LOC_015,13.69,70.6,1.0,127.1,-0.79,0.6,0.0,245.3,2.7,Sample Data
2025-09-07,14.878869473895964,-56.64488015706668,LOC_016,24.15,10.0,0.69,212.8,0.37,0.58,0.81,242.3,3.5,Sample Data
2025-09-07,82.42240248059196,-74.90834474486006,LOC_017,-7.76,96.9,1.58,291.9,1.47,-0.59,0.0,143.6,0.7,Sample Data
2025-09-07,32.8460326880028,-167.3026251791701,LOC_018,20.37,81.6,0.49,315.3,0.35,-0.35,0.0,204.9,0.9,Sample Data
2025-09-07,61.31747698841177,-122.78017581385183,LOC_019,6.18,36.7,0.17,350.3,0.03,-0.17,0.73,104.9,0.6,Sample Data
2025-09-07,19.15286761335841,-115.62700168553488,LOC_020,29.9,68.4,5.66,152.1,-2.64,5.0,0.79,299.2,4.3,Sample Data
2025-09-07,12.57913908364138,-61.78834772975833,LOC_021,24.8,43.1,6.97,290.4,6.53,-2.43,0.0,232.8,4.3,Sample Data
2025-09-07,29.408498620001268,-93.87210303398234,LOC_022,27.38,72.8,0.25,196.0,0.07,0.24,0.0,264.2,2.7,Sample Data
2025-09-07,33.378330706705825,-112.39115724688459,LOC_023,19.54,65.9,0.13,95.5,-0.13,0.01,0.0,285.1,2.6,Sample Data
2025-09-07,51.00327095074597,-155.96892078168148,LOC_024,5.97,79.0,2.16,183.2,0.12,2.16,0.0,242.5,4.0,Sample Data
2025-09-07,82.7188470823419,-79.23273296305511,LOC_025,-3.89,82.0,3.56,262.4,3.53,0.47,0.0,122.7,0.9,Sample Data
2025-09-07,80.46242061731418,-63.672444444405656,LOC_026,-9.63,71.2,1.23,352.3,0.17,-1.22,0.0,142.0,2.7,Sample Data
2025-09-07,54.84249841083138,-60.15634944699481,LOC_027,9.14,74.0,2.06,137.0,-1.4,1.5,3.09,141.3,3.2,Sample Data
2025-09-07,16.636937653893963,-154.5222278855111,LOC_028,24.77,67.0,0.8,253.8,0.77,0.22,0.0,283.9,3.6,Sample Data
2025-09-07,13.392046668290355,-137.70705700077565,LOC_029,26.73,48.7,3.8,310.6,2.89,-2.47,3.22,154.3,3.0,Sample Data
2025-09-07,39.15079672671115,-144.72462586939355,LOC_030,11.42,57.9,1.03,313.7,0.74,-0.71,0.0,187.3,3.1,Sample Data
2025-09-07,72.1553131863947,-133.6220675298334,LOC_031,2.87,100.0,5.37,326.2,2.99,-4.46,2.24,122.7,0.9,Sample Data
2025-09-07,31.07008822655356,-109.4495091894277,LOC_032,12.84,53.2,1.31,223.7,0.9,0.94,2.64,202.8,2.4,Sample Data
2025-09-07,20.569316873107198,-75.71439250197484,LOC_033,19.59,78.3,1.7,246.8,1.56,0.67,0.12,281.2,3.4,Sample Data
2025-09-07,15.591298275982812,-51.70469824193276,LOC_034,32.53,71.2,3.0,71.6,-2.85,-0.95,0.0,239.3,3.3,Sample Data
2025-09-07,67.9183576972493,-154.1669614005576,LOC_035,-5.39,70.0,1.7,352.9,0.21,-1.68,1.46,122.6,0.6,Sample Data
2025-09-07,10.41415878427018,-73.99001430087156,LOC_036,32.64,69.4,1.65,124.7,-1.35,0.94,0.0,222.9,2.1,Sample Data
2025-09-07,63.01430078857128,-85.22906815467165,LOC_037,-6.85,83.6,1.02,236.4,0.85,0.56,0.0,114.7,1.6,Sample Data
2025-09-07,67.84527600144594,-170.37419527456825,LOC_038,-3.26,78.5,2.74,224.5,1.92,1.96,0.0,193.9,3.4,Sample Data
2025-09-07,36.884929640820445,-164.93702226173315,LOC_039,7.07,88.2,0.95,215.2,0.55,0.78,0.0,252.5,3.5,Sample Data
2025-09-07,74.73275694066952,-98.97124351241747,LOC_040,-2.02,61.7,3.62,244.8,3.28,1.54,0.0,112.2,1.1,Sample Data
2025-09-07,34.81735186394869,-171.73741446281693,LOC_041,14.35,44.2,9.48,143.7,-5.62,7.64,0.0,257.7,2.2,Sample Data
2025-09-07,33.32367412867467,-137.7261681365229,LOC_042,16.61,64.1,0.29,269.4,0.29,0.0,0.0,152.3,1.5,Sample Data
2025-09-07,64.7204633753548,-97.11752872382229,LOC_043,9.42,65.1,0.03,212.2,0.01,0.02,0.0,80.5,1.7,Sample Data
2025-09-07,76.54095569322449,-118.61205972894659,LOC_044,-7.39,89.9,0.67,315.9,0.46,-0.48,0.0,68.5,0.0,Sample Data
2025-09-07,18.96956844537263,-87.27817766101064,LOC_045,32.43,49.5,2.8,242.2,2.48,1.3,6.05,276.6,3.9,Sample Data
2025-09-07,67.05887864626732,-107.03396431596549,LOC_046,-7.14,88.8,2.88,267.4,2.87,0.13,0.0,98.9,1.3,Sample Data
2025-09-07,67.82253849659207,-115.8065724726292,LOC_047,2.9,74.5,2.63,193.8,0.63,2.56,0.92,149.6,2.6,Sample Data
2025-09-07,49.20496220364956,-124.41966761338855,LOC_048,7.63,95.7,2.98,89.4,-2.98,-0.03,0.0,112.8,0.0,Sample Data
2025-09-07,11.90643450580714,-165.97411449087042,LOC_049,30.13,58.7,0.2,296.9,0.18,-0.09,1.17,228.7,2.9,Sample Data
2025-09-07,12.357188926505069,-97.26664653570855,LOC_050,31.18,54.8,0.33,275.2,0.33,-0.03,0.0,200.0,3.3,Sample Data
2025-09-07,33.576698580724496,-113.88581014858865,LOC_051,15.21,63.6,0.22,66.8,-0.2,-0.09,0.0,238.9,3.2,Sample Data
2025-09-07,78.06748554445697,-147.59201021064627,LOC_052,-9.11,92.2,1.02,111.5,-0.95,0.38,1.45,0.0,0.5,Sample Data
2025-09-07,40.77871922767223,-81.77835198940367,LOC_053,18.25,58.4,4.67,110.8,-4.37,1.66,0.0,209.5,2.9,Sample Data
2025-09-07,27.159862411871686,-169.99261172225692,LOC_054,20.24,30.5,8.5,315.5,5.96,-6.06,1.0,253.0,6.1,Sample Data
2025-09-07,31.731358968532604,-159.04123265697942,LOC_055,19.36,59.8,3.39,301.6,2.89,-1.78,0.0,216.3,4.3,Sample Data
2025-09-07,79.72732392569299,-74.9443506566258,LOC_056,-11.99,95.0,3.36,64.5,-3.03,-1.44,0.0,70.9,0.6,Sample Data
2025-09-07,57.50528173828176,-66.7101232755967,LOC_057,9.52,86.2,2.17,58.1,-1.84,-1.15,0.04,133.2,0.4,Sample Data
2025-09-07,70.27540576743358,-155.74589234481533,LOC_058,-2.83,77.6,2.2,218.8,1.38,1.71,0.12,57.0,0.1,Sample Data
2025-09-07,76.94192488674834,-109.88550855096541,LOC_059,0.03,100.0,1.61,154.4,-0.7,1.45,0.0,156.3,3.0,Sample Data
2025-09-07,70.55801163730469,-63.508131009945885,LOC_060,-1.89,62.1,1.59,313.4,1.16,-1.09,0.0,74.2,1.0,Sample Data
2025-09-07,33.85026062288979,-165.693249811402,LOC_061,11.84,74.4,1.23,51.4,-0.96,-0.77,0.0,207.9,1.3,Sample Data
2025-09-07,27.095137190645627,-124.47598747858669,LOC_062,19.18,67.3,2.13,150.9,-1.03,1.86,3.15,242.0,2.3,Sample Data
2025-09-07,71.351107444187,-68.10502417667536,LOC_063,7.86,88.1,3.5,91.2,-3.5,0.07,2.57,184.3,2.4,Sample Data
2025-09-07,10.521409789839304,-113.60285066491646,LOC_064,29.94,61.1,1.99,120.1,-1.72,1.0,0.0,198.3,2.3,Sample Data
2025-09-07,41.30582523615843,-151.12598463880508,LOC_065,8.74,72.1,1.47,289.3,1.39,-0.49,0.0,200.7,3.4,Sample Data
2025-09-07,18.98990255002621,-136.11002771752837,LOC_066,26.38,59.6,0.21,233.4,0.17,0.12,0.94,241.4,4.4,Sample Data
2025-09-07,80.71822779343894,-137.98361883730183,LOC_067,-12.36,79.6,1.29,134.1,-0.93,0.9,0.92,176.2,1.9,Sample Data
2025-09-07,48.90929663075246,-88.60753534362688,LOC_068,15.38,82.2,0.03,78.4,-0.02,-0.01,0.0,184.3,2.3,Sample Data
2025-09-07,37.27222017844705,-53.66832924627511,LOC_069,17.75,75.8,2.39,23.9,-0.97,-2.18,0.0,293.9,4.1,Sample Data
2025-09-07,82.18354712065835,-147.26830154270266,LOC_070,-3.94,92.5,2.19,50.5,-1.69,-1.39,0.0,152.9,2.6,Sample Data
2025-09-07,47.29363794192891,-140.88581972381994,LOC_071,7.53,66.8,6.63,270.0,6.63,0.0,0.0,226.0,4.3,Sample Data
2025-09-07,31.36303707831007,-175.20469684391074,LOC_072,21.63,67.4,2.59,227.7,1.92,1.75,1.28,187.1,3.3,Sample Data
2025-09-07,55.71732504849226,-114.651726980248,LOC_073,2.38,63.0,0.83,77.4,-0.81,-0.18,0.0,175.0,3.1,Sample Data
2025-09-07,13.860906343749201,-143.77595964924052,LOC_074,21.92,85.3,5.18,237.4,4.36,2.79,0.0,307.9,2.8,Sample Data
2025-09-07,78.11994144749903,-148.8569542132936,LOC_075,-5.18,83.3,3.03,116.8,-2.71,1.37,0.42,47.0,1.3,Sample Data
2025-09-07,20.867115406841734,-116.3711411639168,LOC_076,15.33,77.0,3.25,293.4,2.99,-1.29,0.0,218.9,3.3,Sample Data
2025-09-07,83.92378405829506,-148.53281470350495,LOC_077,-7.27,77.7,1.38,155.6,-0.57,1.26,0.6,93.7,0.0,Sample Data
2025-09-07,60.41016605544089,-80.98945000726671,LOC_078,3.66,73.1,1.17,323.3,0.7,-0.94,0.0,192.9,2.1,Sample Data
2025-09-07,27.822815799429975,-85.33187468045826,LOC_079,17.13,76.0,2.58,24.2,-1.06,-2.35,13.61,301.1,3.0,Sample Data
2025-09-07,37.58373495394399,-97.80024202283467,LOC_080,16.44,71.6,18.13,86.9,-18.11,-0.97,1.06,284.1,3.0,Sample Data
2025-09-07,57.5147283070671,-110.3492910702814,LOC_081,-4.43,93.1,3.19,83.5,-3.17,-0.36,2.89,235.4,3.6,Sample Data
2025-09-07,16.771732754080624,-71.41067557339906,LOC_082,30.36,86.0,2.94,311.2,2.21,-1.94,0.0,266.0,3.3,Sample Data
2025-09-07,34.05850487288019,-155.75259364801894,LOC_083,14.61,91.8,3.69,140.1,-2.36,2.83,1.82,249.5,1.0,Sample Data
2025-09-07,13.058135616607293,-103.18391738552856,LOC_084,29.99,69.3,2.7,19.2,-0.89,-2.55,0.0,321.8,5.2,Sample Data
2025-09-07,60.81732713817118,-177.8435822393787,LOC_085,5.77,73.0,0.55,180.1,0.0,0.55,0.0,208.6,3.9,Sample Data
2025-09-07,48.406979372446074,-150.55554922426808,LOC_086,5.48,68.3,3.03,215.7,1.77,2.46,2.44,295.2,3.2,Sample Data
2025-09-07,58.38795928070874,-157.33236422935113,LOC_087,2.52,83.1,0.06,280.5,0.06,-0.01,0.0,208.2,3.1,Sample Data
2025-09-07,61.820330357684945,-129.72440498093013,LOC_088,-2.42,100.0,1.54,55.3,-1.27,-0.88,0.0,174.1,2.0,Sample Data
2025-09-07,80.25474915525508,-162.12227726102088,LOC_089,2.04,100.0,1.32,18.7,-0.42,-1.25,1.1,99.6,0.5,Sample Data
2025-09-07,35.57997632876939,-165.2484422387234,LOC_090,9.95,81.4,5.96,319.0,3.91,-4.5,2.67,272.6,2.8,Sample Data
2025-09-07,79.3520213708922,-65.94588406047247,LOC_091,-5.02,96.3,10.88,167.4,-2.37,10.62,0.0,84.0,0.6,Sample Data
2025-09-07,29.34562207863667,-94.20207401555672,LOC_092,20.43,68.3,8.34,30.6,-4.25,-7.18,0.0,231.5,1.3,Sample Data
2025-09-07,71.29166501509118,-107.8238944920699,LOC_093,-4.71,79.5,0.55,53.0,-0.44,-0.33,0.0,37.2,0.0,Sample Data
2025-09-07,49.723793376700485,-148.55920218294128,LOC_094,5.47,91.4,1.07,83.7,-1.06,-0.12,0.59,260.5,2.1,Sample Data
2025-09-07,16.98270758544244,-63.361951466067524,LOC_095,23.0,66.6,1.26,311.3,0.95,-0.83,0.17,162.6,1.9,Sample Data
2025-09-07,77.53135428724978,-97.69681055447516,LOC_096,1.39,83.1,0.44,209.1,0.21,0.39,0.0,117.3,0.5,Sample Data
2025-09-07,35.42723432865255,-134.6027553003541,LOC_097,15.2,41.2,0.26,165.5,-0.06,0.25,3.46,222.3,2.1,Sample Data
2025-09-07,64.44667591526795,-63.37566620616498,LOC_098,9.86,67.3,2.56,240.2,2.22,1.27,0.0,125.3,2.4,Sample Data
2025-09-07,76.5314818198838,-78.6161790385089,LOC_099,1.25,81.1,13.66,320.2,8.74,-10.5,0.0,101.0,0.0,Sample Data
2025-09-08,38.090508913552185,-56.4071401667109,LOC_000,13.83,94.5,1.98,301.8,1.68,-1.04,0.0,204.4,3.6,Sample Data
2025-09-08,64.89954563585539,-102.17439705438524,LOC_001,-1.94,52.1,4.31,45.4,-3.07,-3.03,6.05,154.8,0.7,Sample Data
2025-09-08,21.70139803318274,-159.72071235629366,LOC_002,20.53,100.0,3.1,82.7,-3.08,-0.39,0.0,321.7,2.9,Sample Data
2025-09-08,14.35627091261496,-67.39710104925842,LOC_003,27.05,41.9,0.61,100.3,-0.6,0.11,0.4,228.8,3.7,Sample Data
2025-09-08,55.08362588074066,-87.95056488651409,LOC_004,0.07,83.2,1.41,287.2,1.35,-0.42,0.0,178.7,1.4,Sample Data
2025-09-08,11.543837072185184,-53.91171921894073,LOC_005,29.38,63.5,0.58,242.2,0.51,0.27,0.49,240.5,3.5,Sample Data
2025-09-08,72.43319806003163,-152.3959156118241,LOC_006,-1.6,86.9,2.96,270.1,2.96,-0.0,1.23,80.3,0.7,Sample Data
2025-09-08,23.636872540532547,-156.1574137190536,LOC_007,25.47,59.2,0.12,104.9,-0.12,0.03,0.54,241.7,3.9,Sample Data
2025-09-08,32.81816822196533,-111.78166388780907,LOC_008,24.69,57.2,0.5,175.4,-0.04,0.5,0.0,202.9,3.9,Sample Data
2025-09-08,42.395876398158684,-142.14021177425457,LOC_009,10.02,77.7,0.09,73.6,-0.09,-0.03,0.0,328.3,4.3,Sample Data
2025-09-08,55.88896710417846,-161.86579811523455,LOC_010,5.3,89.1,2.09,18.1,-0.65,-1.98,1.6,230.4,2.7,Sample Data
2025-09-08,31.91084864014136,-132.37296037182008,LOC_011,9.42,67.9,0.15,260.9,0.15,0.02,1.87,190.3,1.8,Sample Data
2025-09-08,44.205248816277695,-77.92712501890823,LOC_012,17.14,59.0,1.49,270.3,1.49,-0.01,2.96,241.0,1.9,Sample Data
2025-09-08,24.97553366187698,-113.1495230062305,LOC_013,24.37,62.2,1.47,23.8,-0.59,-1.34,3.51,319.8,4.1,Sample Data
2025-09-08,54.431092664653185,-173.9614463464003,LOC_014,2.41,60.0,0.09,346.1,0.02,-0.09,0.0,169.0,2.3,Sample Data
2025-09-08,55.56586389260788,-157.8318639206521,LOC_015,13.25,84.2,1.15,305.3,0.94,-0.66,0.0,188.0,2.9,Sample Data
2025-09-08,14.878869473895964,-56.64488015706668,LOC_016,20.89,48.6,9.92,3.7,-0.64,-9.9,0.0,299.5,5.2,Sample Data
2025-09-08,82.42240248059196,-74.90834474486006,LOC_017,-11.09,85.4,1.75,94.0,-1.75,0.12,0.0,56.9,0.0,Sample Data
2025-09-08,32.8460326880028,-167.3026251791701,LOC_018,11.24,75.5,10.33,160.8,-3.4,9.76,0.0,219.8,1.1,Sample Data
2025-09-08,61.31747698841177,-122.78017581385183,LOC_019,8.51,84.9,4.21,208.0,1.98,3.71,0.0,181.8,3.0,Sample Data
2025-09-08,19.15286761335841,-115.62700168553488,LOC_020,26.74,41.8,1.59,144.9,-0.91,1.3,0.0,307.9,2.7,Sample Data
2025-09-08,12.57913908364138,-61.78834772975833,LOC_021,22.73,52.7,0.61,123.2,-0.51,0.33,0.0,269.2,5.1,Sample Data
2025-09-08,29.408498620001268,-93.87210303398234,LOC_022,18.12,37.7,1.07,214.6,0.61,0.88,0.0,281.3,3.6,Sample Data
2025-09-08,33.378330706705825,-112.39115724688459,LOC_023,22.77,49.1,3.22,335.4,1.34,-2.93,0.0,323.6,4.9,Sample Data
2025-09-08,51.00327095074597,-155.96892078168148,LOC_024,6.55,87.6,1.19,3.9,-0.08,-1.18,0.0,178.7,2.3,Sample Data
2025-09-08,82.7188470823419,-79.23273296305511,LOC_025,-13.87,100.0,0.38,353.0,0.05,-0.38,0.14,155.0,2.5,Sample Data
2025-09-08,80.46242061731418,-63.672444444405656,LOC_026,-6.73,82.2,2.28,37.2,-1.38,-1.82,1.68,104.1,1.1,Sample Data
2025-09-08,54.84249841083138,-60.15634944699481,LOC_027,-3.82,70.2,0.15,19.0,-0.05,-0.15,0.0,97.6,1.0,Sample Data
2025-09-08,16.636937653893963,-154.5222278855111,LOC_028,17.74,75.6,2.59,129.3,-2.0,1.64,0.0,249.3,4.4,Sample Data
2025-09-08,13.392046668290355,-137.70705700077565,LOC_029,20.01,43.0,4.92,118.1,-4.33,2.32,0.18,181.1,0.0,Sample Data
2025-09-08,39.15079672671115,-144.72462586939355,LOC_030,11.31,79.2,1.44,291.0,1.34,-0.52,0.0,176.0,0.0,Sample Data
2025-09-08,72.1553131863947,-133.6220675298334,LOC_031,-0.88,77.9,0.38,336.1,0.15,-0.35,0.0,91.5,1.2,Sample Data
2025-09-08,31.07008822655356,-109.4495091894277,LOC_032,5.16,66.0,0.53,236.3,0.44,0.29,0.0,318.8,4.5,Sample Data
2025-09-08,20.569316873107198,-75.71439250197484,LOC_033,22.18,51.7,0.37,220.6,0.24,0.28,0.0,220.1,3.0,Sample Data
2025-09-08,15.591298275982812,-51.70469824193276,LOC_034,28.92,26.1,1.55,300.1,1.34,-0.78,0.0,177.0,3.6,Sample Data
2025-09-08,67.9183576972493,-154.1669614005576,LOC_035,-3.15,78.2,1.32,148.7,-0.68,1.12,0.0,103.8,1.5,Sample Data
2025-09-08,10.41415878427018,-73.99001430087156,LOC_036,21.92,56.5,0.51,297.8,0.45,-0.24,1.09,183.6,2.6,Sample Data
2025-09-08,63.01430078857128,-85.22906815467165,LOC_037,10.41,72.0,9.52,79.4,-9.36,-1.76,0.0,216.5,4.1,Sample Data
2025-09-08,67.84527600144594,-170.37419527456825,LOC_038,6.54,66.3,2.27,243.9,2.04,1.0,0.0,170.6,2.7,Sample Data
2025-09-08,36.884929640820445,-164.93702226173315,LOC_039,15.87,63.6,2.33,304.1,1.93,-1.31,0.0,257.3,3.0,Sample Data
2025-09-08,74.73275694066952,-98.97124351241747,LOC_040,-0.95,73.7,1.99,185.1,0.18,1.98,1.7,96.6,1.1,Sample Data
2025-09-08,34.81735186394869,-171.73741446281693,LOC_041,23.27,51.0,1.27,241.6,1.12,0.61,0.0,218.7,3.3,Sample Data
2025-09-08,33.32367412867467,-137.7261681365229,LOC_042,12.94,82.5,13.92,9.3,-2.24,-13.73,0.0,292.3,4.7,Sample Data
2025-09-08,64.7204633753548,-97.11752872382229,LOC_043,3.0,60.3,0.76,110.6,-0.71,0.27,0.0,84.2,0.8,Sample Data
2025-09-08,76.54095569322449,-118.61205972894659,LOC_044,-6.64,67.2,4.25,323.3,2.54,-3.4,1.0,153.9,3.6,Sample Data
2025-09-08,18.96956844537263,-87.27817766101064,LOC_045,21.24,53.8,0.07,300.6,0.06,-0.04,0.0,232.7,2.4,Sample Data
2025-09-08,67.05887864626732,-107.03396431596549,LOC_046,-3.36,81.1,0.12,206.6,0.05,0.11,0.0,138.1,1.3,Sample Data
2025-09-08,67.82253849659207,-115.8065724726292,LOC_047,-1.22,80.4,2.66,143.2,-1.6,2.13,0.0,45.2,0.9,Sample Data
2025-09-08,49.20496220364956,-124.41966761338855,LOC_048,3.44,91.3,7.04,134.9,-4.99,4.97,0.0,185.0,1.7,Sample Data
2025-09-08,11.90643450580714,-165.97411449087042,LOC_049,29.35,63.6,0.76,81.4,-0.75,-0.11,0.0,159.0,1.4,Sample Data
2025-09-08,12.357188926505069,-97.26664653570855,LOC_050,30.35,44.1,0.16,177.3,-0.01,0.16,0.0,206.0,0.9,Sample Data
2025-09-08,33.576698580724496,-113.88581014858865,LOC_051,10.16,73.5,2.55,290.0,2.39,-0.87,0.0,219.1,2.6,Sample Data
2025-09-08,78.06748554445697,-147.59201021064627,LOC_052,-9.93,67.8,1.58,244.7,1.42,0.67,0.07,174.4,1.3,Sample Data
2025-09-08,40.77871922767223,-81.77835198940367,LOC_053,15.38,50.6,0.9,319.0,0.59,-0.68,0.0,161.6,1.3,Sample Data
2025-09-08,27.159862411871686,-169.99261172225692,LOC_054,12.23,62.7,3.35,297.4,2.97,-1.54,0.0,220.8,3.9,Sample Data
2025-09-08,31.731358968532604,-159.04123265697942,LOC_055,19.68,53.8,1.34,241.7,1.18,0.64,0.17,261.6,4.4,Sample Data
2025-09-08,79.72732392569299,-74.9443506566258,LOC_056,-1.46,84.5,1.03,168.4,-0.21,1.0,0.0,13.3,0.0,Sample Data
2025-09-08,57.50528173828176,-66.7101232755967,LOC_057,7.95,45.4,5.7,72.6,-5.44,-1.71,0.0,211.9,3.2,Sample Data
2025-09-08,70.27540576743358,-155.74589234481533,LOC_058,5.35,80.2,0.05,294.6,0.04,-0.02,4.41,156.7,1.2,Sample Data
2025-09-08,76.94192488674834,-109.88550855096541,LOC_059,-2.4,76.0,0.33,45.3,-0.23,-0.23,0.0,145.1,2.3,Sample Data
2025-09-08,70.55801163730469,-63.508131009945885,LOC_060,3.78,59.3,2.71,217.1,1.63,2.16,0.0,36.5,2.3,Sample Data
2025-09-08,33.85026062288979,-165.693249811402,LOC_061,20.8,51.9,0.77,249.2,0.72,0.27,1.96,186.7,3.0,Sample Data
2025-09-08,27.095137190645627,-124.47598747858669,LOC_062,24.96,64.9,0.14,264.3,0.14,0.01,0.0,278.7,3.4,Sample Data
2025-09-08,71.351107444187,-68.10502417667536,LOC_063,-4.63,53.3,0.04,29.4,-0.02,-0.04,0.06,66.2,2.7,Sample Data
2025-09-08,10.521409789839304,-113.60285066491646,LOC_064,21.48,65.7,1.05,239.0,0.9,0.54,0.0,340.4,6.2,Sample Data
2025-09-08,41.30582523615843,-151.12598463880508,LOC_065,8.62,73.1,0.28,216.3,0.17,0.23,0.0,201.8,3.3,Sample Data
2025-09-08,18.98990255002621,-136.11002771752837,LOC_066,25.85,48.3,1.04,189.2,0.17,1.03,0.0,256.9,3.4,Sample Data
2025-09-08,80.71822779343894,-137.98361883730183,LOC_067,-1.31,98.5,8.75,106.5,-8.39,2.49,0.63,119.1,0.4,Sample Data
2025-09-08,48.90929663075246,-88.60753534362688,LOC_068,14.75,94.2,0.05,262.4,0.05,0.01,2.19,92.2,1.9,Sample Data
2025-09-08,37.27222017844705,-53.66832924627511,LOC_069,10.7,75.7,1.54,262.4,1.53,0.2,0.0,174.0,3.5,Sample Data
2025-09-08,82.18354712065835,-147.26830154270266,LOC_070,-2.1,83.7,9.48,203.7,3.81,8.69,0.0,86.1,0.2,Sample Data
2025-09-08,47.29363794192891,-140.88581972381994,LOC_071,16.58,42.9,1.48,86.5,-1.47,-0.09,0.76,193.6,2.7,Sample Data
2025-09-08,31.36303707831007,-175.20469684391074,LOC_072,22.8,63.1,16.26,209.8,8.07,14.11,0.0,171.7,1.1,Sample Data
2025-09-08,55.71732504849226,-114.651726980248,LOC_073,13.66,54.9,3.44,113.5,-3.15,1.37,2.0,181.8,1.2,Sample Data
2025-09-08,13.860906343749201,-143.77595964924052,LOC_074,31.71,70.5,4.2,314.2,3.01,-2.93,0.0,293.9,5.1,Sample Data
2025-09-08,78.11994144749903,-148.8569542132936,LOC_075,-8.22,60.5,2.88,306.0,2.33,-1.69,0.27,223.6,2.2,Sample Data
2025-09-08,20.867115406841734,-116.3711411639168,LOC_076,18.44,66.5,0.18,38.0,-0.11,-0.14,0.0,171.6,2.4,Sample Data
2025-09-08,83.92378405829506,-148.53281470350495,LOC_077,-3.3,89.8,0.13,179.3,-0.0,0.13,0.0,32.9,0.0,Sample Data
2025-09-08,60.41016605544089,-80.98945000726671,LOC_078,7.12,77.9,4.98,209.9,2.48,4.32,0.0,226.4,1.5,Sample Data
2025-09-08,27.822815799429975,-85.33187468045826,LOC_079,12.4,67.8,3.63,200.3,1.26,3.4,0.0,219.8,2.6,Sample Data
2025-09-08,37.58373495394399,-97.80024202283467,LOC_080,18.18,80.6,1.21,243.2,1.08,0.54,0.0,204.9,4.2,Sample Data
2025-09-08,57.5147283070671,-110.3492910702814,LOC_081,7.78,71.7,0.87,43.4,-0.59,-0.63,0.0,161.1,2.4,Sample Data
2025-09-08,16.771732754080624,-71.41067557339906,LOC_082,23.85,53.5,2.12,58.3,-1.8,-1.11,0.0,196.2,0.8,Sample Data
2025-09-08,34.05850487288019,-155.75259364801894,LOC_083,7.14,54.0,3.23,159.1,-1.15,3.02,0.0,235.4,3.5,Sample Data
2025-09-08,13.058135616607293,-103.18391738552856,LOC_084,38.83,40.8,2.61,144.5,-1.52,2.13,0.27,201.5,2.2,Sample Data
2025-09-08,60.81732713817118,-177.8435822393787,LOC_085,-1.47,91.3,0.18,198.9,0.06,0.17,0.0,165.7,3.1,Sample Data
2025-09-08,48.406979372446074,-150.55554922426808,LOC_086,14.47,60.0,2.33,28.5,-1.11,-2.05,0.0,181.9,3.1,Sample Data
2025-09-08,58.38795928070874,-157.33236422935113,LOC_087,0.09,73.3,0.49,155.8,-0.2,0.45,0.0,188.0,3.8,Sample Data
2025-09-08,61.820330357684945,-129.72440498093013,LOC_088,13.59,63.1,5.29,282.0,5.18,-1.1,5.66,173.6,0.0,Sample Data
2025-09-08,80.25474915525508,-162.12227726102088,LOC_089,-3.58,84.8,3.35,173.3,-0.39,3.32,0.0,58.6,1.6,Sample Data
2025-09-08,35.57997632876939,-165.2484422387234,LOC_090,14.48,52.4,3.1,137.1,-2.11,2.27,1.83,211.8,3.5,Sample Data
2025-09-08,79.3520213708922,-65.94588406047247,LOC_091,-8.0,64.7,0.15,295.4,0.13,-0.06,0.0,2.6,1.1,Sample Data
2025-09-08,29.34562207863667,-94.20207401555672,LOC_092,19.73,85.0,5.24,227.3,3.86,3.56,0.0,159.7,3.7,Sample Data
2025-09-08,71.29166501509118,-107.8238944920699,LOC_093,-2.25,90.4,2.79,79.4,-2.74,-0.51,0.0,55.6,1.0,Sample Data
2025-09-08,49.723793376700485,-148.55920218294128,LOC_094,9.01,63.6,4.33,188.4,0.63,4.28,2.2,182.9,1.5,Sample Data
2025-09-08,16.98270758544244,-63.361951466067524,LOC_095,22.71,55.6,0.68,139.2,-0.44,0.51,1.01,107.2,3.4,Sample Data
2025-09-08,77.53135428724978,-97.69681055447516,LOC_096,-0.18,74.5,0.47,182.1,0.02,0.47,0.15,182.7,4.2,Sample Data
2025-09-08,35.42723432865255,-134.6027553003541,LOC_097,16.21,82.4,9.64,17.5,-2.9,-9.19,0.09,232.6,1.6,Sample Data
2025-09-08,64.44667591526795,-63.37566620616498,LOC_098,-1.14,82.9,8.75,303.2,7.33,-4.79,0.16,138.7,1.7,Sample Data
2025-09-08,76.5314818198838,-78.6161790385089,LOC_099,-4.86,68.0,0.85,128.9,-0.66,0.53,0.0,117.5,1.6,Sample Data
2025-09-09,38.090508913552185,-56.4071401667109,LOC_000,12.17,55.1,2.43,27.6,-1.13,-2.15,2.22,158.1,3.7,Sample Data
2025-09-09,64.89954563585539,-102.17439705438524,LOC_001,-12.77,85.4,0.07,120.7,-0.06,0.04,0.21,144.5,2.3,Sample Data
2025-09-09,21.70139803318274,-159.72071235629366,LOC_002,17.46,83.0,1.5,85.3,-1.49,-0.12,0.39,274.2,4.5,Sample Data
2025-09-09,14.35627091261496,-67.39710104925842,LOC_003,18.69,100.0,7.67,26.2,-3.38,-6.88,0.86,276.4,3.1,Sample Data
2025-09-09,55.08362588074066,-87.95056488651409,LOC_004,2.86,86.6,1.53,147.5,-0.82,1.29,0.0,194.6,1.9,Sample Data
2025-09-09,11.543837072185184,-53.91171921894073,LOC_005,33.22,40.3,1.63,208.2,0.77,1.44,0.0,270.6,3.7,Sample Data
2025-09-09,72.43319806003163,-152.3959156118241,LOC_006,-2.53,76.5,0.45,149.7,-0.23,0.39,0.0,138.9,0.0,Sample Data
2025-09-09,23.636872540532547,-156.1574137190536,LOC_007,16.24,91.4,0.43,57.1,-0.36,-0.23,0.0,308.8,2.7,Sample Data
2025-09-09,32.81816822196533,-111.78166388780907,LOC_008,3.34,69.5,1.33,213.8,0.74,1.1,0.0,219.7,1.5,Sample Data
2025-09-09,42.395876398158684,-142.14021177425457,LOC_009,22.17,86.2,0.71,267.2,0.71,0.03,0.88,220.4,4.2,Sample Data
2025-09-09,55.88896710417846,-161.86579811523455,LOC_010,9.34,56.4,2.51,286.6,2.41,-0.72,0.0,154.1,4.4,Sample Data
2025-09-09,31.91084864014136,-132.37296037182008,LOC_011,14.94,58.9,1.63,215.7,0.95,1.32,0.0,134.6,1.6,Sample Data
2025-09-09,44.205248816277695,-77.92712501890823,LOC_012,13.99,70.7,0.57,169.8,-0.1,0.57,1.97,89.9,2.3,Sample Data
2025-09-09,24.97553366187698,-113.1495230062305,LOC_013,25.19,60.6,0.66,8.1,-0.09,-0.65,0.0,285.3,3.8,Sample Data
2025-09-09,54.431092664653185,-173.9614463464003,LOC_014,11.94,76.3,1.68,269.9,1.68,0.0,0.0,108.0,1.6,Sample Data
2025-09-09,55.56586389260788,-157.8318639206521,LOC_015,0.94,69.7,0.85,110.3,-0.8,0.3,0.0,90.3,3.0,Sample Data
2025-09-09,14.878869473895964,-56.64488015706668,LOC_016,21.82,65.5,0.28,61.9,-0.24,-0.13,0.0,216.0,1.8,Sample Data
2025-09-09,82.42240248059196,-74.90834474486006,LOC_017,-2.13,75.8,0.04,233.8,0.03,0.02,0.0,73.4,1.9,Sample Data
2025-09-09,32.8460326880028,-167.3026251791701,LOC_018,25.98,70.5,3.41,335.4,1.42,-3.1,0.0,176.1,3.2,Sample Data
2025-09-09,61.31747698841177,-122.78017581385183,LOC_019,3.91,73.5,0.89,79.4,-0.87,-0.16,3.92,253.0,3.2,Sample Data
2025-09-09,19.15286761335841,-115.62700168553488,LOC_020,27.22,46.4,4.28,112.5,-3.95,1.64,0.0,274.3,3.6,Sample Data
2025-09-09,12.57913908364138,-61.78834772975833,LOC_021,31.62,44.2,4.36,249.0,4.07,1.56,0.0,203.5,2.3,Sample Data
2025-09-09,29.408498620001268,-93.87210303398234,LOC_022,24.16,74.1,2.57,74.5,-2.47,-0.69,0.0,196.8,0.7,Sample Data
2025-09-09,33.378330706705825,-112.39115724688459,LOC_023,22.65,73.3,0.79,145.9,-0.44,0.66,0.44,229.2,2.9,Sample Data
2025-09-09,51.00327095074597,-155.96892078168148,LOC_024,14.09,58.3,6.82,304.6,5.61,-3.87,6.26,105.9,0.2,Sample Data
2025-09-09,82.7188470823419,-79.23273296305511,LOC_025,-8.59,75.9,0.35,89.5,-0.35,-0.0,3.31,58.8,1.5,Sample Data
2025-09-09,80.46242061731418,-63.672444444405656,LOC_026,-10.17,94.5,3.52,340.2,1.19,-3.31,0.0,86.1,0.0,Sample Data
2025-09-09,54.84249841083138,-60.15634944699481,LOC_027,6.27,100.0,0.38,112.3,-0.35,0.15,0.0,163.8,2.4,Sample Data
2025-09-09,16.636937653893963,-154.5222278855111,LOC_028,30.58,67.2,5.01,340.5,1.68,-4.72,3.91,269.2,2.6,Sample Data
2025-09-09,13.392046668290355,-137.70705700077565,LOC_029,30.42,72.9,0.87,314.3,0.62,-0.61,0.11,241.9,4.8,Sample Data
2025-09-09,39.15079672671115,-144.72462586939355,LOC_030,11.56,86.5,0.55,301.1,0.47,-0.29,0.0,241.6,2.2,Sample Data
2025-09-09,72.1553131863947,-133.6220675298334,LOC_031,9.24,76.6,1.85,298.3,1.63,-0.88,0.0,85.1,1.4,Sample Data
2025-09-09,31.07008822655356,-109.4495091894277,LOC_032,19.72,78.3,3.58,130.7,-2.72,2.33,0.0,199.6,2.8,Sample Data
2025-09-09,20.569316873107198,-75.71439250197484,LOC_033,27.27,54.8,0.15,346.1,0.03,-0.14,0.0,175.3,3.0,Sample Data
2025-09-09,15.591298275982812,-51.70469824193276,LOC_034,30.07,45.0,1.5,50.1,-1.15,-0.96,1.57,247.1,3.3,Sample Data
2025-09-09,67.9183576972493,-154.1669614005576,LOC_035,-7.91,67.5,2.21,158.6,-0.8,2.05,0.0,291.2,5.9,Sample Data
2025-09-09,10.41415878427018,-73.99001430087156,LOC_036,26.77,57.0,3.26,214.3,1.84,2.7,0.0,324.3,3.7,Sample Data
2025-09-09,63.01430078857128,-85.22906815467165,LOC_037,3.93,69.6,3.14,150.8,-1.53,2.74,0.0,188.0,1.5,Sample Data
2025-09-09,67.84527600144594,-170.37419527456825,LOC_038,-11.13,91.1,2.72,358.5,0.07,-2.72,0.0,117.9,2.1,Sample Data
2025-09-09,36.884929640820445,-164.93702226173315,LOC_039,7.4,68.0,0.0,329.4,0.0,-0.0,0.0,180.7,2.8,Sample Data
2025-09-09,74.73275694066952,-98.97124351241747,LOC_040,-2.87,84.8,1.69,42.9,-1.15,-1.24,0.0,44.2,0.0,Sample Data
2025-09-09,34.81735186394869,-171.73741446281693,LOC_041,22.76,73.9,0.35,12.8,-0.08,-0.34,0.0,283.5,3.1,Sample Data
2025-09-09,33.32367412867467,-137.7261681365229,LOC_042,12.76,40.3,3.38,183.2,0.19,3.37,0.0,213.2,4.2,Sample Data
2025-09-09,64.7204633753548,-97.11752872382229,LOC_043,0.48,84.1,13.0,271.6,13.0,-0.37,1.55,154.0,1.4,Sample Data
2025-09-09,76.54095569322449,-118.61205972894659,LOC_044,-12.49,82.2,5.13,121.4,-4.37,2.67,0.0,60.4,0.0,Sample Data
2025-09-09,18.96956844537263,-87.27817766101064,LOC_045,14.55,75.4,1.62,135.7,-1.13,1.16,0.0,245.7,4.0,Sample Data
2025-09-09,67.05887864626732,-107.03396431596549,LOC_046,-4.25,78.7,9.2,21.7,-3.4,-8.55,0.71,85.9,0.6,Sample Data
2025-09-09,67.82253849659207,-115.8065724726292,LOC_047,-2.95,86.7,3.02,44.6,-2.12,-2.15,4.8,153.6,1.5,Sample Data
2025-09-09,49.20496220364956,-124.41966761338855,LOC_048,4.26,77.9,9.33,88.9,-9.33,-0.18,0.0,199.1,2.2,Sample Data
2025-09-09,11.90643450580714,-165.97411449087042,LOC_049,26.97,53.5,4.4,336.5,1.75,-4.04,0.0,221.3,1.9,Sample Data
2025-09-09,12.357188926505069,-97.26664653570855,LOC_050,22.45,40.1,1.5,196.0,0.41,1.44,2.35,227.3,1.9,Sample Data
2025-09-09,33.576698580724496,-113.88581014858865,LOC_051,23.33,61.6,4.04,232.4,3.2,2.46,1.58,212.3,1.9,Sample Data
2025-09-09,78.06748554445697,-147.59201021064627,LOC_052,-8.66,85.5,0.96,344.0,0.26,-0.92,0.0,75.0,0.8,Sample Data
2025-09-09,40.77871922767223,-81.77835198940367,LOC_053,10.51,53.8,8.86,50.8,-6.87,-5.59,0.0,273.4,2.9,Sample Data
2025-09-09,27.159862411871686,-169.99261172225692,LOC_054,25.29,37.6,0.64,52.6,-0.51,-0.39,0.0,294.1,4.2,Sample Data
2025-09-09,31.731358968532604,-159.04123265697942,LOC_055,16.01,59.3,1.13,228.8,0.85,0.74,0.0,241.8,1.9,Sample Data
2025-09-09,79.72732392569299,-74.9443506566258,LOC_056,-9.19,100.0,0.43,70.8,-0.4,-0.14,0.71,147.5,3.5,Sample Data
2025-09-09,57.50528173828176,-66.7101232755967,LOC_057,-0.79,100.0,5.21,73.5,-5.0,-1.48,0.0,136.1,2.2,Sample Data
2025-09-09,70.27540576743358,-155.74589234481533,LOC_058,4.23,60.0,0.08,248.4,0.07,0.03,0.11,51.3,1.2,Sample Data
2025-09-09,76.94192488674834,-109.88550855096541,LOC_059,-9.2,84.4,0.48,107.3,-0.46,0.14,4.83,97.8,1.0,Sample Data
2025-09-09,70.55801163730469,-63.508131009945885,LOC_060,-4.25,72.5,7.81,58.2,-6.64,-4.12,0.0,153.3,1.1,Sample Data
2025-09-09,33.85026062288979,-165.693249811402,LOC_061,20.98,65.0,2.42,192.4,0.52,2.37,0.36,210.5,3.2,Sample Data
2025-09-09,27.095137190645627,-124.47598747858669,LOC_062,25.97,49.4,1.24,342.7,0.37,-1.19,0.0,282.6,3.8,Sample Data
2025-09-09,71.351107444187,-68.10502417667536,LOC_063,-10.45,85.4,4.09,330.9,1.99,-3.57,0.0,132.3,1.6,Sample Data
2025-09-09,10.521409789839304,-113.60285066491646,LOC_064,24.75,16.7,1.3,327.4,0.7,-1.1,0.0,288.9,4.2,Sample Data
2025-09-09,41.30582523615843,-151.12598463880508,LOC_065,8.23,44.8,5.66,130.8,-4.29,3.7,0.0,214.4,3.3,Sample Data
2025-09-09,18.98990255002621,-136.11002771752837,LOC_066,27.32,67.5,5.59,142.2,-3.43,4.42,1.03,218.8,4.7,Sample Data
2025-09-09,80.71822779343894,-137.98361883730183,LOC_067,-11.18,100.0,3.02,67.1,-2.78,-1.18,0.0,14.0,0.4,Sample Data
2025-09-09,48.90929663075246,-88.60753534362688,LOC_068,13.48,56.5,1.98,77.8,-1.93,-0.42,0.0,142.9,0.0,Sample Data
2025-09-09,37.27222017844705,-53.66832924627511,LOC_069,14.55,82.6,3.69,90.8,-3.69,0.05,0.0,202.5,2.2,Sample Data
2025-09-09,82.18354712065835,-147.26830154270266,LOC_070,-3.4,89.7,2.4,55.1,-1.97,-1.37,0.0,155.5,2.6,Sample Data
2025-09-09,47.29363794192891,-140.88581972381994,LOC_071,-0.06,93.0,3.14,24.6,-1.31,-2.85,0.0,173.9,1.4,Sample Data
2025-09-09,31.36303707831007,-175.20469684391074,LOC_072,19.1,83.2,1.5,170.4,-0.25,1.48,0.0,270.3,3.0,Sample Data
2025-09-09,55.71732504849226,-114.651726980248,LOC_073,5.51,73.4,5.64,65.5,-5.13,-2.34,0.0,193.5,1.6,Sample Data
2025-09-09,13.860906343749201,-143.77595964924052,LOC_074,36.88,59.1,0.66,76.2,-0.64,-0.16,0.78,307.6,4.0,Sample Data
2025-09-09,78.11994144749903,-148.8569542132936,LOC_075,-9.83,100.0,9.18,258.9,9.01,1.76,0.0,9.5,0.3,Sample Data
2025-09-09,20.867115406841734,-116.3711411639168,LOC_076,20.62,52.9,2.28,203.2,0.9,2.1,0.0,224.4,1.7,Sample Data
2025-09-09,83.92378405829506,-148.53281470350495,LOC_077,-7.34,87.2,3.9,332.1,1.82,-3.45,0.0,9.6,0.5,Sample Data
2025-09-09,60.41016605544089,-80.98945000726671,LOC_078,8.26,96.0,2.77,176.3,-0.18,2.76,0.0,165.5,0.0,Sample Data
2025-09-09,27.822815799429975,-85.33187468045826,LOC_079,21.74,54.4,0.62,30.6,-0.31,-0.53,0.0,195.9,4.4,Sample Data
2025-09-09,37.58373495394399,-97.80024202283467,LOC_080,16.31,41.4,1.28,335.8,0.52,-1.17,0.0,111.7,1.4,Sample Data
2025-09-09,57.5147283070671,-110.3492910702814,LOC_081,-6.26,80.2,7.6,4.3,-0.57,-7.58,0.0,157.0,3.7,Sample Data
2025-09-09,16.771732754080624,-71.41067557339906,LOC_082,36.45,56.5,0.81,174.1,-0.08,0.81,0.0,224.6,3.4,Sample Data
2025-09-09,34.05850487288019,-155.75259364801894,LOC_083,15.97,46.1,4.39,22.3,-1.67,-4.06,0.0,281.2,3.3,Sample Data
2025-09-09,13.058135616607293,-103.18391738552856,LOC_084,23.75,37.3,0.12,161.7,-0.04,0.12,0.0,159.8,2.8,Sample Data
2025-09-09,60.81732713817118,-177.8435822393787,LOC_085,-0.92,76.0,1.37,35.8,-0.8,-1.11,0.0,166.1,3.1,Sample Data
2025-09-09,48.406979372446074,-150.55554922426808,LOC_086,3.36,92.2,2.99,164.0,-0.82,2.87,0.0,148.0,2.8,Sample Data
2025-09-09,58.38795928070874,-157.33236422935113,LOC_087,6.28,71.7,0.17,174.8,-0.02,0.17,0.0,206.0,4.8,Sample Data
2025-09-09,61.820330357684945,-129.72440498093013,LOC_088,-1.88,63.0,5.73,201.3,2.08,5.34,0.0,143.7,2.2,Sample Data
2025-09-09,80.25474915525508,-162.12227726102088,LOC_089,-10.93,91.5,3.45,335.7,1.42,-3.14,0.0,97.5,0.2,Sample Data
2025-09-09,35.57997632876939,-165.2484422387234,LOC_090,12.59,91.3,6.36,233.5,5.11,3.78,0.0,171.7,2.5,Sample Data
2025-09-09,79.3520213708922,-65.94588406047247,LOC_091,-11.75,79.9,7.18,273.7,7.17,-0.47,0.0,43.9,0.0,Sample Data
2025-09-09,29.34562207863667,-94.20207401555672,LOC_092,17.4,90.4,0.77,222.0,0.51,0.57,0.79,172.6,2.1,Sample Data
2025-09-09,71.29166501509118,-107.8238944920699,LOC_093,-4.21,77.9,4.4,153.2,-1.98,3.92,0.0,183.2,2.1,Sample Data
2025-09-09,49.723793376700485,-148.55920218294128,LOC_094,12.32,71.3,1.47,298.6,1.29,-0.71,5.48,129.9,3.0,Sample Data
2025-09-09,16.98270758544244,-63.361951466067524,LOC_095,23.83,64.3,1.21,252.3,1.15,0.37,0.0,281.2,4.3,Sample Data
2025-09-09,77.53135428724978,-97.69681055447516,LOC_096,-6.69,76.0,1.0,109.6,-0.94,0.33,0.0,163.6,2.9,Sample Data
2025-09-09,35.42723432865255,-134.6027553003541,LOC_097,14.86,71.8,4.86,156.4,-1.94,4.45,0.0,185.7,1.2,Sample Data
2025-09-09,64.44667591526795,-63.37566620616498,LOC_098,-2.28,100.0,2.81,160.0,-0.96,2.64,0.0,128.4,0.0,Sample Data
2025-09-09,76.5314818198838,-78.6161790385089,LOC_099,-7.65,70.5,1.53,20.7,-0.54,-1.43,0.0,183.8,3.3,Sample Data
2025-09-10,38.090508913552185,-56.4071401667109,LOC_000,22.07,52.1,1.59,181.7,0.05,1.59,2.35,195.5,2.5,Sample Data
2025-09-10,64.89954563585539,-102.17439705438524,LOC_001,0.95,78.6,1.64,180.7,0.02,1.64,0.0,167.2,3.7,Sample Data
2025-09-10,21.70139803318274,-159.72071235629366,LOC_002,23.69,65.7,1.83,171.0,-0.29,1.81,0.0,200.0,2.5,Sample Data
2025-09-10,14.35627091261496,-67.39710104925842,LOC_003,14.46,88.2,6.31,73.4,-6.04,-1.8,0.0,213.9,2.8,Sample Data
2025-09-10,55.08362588074066,-87.95056488651409,LOC_004,5.16,83.1,1.03,169.0,-0.2,1.01,0.0,118.7,0.9,Sample Data
2025-09-10,11.543837072185184,-53.91171921894073,LOC_005,24.9,49.3,4.54,169.8,-0.81,4.47,0.36,271.6,3.2,Sample Data
2025-09-10,72.43319806003163,-152.3959156118241,LOC_006,-10.23,87.3,6.65,165.7,-1.64,6.45,0.0,125.5,1.1,Sample Data
2025-09-10,23.636872540532547,-156.1574137190536,LOC_007,16.58,58.0,0.12,7.9,-0.02,-0.12,0.0,230.8,1.8,Sample Data
2025-09-10,32.81816822196533,-111.78166388780907,LOC_008,9.68,100.0,0.08,282.1,0.08,-0.02,2.87,212.4,3.6,Sample Data
2025-09-10,42.395876398158684,-142.14021177425457,LOC_009,2.89,100.0,1.48,319.5,0.96,-1.12,0.0,254.7,1.6,Sample Data
2025-09-10,55.88896710417846,-161.86579811523455,LOC_010,-10.35,96.8,0.98,345.2,0.25,-0.95,1.73,114.6,0.5,Sample Data
2025-09-10,31.91084864014136,-132.37296037182008,LOC_011,17.23,56.8,0.26,55.6,-0.21,-0.15,0.0,136.9,1.8,Sample Data
2025-09-10,44.205248816277695,-77.92712501890823,LOC_012,7.63,70.0,1.08,348.0,0.23,-1.06,0.0,235.3,1.1,Sample Data
2025-09-10,24.97553366187698,-113.1495230062305,LOC_013,20.37,72.1,0.04,92.7,-0.04,0.0,0.0,288.4,4.5,Sample Data
2025-09-10,54.431092664653185,-173.9614463464003,LOC_014,15.36,100.0,1.56,60.9,-1.36,-0.76,0.0,167.8,3.3,Sample Data
2025-09-10,55.56586389260788,-157.8318639206521,LOC_015,-2.02,89.4,2.35,250.2,2.22,0.8,0.0,229.2,2.3,Sample Data
2025-09-10,14.878869473895964,-56.64488015706668,LOC_016,23.21,44.5,1.28,155.5,-0.53,1.16,0.0,318.5,3.9,Sample Data
2025-09-10,82.42240248059196,-74.90834474486006,LOC_017,-17.79,100.0,4.98,85.8,-4.97,-0.37,1.4,85.4,3.3,Sample Data
2025-09-10,32.8460326880028,-167.3026251791701,LOC_018,18.67,64.2,2.54,310.8,1.92,-1.66,1.68,232.0,3.9,Sample Data
2025-09-10,61.31747698841177,-122.78017581385183,LOC_019,-2.21,100.0,0.29,164.8,-0.08,0.28,0.0,128.5,2.2,Sample Data
2025-09-10,19.15286761335841,-115.62700168553488,LOC_020,19.3,45.9,6.78,348.0,1.41,-6.63,0.0,256.0,1.2,Sample Data
2025-09-10,12.57913908364138,-61.78834772975833,LOC_021,20.74,77.4,4.0,18.6,-1.28,-3.79,0.98,179.9,1.2,Sample Data
2025-09-10,29.408498620001268,-93.87210303398234,LOC_022,7.82,72.2,0.64,111.4,-0.6,0.23,0.0,160.6,0.0,Sample Data
2025-09-10,33.378330706705825,-112.39115724688459,LOC_023,17.39,66.8,0.83,245.3,0.75,0.35,0.0,180.4,2.5,Sample Data
2025-09-10,51.00327095074597,-155.96892078168148,LOC_024,4.84,78.9,2.72,266.2,2.71,0.18,3.69,103.5,1.1,Sample Data
2025-09-10,82.7188470823419,-79.23273296305511,LOC_025,-2.69,59.2,2.36,45.2,-1.68,-1.66,0.55,55.0,0.0,Sample Data
2025-09-10,80.46242061731418,-63.672444444405656,LOC_026,-12.47,100.0,1.37,140.7,-0.87,1.06,0.0,27.2,0.0,Sample Data
2025-09-10,54.84249841083138,-60.15634944699481,LOC_027,12.88,70.2,5.86,304.2,4.85,-3.29,0.0,110.5,2.5,Sample Data
2025-09-10,16.636937653893963,-154.5222278855111,LOC_028,25.09,54.9,0.03,147.3,-0.02,0.02,2.36,206.1,3.6,Sample Data
2025-09-10,13.392046668290355,-137.70705700077565,LOC_029,22.96,75.1,1.77,261.7,1.76,0.26,0.0,301.4,5.4,Sample Data
2025-09-10,39.15079672671115,-144.72462586939355,LOC_030,15.17,91.2,0.96,170.8,-0.15,0.95,0.0,254.3,3.4,Sample Data
2025-09-10,72.1553131863947,-133.6220675298334,LOC_031,6.3,90.3,2.19,18.4,-0.69,-2.08,1.35,65.5,0.3,Sample Data
2025-09-10,31.07008822655356,-109.4495091894277,LOC_032,6.92,75.2,0.9,167.0,-0.2,0.87,5.26,243.9,3.8,Sample Data
2025-09-10,20.569316873107198,-75.71439250197484,LOC_033,23.48,56.4,4.95,276.4,4.92,-0.55,2.07,253.6,4.4,Sample Data
2025-09-10,15.591298275982812,-51.70469824193276,LOC_034,21.85,94.0,2.26,12.4,-0.48,-2.2,0.0,239.0,2.2,Sample Data
2025-09-10,67.9183576972493,-154.1669614005576,LOC_035,0.65,52.4,0.43,249.0,0.4,0.15,0.0,7.9,2.1,Sample Data
2025-09-10,10.41415878427018,-73.99001430087156,LOC_036,28.9,45.2,6.07,298.1,5.36,-2.87,0.0,229.0,2.2,Sample Data
2025-09-10,63.01430078857128,-85.22906815467165,LOC_037,4.01,74.6,2.83,300.6,2.43,-1.44,0.0,158.5,1.4,Sample Data
2025-09-10,67.84527600144594,-170.37419527456825,LOC_038,2.91,57.3,1.25,359.2,0.02,-1.25,0.65,180.8,3.2,Sample Data
2025-09-10,36.884929640820445,-164.93702226173315,LOC_039,16.63,82.8,3.13,46.2,-2.26,-2.16,0.0,185.1,2.2,Sample Data
2025-09-10,74.73275694066952,-98.97124351241747,LOC_040,0.68,72.6,3.63,165.4,-0.92,3.51,1.11,142.6,1.7,Sample Data
2025-09-10,34.81735186394869,-171.73741446281693,LOC_041,8.28,89.0,2.24,23.8,-0.9,-2.05,0.0,198.9,0.3,Sample Data
2025-09-10,33.32367412867467,-137.7261681365229,LOC_042,22.82,45.5,3.26,257.5,3.18,0.7,0.76,236.9,2.1,Sample Data
2025-09-10,64.7204633753548,-97.11752872382229,LOC_043,0.79,72.1,6.11,320.7,3.87,-4.73,0.0,96.7,1.1,Sample Data
2025-09-10,76.54095569322449,-118.61205972894659,LOC_044,-0.66,88.5,0.84,151.7,-0.4,0.74,0.0,80.5,1.5,Sample Data
2025-09-10,18.96956844537263,-87.27817766101064,LOC_045,16.36,70.3,0.32,328.0,0.17,-0.27,0.0,231.1,4.1,Sample Data
2025-09-10,67.05887864626732,-107.03396431596549,LOC_046,2.09,48.0,0.29,272.4,0.29,-0.01,0.0,104.6,0.8,Sample Data
2025-09-10,67.82253849659207,-115.8065724726292,LOC_047,4.47,80.9,0.05,17.6,-0.02,-0.05,0.0,99.9,2.2,Sample Data
2025-09-10,49.20496220364956,-124.41966761338855,LOC_048,13.5,43.6,0.96,9.6,-0.16,-0.95,0.0,242.0,4.9,Sample Data
2025-09-10,11.90643450580714,-165.97411449087042,LOC_049,30.9,72.7,0.69,126.9,-0.55,0.42,0.28,290.8,4.1,Sample Data
2025-09-10,12.357188926505069,-97.26664653570855,LOC_050,26.99,64.2,0.61,38.0,-0.38,-0.48,0.0,341.3,5.5,Sample Data
2025-09-10,33.576698580724496,-113.88581014858865,LOC_051,19.38,79.2,5.4,20.2,-1.87,-5.06,0.0,195.9,3.2,Sample Data
2025-09-10,78.06748554445697,-147.59201021064627,LOC_052,-13.37,100.0,9.51,12.0,-1.98,-9.3,0.0,118.3,0.7,Sample Data
2025-09-10,40.77871922767223,-81.77835198940367,LOC_053,9.57,62.5,2.05,329.3,1.04,-1.76,0.31,203.8,4.2,Sample Data
2025-09-10,27.159862411871686,-169.99261172225692,LOC_054,12.87,79.8,0.51,246.0,0.47,0.21,0.0,190.1,3.5,Sample Data
2025-09-10,31.731358968532604,-159.04123265697942,LOC_055,5.92,57.4,12.42,105.2,-11.99,3.26,0.88,143.3,2.2,Sample Data
2025-09-10,79.72732392569299,-74.9443506566258,LOC_056,-8.3,92.3,6.78,37.3,-4.11,-5.4,0.0,84.1,1.5,Sample Data
2025-09-10,57.50528173828176,-66.7101232755967,LOC_057,4.63,82.0,1.08,67.8,-1.0,-0.41,0.2,227.0,2.5,Sample Data
2025-09-10,70.27540576743358,-155.74589234481533,LOC_058,-8.22,94.7,0.31,60.1,-0.27,-0.15,0.0,94.4,2.3,Sample Data
2025-09-10,76.94192488674834,-109.88550855096541,LOC_059,-3.36,100.0,3.39,245.8,3.09,1.39,0.0,144.8,1.7,Sample Data
2025-09-10,70.55801163730469,-63.508131009945885,LOC_060,3.44,81.1,14.35,58.9,-12.29,-7.41,0.0,154.9,1.3,Sample Data
2025-09-10,33.85026062288979,-165.693249811402,LOC_061,16.79,62.0,7.23,137.8,-4.85,5.36,0.0,132.3,0.0,Sample Data
2025-09-10,27.095137190645627,-124.47598747858669,LOC_062,24.43,48.9,8.25,338.7,3.0,-7.69,4.15,186.2,3.2,Sample Data
2025-09-10,71.351107444187,-68.10502417667536,LOC_063,-3.68,79.4,7.3,227.9,5.42,4.89,0.0,158.8,1.0,Sample Data
2025-09-10,10.521409789839304,-113.60285066491646,LOC_064,26.98,53.9,2.96,52.6,-2.35,-1.8,0.0,284.2,2.3,Sample Data
2025-09-10,41.30582523615843,-151.12598463880508,LOC_065,20.12,39.8,0.34,6.1,-0.04,-0.34,0.0,242.0,2.5,Sample Data
2025-09-10,18.98990255002621,-136.11002771752837,LOC_066,27.4,39.6,10.1,329.7,5.09,-8.72,0.0,221.9,3.1,Sample Data
2025-09-10,80.71822779343894,-137.98361883730183,LOC_067,-10.26,75.5,0.32,97.8,-0.31,0.04,0.0,45.7,0.3,Sample Data
2025-09-10,48.90929663075246,-88.60753534362688,LOC_068,2.29,100.0,0.55,355.0,0.05,-0.54,0.0,166.4,1.9,Sample Data
2025-09-10,37.27222017844705,-53.66832924627511,LOC_069,17.62,68.0,2.06,303.5,1.72,-1.14,0.0,262.5,4.2,Sample Data
2025-09-10,82.18354712065835,-147.26830154270266,LOC_070,-10.76,72.4,3.04,25.5,-1.31,-2.75,0.0,85.2,1.1,Sample Data
2025-09-10,47.29363794192891,-140.88581972381994,LOC_071,15.71,65.8,1.7,286.7,1.63,-0.49,0.0,176.8,3.1,Sample Data
2025-09-10,31.36303707831007,-175.20469684391074,LOC_072,25.13,79.6,1.62,52.0,-1.28,-1.0,0.03,205.9,3.1,Sample Data
2025-09-10,55.71732504849226,-114.651726980248,LOC_073,8.21,60.9,1.16,182.2,0.04,1.16,6.43,236.5,2.4,Sample Data
2025-09-10,13.860906343749201,-143.77595964924052,LOC_074,25.98,54.6,1.82,186.5,0.21,1.81,1.1,224.1,4.5,Sample Data
2025-09-10,78.11994144749903,-148.8569542132936,LOC_075,-10.86,100.0,5.03,211.8,2.65,4.28,0.54,146.9,2.3,Sample Data
2025-09-10,20.867115406841734,-116.3711411639168,LOC_076,14.47,60.3,6.05,240.9,5.29,2.94,0.0,167.1,2.0,Sample Data
2025-09-10,83.92378405829506,-148.53281470350495,LOC_077,-16.65,100.0,16.31,172.9,-2.03,16.18,0.0,112.6,1.5,Sample Data
2025-09-10,60.41016605544089,-80.98945000726671,LOC_078,1.3,99.8,3.8,211.0,1.96,3.26,0.0,142.3,0.4,Sample Data
2025-09-10,27.822815799429975,-85.33187468045826,LOC_079,20.13,61.3,1.23,342.8,0.36,-1.17,0.0,264.5,5.5,Sample Data
2025-09-10,37.58373495394399,-97.80024202283467,LOC_080,12.26,56.1,0.31,224.3,0.22,0.22,0.0,176.1,2.9,Sample Data
2025-09-10,57.5147283070671,-110.3492910702814,LOC_081,2.26,60.8,7.83,255.8,7.59,1.93,0.0,116.3,1.5,Sample Data
2025-09-10,16.771732754080624,-71.41067557339906,LOC_082,27.51,33.5,0.35,347.7,0.07,-0.34,2.09,285.2,2.6,Sample Data
2025-09-10,34.05850487288019,-155.75259364801894,LOC_083,19.07,81.3,2.86,321.3,1.79,-2.23,0.8,291.5,2.9,Sample Data
2025-09-10,13.058135616607293,-103.18391738552856,LOC_084,20.92,73.2,0.82,101.3,-0.8,0.16,0.0,183.9,1.1,Sample Data
2025-09-10,60.81732713817118,-177.8435822393787,LOC_085,0.75,83.5,0.52,284.4,0.51,-0.13,0.0,155.4,1.5,Sample Data
2025-09-10,48.406979372446074,-150.55554922426808,LOC_086,3.47,55.5,4.41,291.9,4.09,-1.65,0.0,178.6,2.8,Sample Data
2025-09-10,58.38795928070874,-157.33236422935113,LOC_087,2.98,100.0,6.83,326.8,3.74,-5.72,5.51,181.0,2.8,Sample Data
2025-09-10,61.820330357684945,-129.72440498093013,LOC_088,4.55,68.0,5.69,104.1,-5.52,1.39,0.0,265.4,4.5,Sample Data
2025-09-10,80.25474915525508,-162.12227726102088,LOC_089,-3.88,84.8,3.29,296.2,2.95,-1.45,1.56,80.7,0.0,Sample Data
2025-09-10,35.57997632876939,-165.2484422387234,LOC_090,15.9,60.0,2.1,275.5,2.09,-0.2,0.0,235.3,2.0,Sample Data
2025-09-10,79.3520213708922,-65.94588406047247,LOC_091,-6.37,83.3,2.85,56.6,-2.38,-1.57,0.0,48.3,0.6,Sample Data
2025-09-10,29.34562207863667,-94.20207401555672,LOC_092,11.14,81.6,4.88,294.4,4.45,-2.02,0.0,71.7,1.0,Sample Data
2025-09-10,71.29166501509118,-107.8238944920699,LOC_093,-5.78,90.4,2.38,196.6,0.68,2.28,1.08,144.6,1.4,Sample Data
2025-09-10,49.723793376700485,-148.55920218294128,LOC_094,9.73,62.3,0.32,224.3,0.22,0.23,0.0,147.9,2.6,Sample Data
2025-09-10,16.98270758544244,-63.361951466067524,LOC_095,17.79,75.8,3.75,314.5,2.67,-2.63,4.03,194.1,2.7,Sample Data
2025-09-10,77.53135428724978,-97.69681055447516,LOC_096,-12.05,85.8,3.62,273.2,3.61,-0.2,1.41,126.5,1.6,Sample Data
2025-09-10,35.42723432865255,-134.6027553003541,LOC_097,3.32,89.1,5.66,177.5,-0.25,5.65,0.0,275.7,3.4,Sample Data
2025-09-10,64.44667591526795,-63.37566620616498,LOC_098,-1.29,98.5,1.22,177.1,-0.06,1.21,0.0,174.3,1.5,Sample Data
2025-09-10,76.5314818198838,-78.6161790385089,LOC_099,-16.08,90.3,0.34,86.0,-0.34,-0.02,0.0,53.4,0.1,Sample Data
2025-09-11,38.090508913552185,-56.4071401667109,LOC_000,3.87,71.1,0.11,116.3,-0.1,0.05,0.0,102.9,2.0,Sample Data
2025-09-11,64.89954563585539,-102.17439705438524,LOC_001,2.46,77.2,1.42,93.0,-1.42,0.07,1.22,96.6,1.9,Sample Data
2025-09-11,21.70139803318274,-159.72071235629366,LOC_002,28.66,50.8,1.24,202.9,0.48,1.14,2.71,248.9,2.9,Sample Data
2025-09-11,14.35627091261496,-67.39710104925842,LOC_003,31.8,41.4,1.15,326.1,0.64,-0.96,0.39,199.1,2.5,Sample Data
2025-09-11,55.08362588074066,-87.95056488651409,LOC_004,4.52,80.0,7.7,196.1,2.14,7.4,2.42,206.3,1.4,Sample Data
2025-09-11,11.543837072185184,-53.91171921894073,LOC_005,29.55,65.7,2.14,108.0,-2.03,0.66,0.67,311.1,3.2,Sample Data
2025-09-11,72.43319806003163,-152.3959156118241,LOC_006,-7.87,87.4,0.05,36.8,-0.03,-0.04,0.0,118.6,2.1,Sample Data
2025-09-11,23.636872540532547,-156.1574137190536,LOC_007,19.78,85.2,1.35,39.0,-0.85,-1.05,0.0,202.9,3.0,Sample Data
2025-09-11,32.81816822196533,-111.78166388780907,LOC_008,2.85,100.0,2.94,340.6,0.98,-2.78,0.0,184.1,2.4,Sample Data
2025-09-11,42.395876398158684,-142.14021177425457,LOC_009,7.79,80.0,5.43,55.7,-4.48,-3.06,0.57,127.5,0.9,Sample Data
2025-09-11,55.88896710417846,-161.86579811523455,LOC_010,-8.43,82.1,12.93,20.1,-4.45,-12.14,0.11,133.9,1.8,Sample Data
2025-09-11,31.91084864014136,-132.37296037182008,LOC_011,16.65,85.5,2.25,202.2,0.85,2.08,0.44,261.1,1.6,Sample Data
2025-09-11,44.205248816277695,-77.92712501890823,LOC_012,8.7,69.5,10.53,7.9,-1.45,-10.43,0.0,157.4,2.9,Sample Data
2025-09-11,24.97553366187698,-113.1495230062305,LOC_013,24.86,80.7,4.58,337.5,1.75,-4.23,0.0,205.7,1.9,Sample Data
2025-09-11,54.431092664653185,-173.9614463464003,LOC_014,3.04,85.1,0.23,253.2,0.22,0.07,0.0,176.1,2.8,Sample Data
2025-09-11,55.56586389260788,-157.8318639206521,LOC_015,0.49,61.3,1.54,18.4,-0.49,-1.46,0.0,148.8,0.9,Sample Data
2025-09-11,14.878869473895964,-56.64488015706668,LOC_016,30.98,45.3,4.88,55.2,-4.01,-2.78,0.0,189.6,2.0,Sample Data
2025-09-11,82.42240248059196,-74.90834474486006,LOC_017,-5.61,98.4,0.63,132.0,-0.47,0.42,1.98,49.7,1.9,Sample Data
2025-09-11,32.8460326880028,-167.3026251791701,LOC_018,20.09,66.3,2.42,62.8,-2.16,-1.11,0.0,237.0,4.0,Sample Data
2025-09-11,61.31747698841177,-122.78017581385183,LOC_019,6.17,80.6,6.73,331.1,3.25,-5.9,1.57,187.8,3.2,Sample Data
2025-09-11,19.15286761335841,-115.62700168553488,LOC_020,17.11,71.8,4.79,259.2,4.71,0.89,1.25,211.5,1.6,Sample Data
2025-09-11,12.57913908364138,-61.78834772975833,LOC_021,25.83,55.6,2.39,223.0,1.63,1.75,0.0,219.8,3.3,Sample Data
2025-09-11,29.408498620001268,-93.87210303398234,LOC_022,17.69,84.3,11.96,35.1,-6.87,-9.79,2.03,251.4,2.9,Sample Data
2025-09-11,33.378330706705825,-112.39115724688459,LOC_023,16.1,56.2,2.68,235.0,2.2,1.54,0.91,195.6,2.9,Sample Data
2025-09-11,51.00327095074597,-155.96892078168148,LOC_024,8.08,92.3,4.31,256.9,4.2,0.98,1.68,164.4,3.1,Sample Data
2025-09-11,82.7188470823419,-79.23273296305511,LOC_025,-9.24,94.9,0.46,140.2,-0.3,0.36,0.0,114.7,1.0,Sample Data
2025-09-11,80.46242061731418,-63.672444444405656,LOC_026,-9.49,100.0,0.26,260.8,0.26,0.04,3.06,46.0,0.0,Sample Data
2025-09-11,54.84249841083138,-60.15634944699481,LOC_027,2.19,97.9,1.76,135.4,-1.23,1.25,0.0,232.5,3.0,Sample Data
2025-09-11,16.636937653893963,-154.5222278855111,LOC_028,26.01,25.9,3.33,97.0,-3.31,0.41,5.42,267.5,5.0,Sample Data
2025-09-11,13.392046668290355,-137.70705700077565,LOC_029,24.58,61.4,2.89,183.4,0.17,2.88,0.0,208.7,2.4,Sample Data
2025-09-11,39.15079672671115,-144.72462586939355,LOC_030,8.42,37.2,0.16,13.5,-0.04,-0.16,0.0,238.7,6.1,Sample Data
2025-09-11,72.1553131863947,-133.6220675298334,LOC_031,0.34,67.0,0.55,68.4,-0.51,-0.2,0.0,61.1,0.0,Sample Data
2025-09-11,31.07008822655356,-109.4495091894277,LOC_032,23.56,80.5,5.22,150.4,-2.58,4.54,0.64,222.0,3.1,Sample Data
2025-09-11,20.569316873107198,-75.71439250197484,LOC_033,19.32,64.9,2.53,331.5,1.21,-2.22,0.0,129.7,3.7,Sample Data
2025-09-11,15.591298275982812,-51.70469824193276,LOC_034,25.36,65.7,0.2,167.7,-0.04,0.2,1.27,354.1,3.2,Sample Data
2025-09-11,67.9183576972493,-154.1669614005576,LOC_035,-6.74,78.8,2.1,298.9,1.84,-1.01,0.0,149.4,1.7,Sample Data
2025-09-11,10.41415878427018,-73.99001430087156,LOC_036,28.33,70.9,2.27,10.0,-0.39,-2.23,1.23,290.1,5.7,Sample Data
2025-09-11,63.01430078857128,-85.22906815467165,LOC_037,-3.5,97.2,2.5,31.7,-1.31,-2.12,0.0,180.8,3.3,Sample Data
2025-09-11,67.84527600144594,-170.37419527456825,LOC_038,-11.92,89.2,1.74,308.5,1.36,-1.08,0.0,113.1,1.7,Sample Data
2025-09-11,36.884929640820445,-164.93702226173315,LOC_039,12.31,81.3,1.13,184.4,0.09,1.13,0.0,201.0,2.1,Sample Data
2025-09-11,74.73275694066952,-98.97124351241747,LOC_040,-6.51,100.0,0.67,152.9,-0.3,0.59,0.0,108.8,1.6,Sample Data
2025-09-11,34.81735186394869,-171.73741446281693,LOC_041,16.5,66.8,1.88,21.0,-0.67,-1.75,1.15,173.5,3.1,Sample Data
2025-09-11,33.32367412867467,-137.7261681365229,LOC_042,23.66,70.8,8.5,317.4,5.76,-6.26,0.0,231.7,4.4,Sample Data
2025-09-11,64.7204633753548,-97.11752872382229,LOC_043,-4.95,86.0,0.4,190.6,0.07,0.4,0.04,181.9,4.6,Sample Data
2025-09-11,76.54095569322449,-118.61205972894659,LOC_044,-5.98,92.4,0.2,198.6,0.06,0.19,0.0,127.0,1.3,Sample Data
2025-09-11,18.96956844537263,-87.27817766101064,LOC_045,25.15,41.7,1.56,14.8,-0.4,-1.51,0.0,281.3,2.4,Sample Data
2025-09-11,67.05887864626732,-107.03396431596549,LOC_046,-4.99,85.0,8.16,275.9,8.11,-0.84,0.0,150.9,2.9,Sample Data
2025-09-11,67.82253849659207,-115.8065724726292,LOC_047,-1.37,93.2,0.37,190.1,0.07,0.37,1.8,241.2,2.7,Sample Data
2025-09-11,49.20496220364956,-124.41966761338855,LOC_048,11.0,71.0,1.45,152.8,-0.66,1.29,0.0,99.8,2.1,Sample Data
2025-09-11,11.90643450580714,-165.97411449087042,LOC_049,19.52,57.8,10.15,47.0,-7.42,-6.92,0.0,210.8,3.2,Sample Data
2025-09-11,12.357188926505069,-97.26664653570855,LOC_050,25.95,46.8,0.03,30.5,-0.02,-0.03,0.0,250.5,3.2,Sample Data
2025-09-11,33.576698580724496,-113.88581014858865,LOC_051,17.77,78.4,0.16,281.8,0.16,-0.03,0.0,216.6,4.1,Sample Data
2025-09-11,78.06748554445697,-147.59201021064627,LOC_052,-3.74,76.2,3.9,353.1,0.47,-3.87,0.51,122.1,0.9,Sample Data
2025-09-11,40.77871922767223,-81.77835198940367,LOC_053,9.86,88.0,5.53,199.7,1.86,5.21,0.0,193.3,2.2,Sample Data
2025-09-11,27.159862411871686,-169.99261172225692,LOC_054,22.53,66.9,1.85,218.5,1.15,1.45,3.27,182.3,2.3,Sample Data
2025-09-11,31.731358968532604,-159.04123265697942,LOC_055,17.2,100.0,0.47,159.1,-0.17,0.44,0.0,345.5,5.0,Sample Data
2025-09-11,79.72732392569299,-74.9443506566258,LOC_056,-11.89,100.0,0.16,271.8,0.16,-0.01,0.0,46.5,0.0,Sample Data
2025-09-11,57.50528173828176,-66.7101232755967,LOC_057,5.18,56.8,0.5,128.2,-0.4,0.31,0.0,52.9,1.8,Sample Data
2025-09-11,70.27540576743358,-155.74589234481533,LOC_058,5.01,46.1,0.02,28.3,-0.01,-0.02,0.0,127.3,1.1,Sample Data
2025-09-11,76.94192488674834,-109.88550855096541,LOC_059,-7.1,91.2,1.39,204.8,0.58,1.26,0.0,107.0,0.7,Sample Data
2025-09-11,70.55801163730469,-63.508131009945885,LOC_060,-6.91,48.7,0.15,68.8,-0.14,-0.05,0.0,23.1,0.0,Sample Data
2025-09-11,33.85026062288979,-165.693249811402,LOC_061,20.6,58.5,4.15,98.0,-4.11,0.58,0.58,221.5,3.5,Sample Data
2025-09-11,27.095137190645627,-124.47598747858669,LOC_062,30.74,67.8,1.37,290.6,1.28,-0.48,0.0,262.0,3.3,Sample Data
2025-09-11,71.351107444187,-68.10502417667536,LOC_063,0.5,73.7,4.33,89.2,-4.33,-0.06,0.21,70.6,1.5,Sample Data
2025-09-11,10.521409789839304,-113.60285066491646,LOC_064,27.27,23.2,3.88,40.8,-2.53,-2.94,0.0,391.0,3.8,Sample Data
2025-09-11,41.30582523615843,-151.12598463880508,LOC_065,9.58,78.6,4.95,249.4,4.63,1.74,0.0,161.5,3.7,Sample Data
2025-09-11,18.98990255002621,-136.11002771752837,LOC_066,24.88,47.1,2.23,230.2,1.71,1.43,0.0,245.8,3.9,Sample Data
2025-09-11,80.71822779343894,-137.98361883730183,LOC_067,-8.49,74.2,4.24,285.9,4.07,-1.16,0.0,66.4,1.3,Sample Data
2025-09-11,48.90929663075246,-88.60753534362688,LOC_068,12.31,67.2,6.8,246.9,6.25,2.67,0.0,131.4,1.1,Sample Data
2025-09-11,37.27222017844705,-53.66832924627511,LOC_069,11.41,48.6,0.87,115.4,-0.78,0.37,0.7,125.8,3.6,Sample Data
2025-09-11,82.18354712065835,-147.26830154270266,LOC_070,-2.45,70.3,6.72,272.4,6.71,-0.29,0.0,43.5,1.0,Sample Data
2025-09-11,47.29363794192891,-140.88581972381994,LOC_071,6.92,61.4,4.95,88.7,-4.94,-0.11,0.28,201.9,3.5,Sample Data
2025-09-11,31.36303707831007,-175.20469684391074,LOC_072,18.5,41.0,2.25,236.0,1.86,1.26,4.0,274.3,2.3,Sample Data
2025-09-11,55.71732504849226,-114.651726980248,LOC_073,7.57,42.8,0.23,284.4,0.22,-0.06,2.26,174.9,3.5,Sample Data
2025-09-11,13.860906343749201,-143.77595964924052,LOC_074,29.56,74.7,1.32,291.2,1.23,-0.48,1.69,207.5,4.0,Sample Data
2025-09-11,78.11994144749903,-148.8569542132936,LOC_075,-8.61,58.9,5.11,334.8,2.18,-4.62,0.0,125.1,1.8,Sample Data
2025-09-11,20.867115406841734,-116.3711411639168,LOC_076,20.9,58.6,3.7,296.5,3.31,-1.65,0.0,193.5,2.2,Sample Data
2025-09-11,83.92378405829506,-148.53281470350495,LOC_077,-17.09,88.5,1.03,278.0,1.02,-0.14,3.52,165.8,0.6,Sample Data
2025-09-11,60.41016605544089,-80.98945000726671,LOC_078,0.87,69.5,0.28,346.2,0.07,-0.27,0.0,71.8,0.7,Sample Data
2025-09-11,27.822815799429975,-85.33187468045826,LOC_079,17.5,74.1,0.53,202.7,0.2,0.49,0.0,233.4,2.0,Sample Data
2025-09-11,37.58373495394399,-97.80024202283467,LOC_080,13.23,86.4,15.64,244.5,14.12,6.73,9.88,126.0,0.9,Sample Data
2025-09-11,57.5147283070671,-110.3492910702814,LOC_081,-5.46,92.4,0.27,0.5,-0.0,-0.27,0.0,168.7,3.3,Sample Data
2025-09-11,16.771732754080624,-71.41067557339906,LOC_082,20.13,56.4,0.54,102.7,-0.52,0.12,0.0,260.9,3.0,Sample Data
2025-09-11,34.05850487288019,-155.75259364801894,LOC_083,11.63,65.7,6.12,229.0,4.62,4.02,1.12,263.6,2.4,Sample Data
2025-09-11,13.058135616607293,-103.18391738552856,LOC_084,27.15,57.9,0.17,127.8,-0.13,0.1,0.0,142.5,1.8,Sample Data
2025-09-11,60.81732713817118,-177.8435822393787,LOC_085,5.04,81.6,8.38,289.8,7.88,-2.84,0.0,209.8,2.8,Sample Data
2025-09-11,48.406979372446074,-150.55554922426808,LOC_086,4.03,52.7,1.14,168.3,-0.23,1.12,6.52,149.6,1.6,Sample Data
2025-09-11,58.38795928070874,-157.33236422935113,LOC_087,-0.27,80.8,0.35,79.0,-0.34,-0.07,0.0,221.5,2.5,Sample Data
2025-09-11,61.820330357684945,-129.72440498093013,LOC_088,-0.98,100.0,1.22,113.9,-1.11,0.49,0.0,137.5,3.2,Sample Data
2025-09-11,80.25474915525508,-162.12227726102088,LOC_089,-9.56,80.1,8.09,309.4,6.25,-5.14,0.0,211.6,0.4,Sample Data
2025-09-11,35.57997632876939,-165.2484422387234,LOC_090,17.63,57.5,0.66,76.9,-0.64,-0.15,0.0,244.9,2.9,Sample Data
2025-09-11,79.3520213708922,-65.94588406047247,LOC_091,-7.17,72.5,7.52,325.5,4.26,-6.2,0.91,32.2,0.8,Sample Data
2025-09-11,29.34562207863667,-94.20207401555672,LOC_092,15.93,47.8,1.79,215.6,1.04,1.45,0.51,276.8,2.0,Sample Data
2025-09-11,71.29166501509118,-107.8238944920699,LOC_093,-0.98,77.0,3.01,25.9,-1.32,-2.71,0.0,18.4,0.5,Sample Data
2025-09-11,49.723793376700485,-148.55920218294128,LOC_094,1.58,72.8,2.59,344.9,0.68,-2.5,0.0,188.0,1.6,Sample Data
2025-09-11,16.98270758544244,-63.361951466067524,LOC_095,28.43,51.1,1.71,69.4,-1.6,-0.6,2.93,282.8,2.8,Sample Data
2025-09-11,77.53135428724978,-97.69681055447516,LOC_096,-9.56,72.0,1.88,339.6,0.66,-1.76,0.0,63.8,0.0,Sample Data
2025-09-11,35.42723432865255,-134.6027553003541,LOC_097,14.83,50.3,1.85,324.3,1.08,-1.5,0.0,202.4,0.1,Sample Data
2025-09-11,64.44667591526795,-63.37566620616498,LOC_098,-7.13,79.4,0.67,13.6,-0.16,-0.65,0.0,169.3,1.5,Sample Data
2025-09-11,76.5314818198838,-78.6161790385089,LOC_099,-6.17,100.0,1.61,352.0,0.22,-1.6,0.49,53.1,0.1,Sample Data
2025-09-12,38.090508913552185,-56.4071401667109,LOC_000,16.86,63.2,2.87,148.3,-1.51,2.44,0.0,301.1,4.9,Sample Data
2025-09-12,64.89954563585539,-102.17439705438524,LOC_001,-0.83,73.4,3.14,251.3,2.98,1.01,0.0,99.3,1.0,Sample Data
2025-09-12,21.70139803318274,-159.72071235629366,LOC_002,16.09,64.1,8.85,171.1,-1.37,8.74,2.91,130.3,1.6,Sample Data
2025-09-12,14.35627091261496,-67.39710104925842,LOC_003,26.41,62.6,3.35,16.9,-0.98,-3.21,0.0,209.8,3.0,Sample Data
2025-09-12,55.08362588074066,-87.95056488651409,LOC_004,6.65,70.3,0.06,271.0,0.06,-0.0,0.0,150.4,1.9,Sample Data
2025-09-12,11.543837072185184,-53.91171921894073,LOC_005,23.94,77.3,2.33,243.8,2.1,1.03,0.0,240.6,3.6,Sample Data
2025-09-12,72.43319806003163,-152.3959156118241,LOC_006,-1.45,79.4,3.08,107.3,-2.94,0.92,3.7,177.4,1.0,Sample Data
2025-09-12,23.636872540532547,-156.1574137190536,LOC_007,13.25,67.3,2.76,21.8,-1.03,-2.56,0.0,116.5,3.1,Sample Data
2025-09-12,32.81816822196533,-111.78166388780907,LOC_008,19.23,72.6,4.43,14.0,-1.07,-4.29,1.54,187.3,3.2,Sample Data
2025-09-12,42.395876398158684,-142.14021177425457,LOC_009,5.67,37.5,0.51,11.2,-0.1,-0.5,0.0,152.4,1.1,Sample Data
2025-09-12,55.88896710417846,-161.86579811523455,LOC_010,13.17,82.3,7.28,124.4,-6.0,4.11,0.0,182.5,2.9,Sample Data
2025-09-12,31.91084864014136,-132.37296037182008,LOC_011,9.97,49.5,2.29,0.1,-0.0,-2.29,0.47,250.8,2.5,Sample Data
2025-09-12,44.205248816277695,-77.92712501890823,LOC_012,5.74,66.2,2.11,311.6,1.57,-1.4,0.16,252.1,2.4,Sample Data
2025-09-12,24.97553366187698,-113.1495230062305,LOC_013,26.21,62.2,9.63,285.4,9.28,-2.55,0.0,195.4,2.4,Sample Data
2025-09-12,54.431092664653185,-173.9614463464003,LOC_014,4.76,78.0,0.5,240.0,0.43,0.25,1.76,94.5,3.3,Sample Data
2025-09-12,55.56586389260788,-157.8318639206521,LOC_015,1.79,89.5,1.79,193.6,0.42,1.74,0.0,133.6,3.0,Sample Data
2025-09-12,14.878869473895964,-56.64488015706668,LOC_016,19.82,70.2,8.09,137.9,-5.43,6.01,0.0,288.7,3.6,Sample Data
2025-09-12,82.42240248059196,-74.90834474486006,LOC_017,-5.23,84.9,1.98,176.6,-0.12,1.98,3.25,94.0,0.9,Sample Data
2025-09-12,32.8460326880028,-167.3026251791701,LOC_018,25.79,62.8,4.52,47.2,-3.32,-3.07,0.0,211.3,2.1,Sample Data
2025-09-12,61.31747698841177,-122.78017581385183,LOC_019,-0.26,74.6,1.36,155.7,-0.56,1.24,0.0,141.9,1.0,Sample Data
2025-09-12,19.15286761335841,-115.62700168553488,LOC_020,24.03,41.7,3.04,200.4,1.06,2.85,0.0,290.1,2.9,Sample Data
2025-09-12,12.57913908364138,-61.78834772975833,LOC_021,22.61,20.8,3.13,6.6,-0.36,-3.11,0.0,161.8,3.0,Sample Data
2025-09-12,29.408498620001268,-93.87210303398234,LOC_022,18.54,72.7,0.41,128.4,-0.32,0.25,0.0,237.9,2.7,Sample Data
2025-09-12,33.378330706705825,-112.39115724688459,LOC_023,16.0,74.1,0.91,24.1,-0.37,-0.83,0.56,199.8,3.5,Sample Data
2025-09-12,51.00327095074597,-155.96892078168148,LOC_024,8.72,76.3,1.57,68.9,-1.47,-0.57,0.0,179.7,1.8,Sample Data
2025-09-12,82.7188470823419,-79.23273296305511,LOC_025,-4.95,86.2,0.39,192.3,0.08,0.38,0.0,47.5,0.0,Sample Data
2025-09-12,80.46242061731418,-63.672444444405656,LOC_026,-8.95,82.3,1.18,340.2,0.4,-1.11,1.24,33.6,0.9,Sample Data
2025-09-12,54.84249841083138,-60.15634944699481,LOC_027,13.28,67.9,6.05,225.5,4.31,4.24,0.0,177.8,1.8,Sample Data
2025-09-12,16.636937653893963,-154.5222278855111,LOC_028,24.83,58.5,3.82,271.4,3.82,-0.09,1.17,301.0,4.3,Sample Data
2025-09-12,13.392046668290355,-137.70705700077565,LOC_029,23.83,69.1,5.19,186.6,0.6,5.16,0.0,275.2,1.7,Sample Data
2025-09-12,39.15079672671115,-144.72462586939355,LOC_030,9.51,95.9,2.98,251.8,2.83,0.93,0.0,114.8,1.1,Sample Data
2025-09-12,72.1553131863947,-133.6220675298334,LOC_031,-4.49,59.3,6.54,136.2,-4.52,4.72,0.0,105.2,0.4,Sample Data
2025-09-12,31.07008822655356,-109.4495091894277,LOC_032,16.62,44.5,0.8,147.4,-0.43,0.67,0.0,178.3,3.0,Sample Data
2025-09-12,20.569316873107198,-75.71439250197484,LOC_033,22.66,73.1,1.43,180.7,0.02,1.43,0.0,198.0,5.3,Sample Data
2025-09-12,15.591298275982812,-51.70469824193276,LOC_034,17.73,66.1,5.03,195.0,1.3,4.85,2.91,187.8,2.0,Sample Data
2025-09-12,67.9183576972493,-154.1669614005576,LOC_035,-6.87,86.2,8.15,66.1,-7.45,-3.3,1.04,184.2,1.8,Sample Data
2025-09-12,10.41415878427018,-73.99001430087156,LOC_036,20.58,61.0,0.93,183.3,0.05,0.93,1.89,324.8,4.6,Sample Data
2025-09-12,63.01430078857128,-85.22906815467165,LOC_037,-1.38,69.9,6.76,349.9,1.18,-6.66,0.0,128.4,1.6,Sample Data
2025-09-12,67.84527600144594,-170.37419527456825,LOC_038,-4.75,82.7,2.35,121.9,-2.0,1.24,0.0,170.3,2.4,Sample Data
2025-09-12,36.884929640820445,-164.93702226173315,LOC_039,9.81,100.0,5.13,326.0,2.87,-4.26,1.52,246.5,3.5,Sample Data
2025-09-12,74.73275694066952,-98.97124351241747,LOC_040,-3.27,76.2,5.76,329.2,2.95,-4.95,4.69,127.4,0.0,Sample Data
2025-09-12,34.81735186394869,-171.73741446281693,LOC_041,12.55,95.8,0.89,68.5,-0.83,-0.32,0.0,191.7,0.0,Sample Data
2025-09-12,33.32367412867467,-137.7261681365229,LOC_042,8.62,56.5,9.97,231.0,7.74,6.28,1.12,191.6,3.1,Sample Data
2025-09-12,64.7204633753548,-97.11752872382229,LOC_043,0.83,74.3,2.79,205.3,1.19,2.53,0.3,69.0,1.4,Sample Data
2025-09-12,76.54095569322449,-118.61205972894659,LOC_044,9.3,76.8,1.0,341.4,0.32,-0.95,0.0,74.4,1.1,Sample Data
2025-09-12,18.96956844537263,-87.27817766101064,LOC_045,22.55,47.3,0.53,352.2,0.07,-0.52,1.34,301.5,2.4,Sample Data
2025-09-12,67.05887864626732,-107.03396431596549,LOC_046,-2.39,66.3,0.96,319.6,0.62,-0.73,4.9,98.2,2.1,Sample Data
2025-09-12,67.82253849659207,-115.8065724726292,LOC_047,-1.64,89.1,1.08,130.5,-0.82,0.7,9.08,127.1,1.3,Sample Data
2025-09-12,49.20496220364956,-124.41966761338855,LOC_048,10.65,70.3,0.85,191.6,0.17,0.83,0.0,155.7,2.1,Sample Data
2025-09-12,11.90643450580714,-165.97411449087042,LOC_049,23.3,52.1,4.02,68.1,-3.73,-1.5,0.0,260.9,2.9,Sample Data
2025-09-12,12.357188926505069,-97.26664653570855,LOC_050,26.09,69.6,1.3,84.3,-1.3,-0.13,0.63,260.8,5.4,Sample Data
2025-09-12,33.576698580724496,-113.88581014858865,LOC_051,14.64,77.2,3.55,176.2,-0.24,3.54,0.0,193.6,0.7,Sample Data
2025-09-12,78.06748554445697,-147.59201021064627,LOC_052,2.34,74.2,8.47,118.6,-7.44,4.05,1.37,25.8,0.5,Sample Data
2025-09-12,40.77871922767223,-81.77835198940367,LOC_053,13.63,79.5,1.81,194.6,0.46,1.76,0.0,80.2,0.6,Sample Data
2025-09-12,27.159862411871686,-169.99261172225692,LOC_054,32.06,50.9,0.63,324.3,0.37,-0.51,0.0,182.0,2.5,Sample Data
2025-09-12,31.731358968532604,-159.04123265697942,LOC_055,11.53,74.7,0.25,189.8,0.04,0.24,0.0,172.7,2.3,Sample Data
2025-09-12,79.72732392569299,-74.9443506566258,LOC_056,-13.99,87.2,13.05,202.0,4.89,12.1,0.0,50.6,0.4,Sample Data
2025-09-12,57.50528173828176,-66.7101232755967,LOC_057,12.68,55.7,0.08,291.7,0.07,-0.03,0.0,140.9,1.6,Sample Data
2025-09-12,70.27540576743358,-155.74589234481533,LOC_058,-8.53,99.1,0.2,248.6,0.19,0.07,0.0,28.1,0.0,Sample Data
2025-09-12,76.94192488674834,-109.88550855096541,LOC_059,-3.04,65.8,10.59,63.3,-9.45,-4.76,0.0,17.6,0.0,Sample Data
2025-09-12,70.55801163730469,-63.508131009945885,LOC_060,0.45,71.5,1.99,195.6,0.54,1.92,0.4,125.2,1.1,Sample Data
2025-09-12,33.85026062288979,-165.693249811402,LOC_061,18.26,50.7,1.48,149.7,-0.75,1.28,0.0,170.1,1.9,Sample Data
2025-09-12,27.095137190645627,-124.47598747858669,LOC_062,23.99,41.9,3.29,103.0,-3.2,0.74,0.0,192.8,1.8,Sample Data
2025-09-12,71.351107444187,-68.10502417667536,LOC_063,-6.84,75.0,0.98,45.9,-0.71,-0.69,0.0,42.5,1.8,Sample Data
2025-09-12,10.521409789839304,-113.60285066491646,LOC_064,29.3,83.1,0.89,234.3,0.72,0.52,1.54,156.6,1.5,Sample Data
2025-09-12,41.30582523615843,-151.12598463880508,LOC_065,16.38,71.0,20.45,218.8,12.81,15.94,0.0,157.3,1.1,Sample Data
2025-09-12,18.98990255002621,-136.11002771752837,LOC_066,11.3,65.7,7.35,132.6,-5.41,4.98,0.0,286.9,3.2,Sample Data
2025-09-12,80.71822779343894,-137.98361883730183,LOC_067,-2.28,100.0,1.22,294.4,1.11,-0.5,4.09,0.0,0.3,Sample Data
2025-09-12,48.90929663075246,-88.60753534362688,LOC_068,18.13,65.0,0.04,313.8,0.03,-0.03,0.0,131.3,1.3,Sample Data
2025-09-12,37.27222017844705,-53.66832924627511,LOC_069,12.61,26.4,1.55,244.3,1.4,0.67,0.0,207.9,3.1,Sample Data
2025-09-12,82.18354712065835,-147.26830154270266,LOC_070,-9.56,89.1,1.52,121.3,-1.3,0.79,0.0,107.2,0.2,Sample Data
2025-09-12,47.29363794192891,-140.88581972381994,LOC_071,14.74,70.6,0.4,46.7,-0.29,-0.27,0.0,174.3,2.8,Sample Data
2025-09-12,31.36303707831007,-175.20469684391074,LOC_072,21.42,38.6,8.0,301.3,6.83,-4.15,0.0,273.2,3.8,Sample Data
2025-09-12,55.71732504849226,-114.651726980248,LOC_073,-0.57,68.5,4.64,20.3,-1.61,-4.35,0.0,302.3,4.1,Sample Data
2025-09-12,13.860906343749201,-143.77595964924052,LOC_074,21.0,83.0,2.85,210.7,1.45,2.45,0.0,170.8,2.9,Sample Data
2025-09-12,78.11994144749903,-148.8569542132936,LOC_075,-6.93,62.4,5.51,252.5,5.25,1.66,0.0,33.5,0.0,Sample Data
2025-09-12,20.867115406841734,-116.3711411639168,LOC_076,15.51,61.2,0.19,212.7,0.1,0.16,0.0,193.9,3.2,Sample Data
2025-09-12,83.92378405829506,-148.53281470350495,LOC_077,-7.18,98.6,8.74,147.2,-4.73,7.35,0.0,179.4,1.6,Sample Data
2025-09-12,60.41016605544089,-80.98945000726671,LOC_078,-4.78,80.6,2.13,190.3,0.38,2.09,0.0,186.8,3.6,Sample Data
2025-09-12,27.822815799429975,-85.33187468045826,LOC_079,19.9,55.2,2.08,321.9,1.28,-1.64,0.0,214.6,2.3,Sample Data
2025-09-12,37.58373495394399,-97.80024202283467,LOC_080,7.51,76.1,4.11,3.0,-0.22,-4.11,1.74,224.9,3.0,Sample Data
2025-09-12,57.5147283070671,-110.3492910702814,LOC_081,8.43,91.4,1.5,0.5,-0.01,-1.5,1.53,111.1,3.2,Sample Data
2025-09-12,16.771732754080624,-71.41067557339906,LOC_082,24.56,86.5,0.23,69.1,-0.22,-0.08,0.0,261.1,3.6,Sample Data
2025-09-12,34.05850487288019,-155.75259364801894,LOC_083,10.1,79.7,2.6,325.5,1.48,-2.14,2.22,232.6,1.7,Sample Data
2025-09-12,13.058135616607293,-103.18391738552856,LOC_084,20.02,54.5,1.13,64.4,-1.02,-0.49,0.0,165.7,1.5,Sample Data
2025-09-12,60.81732713817118,-177.8435822393787,LOC_085,-7.82,78.0,4.09,349.6,0.74,-4.03,0.0,153.1,3.0,Sample Data
2025-09-12,48.406979372446074,-150.55554922426808,LOC_086,10.31,58.8,2.16,234.2,1.75,1.26,0.0,222.5,2.6,Sample Data
2025-09-12,58.38795928070874,-157.33236422935113,LOC_087,2.55,100.0,2.77,117.2,-2.47,1.27,0.0,134.3,1.8,Sample Data
2025-09-12,61.820330357684945,-129.72440498093013,LOC_088,6.57,52.1,0.17,8.6,-0.03,-0.17,0.0,105.0,0.0,Sample Data
2025-09-12,80.25474915525508,-162.12227726102088,LOC_089,-11.62,81.6,3.51,185.2,0.32,3.49,0.77,45.6,0.7,Sample Data
2025-09-12,35.57997632876939,-165.2484422387234,LOC_090,17.28,77.1,4.2,257.9,4.11,0.88,0.0,316.3,3.6,Sample Data
2025-09-12,79.3520213708922,-65.94588406047247,LOC_091,-7.01,79.4,4.51,180.1,0.01,4.51,0.0,127.4,0.2,Sample Data
2025-09-12,29.34562207863667,-94.20207401555672,LOC_092,21.2,68.9,1.26,277.1,1.25,-0.16,0.0,221.3,3.8,Sample Data
2025-09-12,71.29166501509118,-107.8238944920699,LOC_093,9.69,81.2,4.15,347.3,0.91,-4.05,0.11,113.2,2.1,Sample Data
2025-09-12,49.723793376700485,-148.55920218294128,LOC_094,5.43,100.0,0.3,276.5,0.29,-0.03,0.0,117.6,0.4,Sample Data
2025-09-12,16.98270758544244,-63.361951466067524,LOC_095,21.93,70.5,2.7,337.0,1.06,-2.48,0.0,319.4,3.2,Sample Data
2025-09-12,77.53135428724978,-97.69681055447516,LOC_096,-13.03,77.0,17.13,270.3,17.13,-0.09,0.0,68.1,0.7,Sample Data
2025-09-12,35.42723432865255,-134.6027553003541,LOC_097,14.68,61.1,4.31,193.5,1.0,4.19,0.0,201.8,2.2,Sample Data
2025-09-12,64.44667591526795,-63.37566620616498,LOC_098,-1.65,58.1,0.23,343.5,0.06,-0.22,5.11,145.4,1.8,Sample Data
2025-09-12,76.5314818198838,-78.6161790385089,LOC_099,-2.42,83.3,0.02,269.4,0.02,0.0,0.0,128.8,1.5,Sample Data
2025-09-13,38.090508913552185,-56.4071401667109,LOC_000,21.05,100.0,0.46,0.3,-0.0,-0.46,0.0,208.6,1.9,Sample Data
2025-09-13,64.89954563585539,-102.17439705438524,LOC_001,-3.52,86.3,2.78,59.0,-2.38,-1.43,0.0,110.8,0.0,Sample Data
2025-09-13,21.70139803318274,-159.72071235629366,LOC_002,15.15,73.2,4.06,109.0,-3.84,1.32,0.0,247.9,2.2,Sample Data
2025-09-13,14.35627091261496,-67.39710104925842,LOC_003,23.65,45.6,0.85,269.4,0.85,0.01,4.27,225.7,3.0,Sample Data
2025-09-13,55.08362588074066,-87.95056488651409,LOC_004,0.52,82.7,1.49,256.8,1.45,0.34,0.0,84.1,1.9,Sample Data
2025-09-13,11.543837072185184,-53.91171921894073,LOC_005,21.98,58.6,3.81,181.4,0.09,3.81,0.0,193.4,1.3,Sample Data
2025-09-13,72.43319806003163,-152.3959156118241,LOC_006,1.1,70.6,6.83,186.6,0.78,6.78,0.0,0.0,0.0,Sample Data
2025-09-13,23.636872540532547,-156.1574137190536,LOC_007,26.69,91.8,0.74,154.4,-0.32,0.67,0.0,182.8,1.4,Sample Data
2025-09-13,32.81816822196533,-111.78166388780907,LOC_008,19.08,71.5,0.89,7.5,-0.12,-0.88,0.12,199.1,1.6,Sample Data
2025-09-13,42.395876398158684,-142.14021177425457,LOC_009,11.13,47.6,0.88,338.6,0.32,-0.82,0.0,90.7,2.0,Sample Data
2025-09-13,55.88896710417846,-161.86579811523455,LOC_010,-2.65,55.5,3.9,162.6,-1.17,3.72,0.0,145.9,2.3,Sample Data
2025-09-13,31.91084864014136,-132.37296037182008,LOC_011,11.49,72.8,0.67,148.8,-0.35,0.57,4.18,200.8,1.3,Sample Data
2025-09-13,44.205248816277695,-77.92712501890823,LOC_012,17.72,79.0,1.45,312.9,1.06,-0.99,0.0,147.2,1.7,Sample Data
2025-09-13,24.97553366187698,-113.1495230062305,LOC_013,25.96,57.1,2.86,299.6,2.49,-1.41,0.0,273.7,2.3,Sample Data
2025-09-13,54.431092664653185,-173.9614463464003,LOC_014,1.28,93.3,2.05,151.6,-0.98,1.81,0.0,132.4,1.3,Sample Data
2025-09-13,55.56586389260788,-157.8318639206521,LOC_015,-3.29,98.0,10.85,69.7,-10.18,-3.76,0.0,269.4,5.2,Sample Data
2025-09-13,14.878869473895964,-56.64488015706668,LOC_016,18.62,88.8,3.13,16.1,-0.87,-3.0,1.22,280.2,3.6,Sample Data
2025-09-13,82.42240248059196,-74.90834474486006,LOC_017,-11.73,69.8,1.14,144.1,-0.67,0.92,1.4,59.2,2.1,Sample Data
2025-09-13,32.8460326880028,-167.3026251791701,LOC_018,21.44,62.4,3.67,176.6,-0.22,3.67,4.32,135.7,2.1,Sample Data
2025-09-13,61.31747698841177,-122.78017581385183,LOC_019,5.36,66.2,0.14,357.2,0.01,-0.14,3.18,129.4,0.0,Sample Data
2025-09-13,19.15286761335841,-115.62700168553488,LOC_020,21.18,77.6,2.31,17.7,-0.71,-2.2,0.56,189.0,2.7,Sample Data
2025-09-13,12.57913908364138,-61.78834772975833,LOC_021,24.5,46.3,3.13,256.3,3.04,0.74,0.17,202.5,3.0,Sample Data
2025-09-13,29.408498620001268,-93.87210303398234,LOC_022,19.85,73.8,2.72,121.4,-2.33,1.42,0.26,344.8,4.6,Sample Data
2025-09-13,33.378330706705825,-112.39115724688459,LOC_023,13.25,36.3,1.36,230.8,1.05,0.86,0.0,186.7,1.2,Sample Data
2025-09-13,51.00327095074597,-155.96892078168148,LOC_024,8.08,58.7,3.92,335.5,1.62,-3.56,6.0,174.5,1.5,Sample Data
2025-09-13,82.7188470823419,-79.23273296305511,LOC_025,0.68,84.8,5.34,54.1,-4.33,-3.13,4.22,32.8,0.0,Sample Data
2025-09-13,80.46242061731418,-63.672444444405656,LOC_026,3.6,65.6,0.09,99.0,-0.09,0.01,1.09,26.9,0.8,Sample Data
2025-09-13,54.84249841083138,-60.15634944699481,LOC_027,4.63,90.0,0.5,331.8,0.24,-0.44,0.0,202.8,3.6,Sample Data
2025-09-13,16.636937653893963,-154.5222278855111,LOC_028,20.58,54.3,3.5,79.1,-3.43,-0.66,0.0,262.9,4.0,Sample Data
2025-09-13,13.392046668290355,-137.70705700077565,LOC_029,32.32,50.7,5.47,235.7,4.52,3.08,0.64,196.0,2.1,Sample Data
2025-09-13,39.15079672671115,-144.72462586939355,LOC_030,7.94,63.5,1.82,327.0,0.99,-1.53,2.55,163.9,2.3,Sample Data
2025-09-13,72.1553131863947,-133.6220675298334,LOC_031,-3.58,94.5,1.36,272.4,1.36,-0.06,2.37,209.3,1.8,Sample Data
2025-09-13,31.07008822655356,-109.4495091894277,LOC_032,19.79,47.9,4.44,170.4,-0.74,4.38,0.0,258.0,3.1,Sample Data
2025-09-13,20.569316873107198,-75.71439250197484,LOC_033,27.75,57.7,4.85,147.8,-2.59,4.1,1.04,199.4,3.1,Sample Data
2025-09-13,15.591298275982812,-51.70469824193276,LOC_034,31.03,56.8,1.31,231.2,1.02,0.82,0.23,224.6,2.9,Sample Data
2025-09-13,67.9183576972493,-154.1669614005576,LOC_035,1.36,72.2,1.28,350.3,0.22,-1.26,0.0,97.2,3.0,Sample Data
2025-09-13,10.41415878427018,-73.99001430087156,LOC_036,28.16,48.8,0.1,313.3,0.07,-0.07,0.27,282.9,4.2,Sample Data
2025-09-13,63.01430078857128,-85.22906815467165,LOC_037,-7.91,70.8,0.8,173.0,-0.1,0.8,0.0,65.9,1.6,Sample Data
2025-09-13,67.84527600144594,-170.37419527456825,LOC_038,-12.44,86.4,1.79,205.4,0.77,1.62,0.0,197.8,1.9,Sample Data
2025-09-13,36.884929640820445,-164.93702226173315,LOC_039,17.96,73.2,0.86,219.4,0.55,0.67,0.0,187.0,0.0,Sample Data
2025-09-13,74.73275694066952,-98.97124351241747,LOC_040,-9.6,81.3,0.72,38.0,-0.44,-0.57,0.0,117.3,1.6,Sample Data
2025-09-13,34.81735186394869,-171.73741446281693,LOC_041,24.95,39.3,11.2,191.6,2.26,10.97,0.0,306.2,2.4,Sample Data
2025-09-13,33.32367412867467,-137.7261681365229,LOC_042,12.63,68.0,4.85,217.6,2.96,3.84,1.37,248.3,3.9,Sample Data
2025-09-13,64.7204633753548,-97.11752872382229,LOC_043,-10.2,88.1,10.92,238.8,9.34,5.65,0.0,177.2,1.3,Sample Data
2025-09-13,76.54095569322449,-118.61205972894659,LOC_044,-9.74,79.9,2.26,104.4,-2.19,0.56,0.0,108.2,0.5,Sample Data
2025-09-13,18.96956844537263,-87.27817766101064,LOC_045,20.55,71.1,4.52,219.1,2.85,3.51,0.0,301.1,2.7,Sample Data
2025-09-13,67.05887864626732,-107.03396431596549,LOC_046,-2.42,72.3,9.96,194.0,2.41,9.66,0.26,169.8,3.5,Sample Data
2025-09-13,67.82253849659207,-115.8065724726292,LOC_047,0.42,77.6,0.07,109.3,-0.06,0.02,0.0,62.3,0.0,Sample Data
2025-09-13,49.20496220364956,-124.41966761338855,LOC_048,13.78,71.0,0.33,339.5,0.11,-0.31,0.0,200.1,1.6,Sample Data
2025-09-13,11.90643450580714,-165.97411449087042,LOC_049,18.83,39.9,4.59,346.6,1.06,-4.46,1.09,116.9,1.1,Sample Data
2025-09-13,12.357188926505069,-97.26664653570855,LOC_050,23.24,59.2,3.47,157.0,-1.35,3.2,3.39,229.8,4.3,Sample Data
2025-09-13,33.576698580724496,-113.88581014858865,LOC_051,19.86,43.2,1.02,85.0,-1.02,-0.09,0.0,167.4,1.6,Sample Data
2025-09-13,78.06748554445697,-147.59201021064627,LOC_052,-18.43,99.8,6.2,142.2,-3.8,4.9,0.0,60.7,0.0,Sample Data
2025-09-13,40.77871922767223,-81.77835198940367,LOC_053,17.18,48.6,1.03,207.8,0.48,0.91,0.42,224.1,2.7,Sample Data
2025-09-13,27.159862411871686,-169.99261172225692,LOC_054,25.85,42.3,0.88,45.7,-0.63,-0.62,0.73,200.1,2.2,Sample Data
2025-09-13,31.731358968532604,-159.04123265697942,LOC_055,5.65,90.4,2.12,202.6,0.81,1.96,0.7,239.6,3.4,Sample Data
2025-09-13,79.72732392569299,-74.9443506566258,LOC_056,-9.42,98.8,2.4,129.4,-1.86,1.53,1.78,9.7,0.2,Sample Data
2025-09-13,57.50528173828176,-66.7101232755967,LOC_057,10.15,68.5,2.68,34.9,-1.53,-2.2,0.0,197.4,3.1,Sample Data
2025-09-13,70.27540576743358,-155.74589234481533,LOC_058,-8.4,92.4,3.72,243.8,3.33,1.64,1.06,172.9,1.0,Sample Data
2025-09-13,76.94192488674834,-109.88550855096541,LOC_059,-4.41,63.0,7.33,287.2,7.0,-2.17,0.0,26.9,2.1,Sample Data
2025-09-13,70.55801163730469,-63.508131009945885,LOC_060,-5.49,93.4,11.89,220.9,7.79,8.99,0.0,49.5,2.0,Sample Data
2025-09-13,33.85026062288979,-165.693249811402,LOC_061,22.7,75.1,1.26,38.9,-0.79,-0.98,1.78,289.8,3.8,Sample Data
2025-09-13,27.095137190645627,-124.47598747858669,LOC_062,4.8,81.2,1.52,9.5,-0.25,-1.5,0.0,261.3,1.5,Sample Data
2025-09-13,71.351107444187,-68.10502417667536,LOC_063,-4.8,100.0,0.05,26.8,-0.02,-0.05,0.0,137.1,2.2,Sample Data
2025-09-13,10.521409789839304,-113.60285066491646,LOC_064,34.31,71.4,0.09,298.3,0.08,-0.04,0.0,278.1,2.5,Sample Data
2025-09-13,41.30582523615843,-151.12598463880508,LOC_065,8.57,65.8,1.24,150.6,-0.61,1.08,0.0,102.6,1.1,Sample Data
2025-09-13,18.98990255002621,-136.11002771752837,LOC_066,22.78,56.2,1.51,107.5,-1.44,0.46,0.0,257.8,3.6,Sample Data
2025-09-13,80.71822779343894,-137.98361883730183,LOC_067,-14.0,91.0,3.57,74.2,-3.44,-0.97,0.0,72.7,2.0,Sample Data
2025-09-13,48.90929663075246,-88.60753534362688,LOC_068,10.84,92.4,4.87,155.4,-2.03,4.43,0.0,207.1,2.5,Sample Data
2025-09-13,37.27222017844705,-53.66832924627511,LOC_069,-1.72,65.0,4.61,295.8,4.15,-2.01,0.0,191.9,1.1,Sample Data
2025-09-13,82.18354712065835,-147.26830154270266,LOC_070,1.49,71.8,5.32,17.7,-1.62,-5.06,0.0,4.2,0.3,Sample Data
2025-09-13,47.29363794192891,-140.88581972381994,LOC_071,2.47,63.6,2.27,18.6,-0.72,-2.15,3.35,158.0,1.5,Sample Data
2025-09-13,31.36303707831007,-175.20469684391074,LOC_072,21.42,20.1,4.33,161.0,-1.41,4.09,0.0,165.6,2.3,Sample Data
2025-09-13,55.71732504849226,-114.651726980248,LOC_073,2.93,60.0,1.52,267.7,1.52,0.06,0.0,97.4,0.8,Sample Data
2025-09-13,13.860906343749201,-143.77595964924052,LOC_074,26.94,36.7,1.65,185.4,0.15,1.64,2.17,209.4,3.3,Sample Data
2025-09-13,78.11994144749903,-148.8569542132936,LOC_075,-4.96,83.8,1.22,214.2,0.68,1.01,1.86,132.5,2.3,Sample Data
2025-09-13,20.867115406841734,-116.3711411639168,LOC_076,25.05,84.6,1.79,309.0,1.39,-1.13,0.0,263.3,3.3,Sample Data
2025-09-13,83.92378405829506,-148.53281470350495,LOC_077,-4.65,100.0,1.82,75.3,-1.76,-0.46,0.55,0.0,0.2,Sample Data
2025-09-13,60.41016605544089,-80.98945000726671,LOC_078,3.49,76.6,1.29,162.8,-0.38,1.24,0.1,159.9,3.5,Sample Data
2025-09-13,27.822815799429975,-85.33187468045826,LOC_079,15.0,74.6,2.54,91.3,-2.54,0.06,0.02,195.7,1.7,Sample Data
2025-09-13,37.58373495394399,-97.80024202283467,LOC_080,9.27,66.7,0.67,211.6,0.35,0.57,3.97,178.1,2.2,Sample Data
2025-09-13,57.5147283070671,-110.3492910702814,LOC_081,-2.39,100.0,0.94,74.5,-0.91,-0.25,0.0,87.3,0.8,Sample Data
2025-09-13,16.771732754080624,-71.41067557339906,LOC_082,26.6,85.9,5.87,42.3,-3.95,-4.34,0.0,191.8,2.7,Sample Data
2025-09-13,34.05850487288019,-155.75259364801894,LOC_083,12.11,97.6,8.7,51.0,-6.76,-5.48,0.0,228.1,2.7,Sample Data
2025-09-13,13.058135616607293,-103.18391738552856,LOC_084,26.49,57.5,6.95,97.3,-6.9,0.89,0.0,275.6,0.7,Sample Data
2025-09-13,60.81732713817118,-177.8435822393787,LOC_085,-2.14,67.9,1.76,61.6,-1.55,-0.84,0.0,115.1,1.7,Sample Data
2025-09-13,48.406979372446074,-150.55554922426808,LOC_086,14.24,87.9,9.39,1.1,-0.18,-9.38,5.26,181.4,2.6,Sample Data
2025-09-13,58.38795928070874,-157.33236422935113,LOC_087,1.33,81.6,2.16,83.4,-2.15,-0.25,3.32,142.2,0.7,Sample Data
2025-09-13,61.820330357684945,-129.72440498093013,LOC_088,-5.29,87.4,1.14,152.8,-0.52,1.01,0.66,175.9,2.4,Sample Data
2025-09-13,80.25474915525508,-162.12227726102088,LOC_089,-12.62,81.3,3.16,256.5,3.08,0.74,0.0,23.1,0.0,Sample Data
2025-09-13,35.57997632876939,-165.2484422387234,LOC_090,20.03,61.8,1.81,152.8,-0.83,1.61,1.11,181.2,2.3,Sample Data
2025-09-13,79.3520213708922,-65.94588406047247,LOC_091,-0.5,76.0,3.42,228.7,2.57,2.26,0.0,84.6,0.7,Sample Data
2025-09-13,29.34562207863667,-94.20207401555672,LOC_092,18.24,87.3,1.17,49.1,-0.89,-0.77,0.0,265.4,3.2,Sample Data
2025-09-13,71.29166501509118,-107.8238944920699,LOC_093,4.94,88.9,4.89,237.3,4.12,2.64,0.0,179.0,2.3,Sample Data
2025-09-13,49.723793376700485,-148.55920218294128,LOC_094,0.1,56.5,0.3,329.3,0.15,-0.26,2.09,84.4,0.0,Sample Data
2025-09-13,16.98270758544244,-63.361951466067524,LOC_095,21.03,66.1,2.7,277.9,2.68,-0.37,0.0,269.6,3.7,Sample Data
2025-09-13,77.53135428724978,-97.69681055447516,LOC_096,7.78,58.4,7.54,324.0,4.44,-6.1,0.0,52.8,0.0,Sample Data
2025-09-13,35.42723432865255,-134.6027553003541,LOC_097,6.59,62.8,0.94,310.0,0.72,-0.6,2.26,177.8,1.2,Sample Data
2025-09-13,64.44667591526795,-63.37566620616498,LOC_098,-0.82,78.0,4.39,318.6,2.9,-3.29,1.25,182.9,2.2,Sample Data
2025-09-13,76.5314818198838,-78.6161790385089,LOC_099,-6.0,100.0,3.33,305.0,2.73,-1.91,1.03,103.7,1.7,Sample Data
2025-09-14,38.090508913552185,-56.4071401667109,LOC_000,21.12,100.0,1.28,187.4,0.16,1.27,0.0,275.2,2.8,Sample Data
2025-09-14,64.89954563585539,-102.17439705438524,LOC_001,-1.0,81.3,1.8,146.9,-0.98,1.51,0.0,161.7,0.7,Sample Data
2025-09-14,21.70139803318274,-159.72071235629366,LOC_002,19.68,79.1,7.26,357.5,0.31,-7.25,0.53,219.6,1.4,Sample Data
2025-09-14,14.35627091261496,-67.39710104925842,LOC_003,16.81,77.3,5.95,102.0,-5.82,1.24,0.0,171.5,2.8,Sample Data
2025-09-14,55.08362588074066,-87.95056488651409,LOC_004,3.63,70.3,1.02,291.2,0.95,-0.37,0.0,265.2,2.4,Sample Data
2025-09-14,11.543837072185184,-53.91171921894073,LOC_005,31.68,60.2,1.66,99.2,-1.64,0.26,1.54,124.8,0.0,Sample Data
2025-09-14,72.43319806003163,-152.3959156118241,LOC_006,-3.31,75.4,0.72,70.9,-0.68,-0.24,0.0,124.6,0.1,Sample Data
2025-09-14,23.636872540532547,-156.1574137190536,LOC_007,15.61,35.9,2.31,73.3,-2.21,-0.67,4.25,118.4,0.0,Sample Data
2025-09-14,32.81816822196533,-111.78166388780907,LOC_008,15.19,59.7,2.42,201.2,0.88,2.26,0.0,174.9,1.5,Sample Data
2025-09-14,42.395876398158684,-142.14021177425457,LOC_009,10.38,54.8,0.72,21.6,-0.27,-0.67,0.0,205.8,1.8,Sample Data
2025-09-14,55.88896710417846,-161.86579811523455,LOC_010,-2.09,83.3,0.03,290.9,0.03,-0.01,1.86,197.0,0.7,Sample Data
2025-09-14,31.91084864014136,-132.37296037182008,LOC_011,12.76,65.9,0.76,67.7,-0.7,-0.29,0.0,141.7,2.6,Sample Data
2025-09-14,44.205248816277695,-77.92712501890823,LOC_012,9.57,67.7,2.79,346.6,0.65,-2.72,0.0,306.1,2.8,Sample Data
2025-09-14,24.97553366187698,-113.1495230062305,LOC_013,13.52,57.9,0.91,181.6,0.03,0.91,0.0,176.7,2.2,Sample Data
2025-09-14,54.431092664653185,-173.9614463464003,LOC_014,8.65,82.4,1.03,239.1,0.88,0.53,0.0,251.2,3.4,Sample Data
2025-09-14,55.56586389260788,-157.8318639206521,LOC_015,3.77,92.4,1.13,271.3,1.13,-0.03,0.98,171.9,2.8,Sample Data
2025-09-14,14.878869473895964,-56.64488015706668,LOC_016,17.42,59.2,1.32,102.3,-1.29,0.28,2.72,210.9,1.0,Sample Data
2025-09-14,82.42240248059196,-74.90834474486006,LOC_017,-8.67,86.3,1.49,28.8,-0.72,-1.3,1.79,0.0,1.8,Sample Data
2025-09-14,32.8460326880028,-167.3026251791701,LOC_018,12.02,68.9,2.18,181.7,0.06,2.18,0.22,140.3,2.2,Sample Data
2025-09-14,61.31747698841177,-122.78017581385183,LOC_019,-2.59,74.0,9.5,307.7,7.52,-5.8,0.79,133.5,0.2,Sample Data
2025-09-14,19.15286761335841,-115.62700168553488,LOC_020,26.77,59.4,0.54,289.5,0.51,-0.18,0.0,208.6,1.6,Sample Data
2025-09-14,12.57913908364138,-61.78834772975833,LOC_021,22.68,51.2,0.92,200.2,0.32,0.86,0.0,193.4,3.6,Sample Data
2025-09-14,29.408498620001268,-93.87210303398234,LOC_022,22.25,42.9,2.51,169.8,-0.44,2.47,0.0,187.8,2.6,Sample Data
2025-09-14,33.378330706705825,-112.39115724688459,LOC_023,18.49,69.8,0.18,50.6,-0.14,-0.11,0.0,100.0,0.0,Sample Data
2025-09-14,51.00327095074597,-155.96892078168148,LOC_024,6.21,58.1,0.41,171.6,-0.06,0.4,0.0,156.6,0.3,Sample Data
2025-09-14,82.7188470823419,-79.23273296305511,LOC_025,-11.18,100.0,4.38,14.6,-1.1,-4.24,0.45,125.3,1.3,Sample Data
2025-09-14,80.46242061731418,-63.672444444405656,LOC_026,-2.16,62.5,3.71,211.0,1.91,3.18,0.0,0.0,0.9,Sample Data
2025-09-14,54.84249841083138,-60.15634944699481,LOC_027,2.35,88.7,3.15,118.4,-2.77,1.5,0.0,112.1,0.1,Sample Data
2025-09-14,16.636937653893963,-154.5222278855111,LOC_028,31.28,45.3,2.15,339.7,0.75,-2.02,1.4,262.9,3.4,Sample Data
2025-09-14,13.392046668290355,-137.70705700077565,LOC_029,25.4,50.8,5.76,87.1,-5.76,-0.29,0.0,236.9,3.5,Sample Data
2025-09-14,39.15079672671115,-144.72462586939355,LOC_030,9.14,71.5,7.58,169.3,-1.41,7.45,2.34,137.2,1.7,Sample Data
2025-09-14,72.1553131863947,-133.6220675298334,LOC_031,5.09,93.4,2.11,294.2,1.93,-0.87,0.0,67.5,2.6,Sample Data
2025-09-14,31.07008822655356,-109.4495091894277,LOC_032,25.77,72.2,1.29,330.2,0.64,-1.12,2.23,149.3,0.4,Sample Data
2025-09-14,20.569316873107198,-75.71439250197484,LOC_033,23.38,40.6,1.76,12.3,-0.37,-1.71,0.0,249.8,4.1,Sample Data
2025-09-14,15.591298275982812,-51.70469824193276,LOC_034,28.54,73.3,1.12,35.9,-0.65,-0.91,3.57,225.1,3.2,Sample Data
2025-09-14,67.9183576972493,-154.1669614005576,LOC_035,1.58,52.1,0.23,339.6,0.08,-0.22,0.0,118.9,1.6,Sample Data
2025-09-14,10.41415878427018,-73.99001430087156,LOC_036,29.37,77.8,2.96,229.7,2.25,1.91,0.0,243.7,3.1,Sample Data
2025-09-14,63.01430078857128,-85.22906815467165,LOC_037,4.47,87.4,6.18,77.6,-6.03,-1.32,1.32,195.3,2.5,Sample Data
2025-09-14,67.84527600144594,-170.37419527456825,LOC_038,7.93,49.3,2.25,13.8,-0.53,-2.18,0.0,99.9,1.6,Sample Data
2025-09-14,36.884929640820445,-164.93702226173315,LOC_039,21.28,87.5,0.54,44.4,-0.38,-0.38,0.0,126.8,1.1,Sample Data
2025-09-14,74.73275694066952,-98.97124351241747,LOC_040,-3.25,67.9,2.82,231.7,2.21,1.75,4.48,16.8,0.0,Sample Data
2025-09-14,34.81735186394869,-171.73741446281693,LOC_041,2.77,66.0,5.98,334.5,2.57,-5.4,3.99,222.0,1.3,Sample Data
2025-09-14,33.32367412867467,-137.7261681365229,LOC_042,18.94,56.5,0.02,203.3,0.01,0.01,0.0,257.6,1.9,Sample Data
2025-09-14,64.7204633753548,-97.11752872382229,LOC_043,0.89,95.1,5.76,95.3,-5.73,0.53,0.0,112.3,1.4,Sample Data
2025-09-14,76.54095569322449,-118.61205972894659,LOC_044,3.11,87.8,2.69,265.1,2.68,0.23,0.0,12.0,0.8,Sample Data
2025-09-14,18.96956844537263,-87.27817766101064,LOC_045,21.47,51.0,2.42,118.3,-2.13,1.15,0.0,153.5,3.1,Sample Data
2025-09-14,67.05887864626732,-107.03396431596549,LOC_046,1.74,97.4,3.04,199.2,1.0,2.87,2.38,146.8,1.7,Sample Data
2025-09-14,67.82253849659207,-115.8065724726292,LOC_047,-0.59,99.1,0.87,73.3,-0.84,-0.25,0.0,22.8,0.1,Sample Data
2025-09-14,49.20496220364956,-124.41966761338855,LOC_048,0.69,80.3,11.41,38.9,-7.16,-8.89,0.0,170.5,3.0,Sample Data
2025-09-14,11.90643450580714,-165.97411449087042,LOC_049,23.27,86.5,2.98,122.6,-2.51,1.61,1.73,363.8,4.5,Sample Data
2025-09-14,12.357188926505069,-97.26664653570855,LOC_050,21.04,42.1,0.26,18.8,-0.08,-0.25,0.15,233.0,2.6,Sample Data
2025-09-14,33.576698580724496,-113.88581014858865,LOC_051,17.99,59.8,1.99,110.0,-1.87,0.68,0.0,256.0,1.2,Sample Data
2025-09-14,78.06748554445697,-147.59201021064627,LOC_052,-16.77,79.7,3.72,131.0,-2.8,2.44,0.0,172.5,1.8,Sample Data
2025-09-14,40.77871922767223,-81.77835198940367,LOC_053,7.02,84.7,0.47,113.9,-0.43,0.19,0.0,172.2,0.5,Sample Data
2025-09-14,27.159862411871686,-169.99261172225692,LOC_054,17.61,60.2,2.54,343.1,0.74,-2.43,0.0,221.4,4.1,Sample Data
2025-09-14,31.731358968532604,-159.04123265697942,LOC_055,15.37,64.9,2.57,342.2,0.79,-2.45,0.0,168.7,1.4,Sample Data
2025-09-14,79.72732392569299,-74.9443506566258,LOC_056,-6.2,92.9,1.5,181.6,0.04,1.5,0.0,81.3,0.0,Sample Data
2025-09-14,57.50528173828176,-66.7101232755967,LOC_057,4.41,83.6,1.65,186.2,0.18,1.64,0.0,187.6,3.0,Sample Data
2025-09-14,70.27540576743358,-155.74589234481533,LOC_058,0.41,93.6,0.69,121.7,-0.58,0.36,0.0,167.5,1.3,Sample Data
2025-09-14,76.94192488674834,-109.88550855096541,LOC_059,-11.13,82.9,1.53,352.8,0.19,-1.52,1.89,51.3,0.5,Sample Data
2025-09-14,70.55801163730469,-63.508131009945885,LOC_060,5.82,73.6,2.16,314.0,1.55,-1.5,0.18,99.9,1.9,Sample Data
2025-09-14,33.85026062288979,-165.693249811402,LOC_061,21.56,68.1,1.18,257.8,1.15,0.25,0.69,216.4,2.3,Sample Data
2025-09-14,27.095137190645627,-124.47598747858669,LOC_062,21.71,48.7,8.61,190.0,1.49,8.48,0.0,112.8,1.0,Sample Data
2025-09-14,71.351107444187,-68.10502417667536,LOC_063,8.07,64.9,12.8,337.6,4.88,-11.84,0.0,101.8,2.3,Sample Data
2025-09-14,10.521409789839304,-113.60285066491646,LOC_064,30.09,60.4,1.5,346.2,0.36,-1.45,0.0,307.8,4.6,Sample Data
2025-09-14,41.30582523615843,-151.12598463880508,LOC_065,11.67,95.8,0.94,279.6,0.93,-0.16,0.0,122.5,2.7,Sample Data
2025-09-14,18.98990255002621,-136.11002771752837,LOC_066,33.95,47.2,1.56,71.4,-1.48,-0.5,0.0,309.1,3.9,Sample Data
2025-09-14,80.71822779343894,-137.98361883730183,LOC_067,-17.6,77.8,1.57,147.3,-0.85,1.32,0.0,66.2,3.9,Sample Data
2025-09-14,48.90929663075246,-88.60753534362688,LOC_068,7.1,57.5,0.56,45.4,-0.4,-0.39,0.0,250.5,4.2,Sample Data
2025-09-14,37.27222017844705,-53.66832924627511,LOC_069,17.02,63.5,3.05,276.9,3.03,-0.37,0.0,181.4,2.5,Sample Data
2025-09-14,82.18354712065835,-147.26830154270266,LOC_070,-14.15,76.4,0.95,307.9,0.75,-0.58,0.16,29.0,0.0,Sample Data
2025-09-14,47.29363794192891,-140.88581972381994,LOC_071,11.46,61.4,2.48,2.1,-0.09,-2.48,0.0,125.7,1.3,Sample Data
2025-09-14,31.36303707831007,-175.20469684391074,LOC_072,21.88,78.1,3.83,262.2,3.79,0.52,6.15,226.9,3.2,Sample Data
2025-09-14,55.71732504849226,-114.651726980248,LOC_073,4.98,69.8,9.65,244.3,8.69,4.19,0.0,146.9,2.5,Sample Data
2025-09-14,13.860906343749201,-143.77595964924052,LOC_074,21.76,99.4,8.1,27.4,-3.73,-7.19,0.0,277.8,4.1,Sample Data
2025-09-14,78.11994144749903,-148.8569542132936,LOC_075,-3.28,85.2,8.54,23.2,-3.36,-7.85,0.0,128.4,1.7,Sample Data
2025-09-14,20.867115406841734,-116.3711411639168,LOC_076,22.09,49.8,2.28,95.9,-2.27,0.23,0.0,212.0,3.4,Sample Data
2025-09-14,83.92378405829506,-148.53281470350495,LOC_077,-11.64,100.0,4.0,171.3,-0.6,3.96,5.26,150.4,1.6,Sample Data
2025-09-14,60.41016605544089,-80.98945000726671,LOC_078,1.0,78.9,0.32,178.6,-0.01,0.32,0.0,200.7,1.5,Sample Data
2025-09-14,27.822815799429975,-85.33187468045826,LOC_079,23.08,77.2,2.03,329.4,1.04,-1.75,0.0,141.3,1.5,Sample Data
2025-09-14,37.58373495394399,-97.80024202283467,LOC_080,12.04,69.4,3.01,89.5,-3.01,-0.03,2.95,136.3,0.9,Sample Data
2025-09-14,57.5147283070671,-110.3492910702814,LOC_081,5.33,66.8,0.42,163.4,-0.12,0.4,0.0,197.3,3.9,Sample Data
2025-09-14,16.771732754080624,-71.41067557339906,LOC_082,17.97,51.0,0.47,104.1,-0.46,0.12,1.48,168.4,3.6,Sample Data
2025-09-14,34.05850487288019,-155.75259364801894,LOC_083,9.94,90.7,1.03,194.8,0.26,0.99,0.17,232.1,2.8,Sample Data
2025-09-14,13.058135616607293,-103.18391738552856,LOC_084,22.8,65.4,5.62,263.6,5.58,0.62,0.0,209.2,3.8,Sample Data
2025-09-14,60.81732713817118,-177.8435822393787,LOC_085,1.53,55.9,2.39,193.8,0.57,2.32,0.0,149.1,2.2,Sample Data
2025-09-14,48.406979372446074,-150.55554922426808,LOC_086,7.22,48.2,5.62,181.9,0.18,5.62,0.0,149.1,1.3,Sample Data
2025-09-14,58.38795928070874,-157.33236422935113,LOC_087,-1.3,88.8,1.3,95.4,-1.29,0.12,0.0,98.8,2.7,Sample Data
2025-09-14,61.820330357684945,-129.72440498093013,LOC_088,-3.88,85.0,4.9,133.2,-3.58,3.35,0.0,90.4,1.8,Sample Data
2025-09-14,80.25474915525508,-162.12227726102088,LOC_089,-7.16,99.2,1.68,65.6,-1.53,-0.69,0.0,39.9,1.2,Sample Data
2025-09-14,35.57997632876939,-165.2484422387234,LOC_090,19.12,56.4,3.57,275.7,3.55,-0.35,0.0,158.2,3.5,Sample Data
2025-09-14,79.3520213708922,-65.94588406047247,LOC_091,-5.25,65.8,11.19,111.8,-10.39,4.16,0.0,104.3,3.3,Sample Data
2025-09-14,29.34562207863667,-94.20207401555672,LOC_092,19.26,73.7,0.18,359.4,0.0,-0.18,0.0,227.1,3.7,Sample Data
2025-09-14,71.29166501509118,-107.8238944920699,LOC_093,0.19,74.7,0.68,28.2,-0.32,-0.6,0.0,90.2,1.4,Sample Data
2025-09-14,49.723793376700485,-148.55920218294128,LOC_094,8.94,85.3,2.2,298.9,1.93,-1.06,0.0,135.6,0.8,Sample Data
2025-09-14,16.98270758544244,-63.361951466067524,LOC_095,39.5,56.5,4.91,284.9,4.75,-1.26,0.0,192.6,3.0,Sample Data
2025-09-14,77.53135428724978,-97.69681055447516,LOC_096,-7.7,83.4,3.57,147.4,-1.92,3.0,0.0,120.1,0.0,Sample Data
2025-09-14,35.42723432865255,-134.6027553003541,LOC_097,17.05,32.7,6.28,328.5,3.28,-5.35,1.24,229.5,2.9,Sample Data
2025-09-14,64.44667591526795,-63.37566620616498,LOC_098,-4.47,100.0,0.02,3.3,-0.0,-0.02,0.0,105.2,1.3,Sample Data
2025-09-14,76.5314818198838,-78.6161790385089,LOC_099,-12.33,100.0,2.46,108.3,-2.34,0.77,1.05,99.8,0.0,Sample Data
2025-09-15,38.090508913552185,-56.4071401667109,LOC_000,12.51,48.7,0.51,241.6,0.45,0.24,0.0,184.3,1.3,Sample Data
2025-09-15,64.89954563585539,-102.17439705438524,LOC_001,-0.3,69.8,0.92,189.9,0.16,0.91,0.0,127.0,2.4,Sample Data
2025-09-15,21.70139803318274,-159.72071235629366,LOC_002,11.6,93.3,8.93,279.8,8.8,-1.52,3.72,276.1,3.2,Sample Data
2025-09-15,14.35627091261496,-67.39710104925842,LOC_003,21.89,69.6,3.62,104.6,-3.51,0.92,0.7,175.9,3.0,Sample Data
2025-09-15,55.08362588074066,-87.95056488651409,LOC_004,0.73,59.2,1.94,16.0,-0.54,-1.86,0.0,101.0,2.4,Sample Data
2025-09-15,11.543837072185184,-53.91171921894073,LOC_005,22.88,33.2,2.95,52.7,-2.35,-1.79,3.92,188.9,1.0,Sample Data
2025-09-15,72.43319806003163,-152.3959156118241,LOC_006,-3.02,95.0,1.25,246.1,1.15,0.51,2.66,168.5,2.0,Sample Data
2025-09-15,23.636872540532547,-156.1574137190536,LOC_007,19.67,77.7,1.34,167.4,-0.29,1.31,0.0,200.6,2.8,Sample Data
2025-09-15,32.81816822196533,-111.78166388780907,LOC_008,12.15,65.6,0.36,104.8,-0.35,0.09,0.0,199.2,0.2,Sample Data
2025-09-15,42.395876398158684,-142.14021177425457,LOC_009,9.54,66.8,0.59,232.9,0.47,0.36,0.0,40.9,0.3,Sample Data
2025-09-15,55.88896710417846,-161.86579811523455,LOC_010,12.04,72.2,2.44,334.4,1.05,-2.2,0.0,103.8,1.2,Sample Data
2025-09-15,31.91084864014136,-132.37296037182008,LOC_011,7.74,85.6,0.52,196.0,0.14,0.5,0.0,210.5,2.2,Sample Data
2025-09-15,44.205248816277695,-77.92712501890823,LOC_012,3.37,84.3,1.9,259.3,1.87,0.35,0.0,94.5,0.2,Sample Data
2025-09-15,24.97553366187698,-113.1495230062305,LOC_013,21.92,64.8,3.34,26.9,-1.51,-2.98,0.0,260.9,2.9,Sample Data
2025-09-15,54.431092664653185,-173.9614463464003,LOC_014,-3.29,51.9,3.02,278.8,2.98,-0.46,1.8,124.6,0.5,Sample Data
2025-09-15,55.56586389260788,-157.8318639206521,LOC_015,1.41,47.1,1.22,38.7,-0.76,-0.95,0.07,178.6,2.2,Sample Data
2025-09-15,14.878869473895964,-56.64488015706668,LOC_016,27.89,77.9,3.11,297.6,2.75,-1.44,1.41,258.0,4.9,Sample Data
2025-09-15,82.42240248059196,-74.90834474486006,LOC_017,-8.15,100.0,1.43,122.5,-1.21,0.77,0.0,68.9,1.9,Sample Data
2025-09-15,32.8460326880028,-167.3026251791701,LOC_018,13.13,87.4,0.32,22.1,-0.12,-0.3,0.96,260.5,2.3,Sample Data
2025-09-15,61.31747698841177,-122.78017581385183,LOC_019,-2.93,68.9,2.38,52.0,-1.88,-1.46,5.76,107.0,1.8,Sample Data
2025-09-15,19.15286761335841,-115.62700168553488,LOC_020,13.1,52.7,4.7,183.7,0.3,4.69,2.69,142.5,1.1,Sample Data
2025-09-15,12.57913908364138,-61.78834772975833,LOC_021,24.85,24.8,1.26,87.1,-1.26,-0.06,0.0,282.2,4.2,Sample Data
2025-09-15,29.408498620001268,-93.87210303398234,LOC_022,16.51,87.3,0.69,265.4,0.69,0.06,0.0,222.2,2.5,Sample Data
2025-09-15,33.378330706705825,-112.39115724688459,LOC_023,16.77,78.7,8.38,260.0,8.25,1.45,1.17,188.4,1.7,Sample Data
2025-09-15,51.00327095074597,-155.96892078168148,LOC_024,2.48,99.5,1.2,214.3,0.68,0.99,0.0,153.3,1.4,Sample Data
2025-09-15,82.7188470823419,-79.23273296305511,LOC_025,-7.58,73.3,0.34,239.3,0.29,0.17,0.44,49.7,0.6,Sample Data
2025-09-15,80.46242061731418,-63.672444444405656,LOC_026,-7.7,30.8,1.16,47.6,-0.86,-0.79,0.0,130.4,2.3,Sample Data
2025-09-15,54.84249841083138,-60.15634944699481,LOC_027,16.13,79.6,0.67,103.4,-0.65,0.16,0.57,155.5,0.4,Sample Data
2025-09-15,16.636937653893963,-154.5222278855111,LOC_028,26.27,60.4,0.65,231.0,0.51,0.41,0.0,139.2,2.1,Sample Data
2025-09-15,13.392046668290355,-137.70705700077565,LOC_029,30.02,43.2,0.15,78.9,-0.14,-0.03,0.0,210.5,4.1,Sample Data
2025-09-15,39.15079672671115,-144.72462586939355,LOC_030,7.41,97.2,0.52,143.3,-0.31,0.42,0.0,82.9,1.1,Sample Data
2025-09-15,72.1553131863947,-133.6220675298334,LOC_031,-6.94,85.7,1.13,295.2,1.02,-0.48,0.0,12.8,0.0,Sample Data
2025-09-15,31.07008822655356,-109.4495091894277,LOC_032,11.45,48.2,5.42,348.2,1.11,-5.3,0.0,255.2,2.9,Sample Data
2025-09-15,20.569316873107198,-75.71439250197484,LOC_033,28.67,25.0,0.79,267.7,0.79,0.03,0.0,244.0,3.7,Sample Data
2025-09-15,15.591298275982812,-51.70469824193276,LOC_034,27.05,44.5,4.83,124.6,-3.98,2.74,0.01,117.9,0.8,Sample Data
2025-09-15,67.9183576972493,-154.1669614005576,LOC_035,-9.26,90.9,5.89,92.8,-5.88,0.29,1.31,38.7,0.5,Sample Data
2025-09-15,10.41415878427018,-73.99001430087156,LOC_036,22.29,54.2,3.8,277.2,3.77,-0.48,0.0,273.8,4.3,Sample Data
2025-09-15,63.01430078857128,-85.22906815467165,LOC_037,-2.65,90.3,0.62,45.2,-0.44,-0.44,2.76,202.5,2.4,Sample Data
2025-09-15,67.84527600144594,-170.37419527456825,LOC_038,0.52,100.0,3.48,6.6,-0.4,-3.46,2.03,136.2,2.6,Sample Data
2025-09-15,36.884929640820445,-164.93702226173315,LOC_039,17.37,49.4,4.72,110.4,-4.42,1.65,5.4,152.6,1.6,Sample Data
2025-09-15,74.73275694066952,-98.97124351241747,LOC_040,1.87,77.8,0.75,97.0,-0.75,0.09,9.58,109.9,0.0,Sample Data
2025-09-15,34.81735186394869,-171.73741446281693,LOC_041,12.71,74.8,3.02,273.9,3.01,-0.21,0.0,222.0,2.1,Sample Data
2025-09-15,33.32367412867467,-137.7261681365229,LOC_042,9.61,64.7,1.64,285.8,1.58,-0.45,0.0,205.5,2.6,Sample Data
2025-09-15,64.7204633753548,-97.11752872382229,LOC_043,7.18,52.8,1.36,141.4,-0.85,1.07,0.0,126.4,2.3,Sample Data
2025-09-15,76.54095569322449,-118.61205972894659,LOC_044,-8.06,88.7,0.71,180.8,0.01,0.71,0.58,70.5,0.9,Sample Data
2025-09-15,18.96956844537263,-87.27817766101064,LOC_045,22.38,36.1,2.55,333.3,1.15,-2.28,0.0,252.7,3.0,Sample Data
2025-09-15,67.05887864626732,-107.03396431596549,LOC_046,-5.33,93.3,0.42,243.3,0.38,0.19,0.0,150.3,2.7,Sample Data
2025-09-15,67.82253849659207,-115.8065724726292,LOC_047,-7.57,87.4,5.29,90.7,-5.29,0.06,0.0,116.7,1.6,Sample Data
2025-09-15,49.20496220364956,-124.41966761338855,LOC_048,1.97,100.0,1.36,127.1,-1.08,0.82,0.0,204.4,3.7,Sample Data
2025-09-15,11.90643450580714,-165.97411449087042,LOC_049,25.26,38.5,4.71,171.3,-0.72,4.65,0.0,257.9,4.4,Sample Data
2025-09-15,12.357188926505069,-97.26664653570855,LOC_050,29.63,53.2,0.53,358.4,0.01,-0.53,0.03,208.3,3.0,Sample Data
2025-09-15,33.576698580724496,-113.88581014858865,LOC_051,18.64,74.1,5.88,357.0,0.31,-5.87,2.48,185.4,1.4,Sample Data
2025-09-15,78.06748554445697,-147.59201021064627,LOC_052,-9.61,100.0,2.68,181.4,0.06,2.68,0.0,136.6,1.9,Sample Data
2025-09-15,40.77871922767223,-81.77835198940367,LOC_053,6.85,74.0,2.47,119.5,-2.15,1.22,3.78,220.6,2.8,Sample Data
2025-09-15,27.159862411871686,-169.99261172225692,LOC_054,20.81,77.8,0.02,154.0,-0.01,0.01,4.83,179.6,1.4,Sample Data
2025-09-15,31.731358968532604,-159.04123265697942,LOC_055,6.88,76.3,0.71,215.7,0.41,0.57,0.12,270.9,2.6,Sample Data
2025-09-15,79.72732392569299,-74.9443506566258,LOC_056,-19.03,100.0,2.5,131.6,-1.87,1.66,0.0,85.6,0.7,Sample Data
2025-09-15,57.50528173828176,-66.7101232755967,LOC_057,3.19,79.7,0.61,106.5,-0.58,0.17,0.0,191.8,3.3,Sample Data
2025-09-15,70.27540576743358,-155.74589234481533,LOC_058,-2.32,73.8,3.42,299.1,2.98,-1.66,0.05,55.9,0.3,Sample Data
2025-09-15,76.94192488674834,-109.88550855096541,LOC_059,-3.02,84.1,1.49,304.2,1.23,-0.84,0.37,36.5,2.6,Sample Data
2025-09-15,70.55801163730469,-63.508131009945885,LOC_060,-12.33,82.4,6.12,217.8,3.75,4.84,0.0,61.3,0.8,Sample Data
2025-09-15,33.85026062288979,-165.693249811402,LOC_061,11.18,66.2,1.92,243.8,1.72,0.85,0.0,133.1,2.6,Sample Data
2025-09-15,27.095137190645627,-124.47598747858669,LOC_062,13.75,51.3,0.94,184.1,0.07,0.94,0.0,309.8,4.0,Sample Data
2025-09-15,71.351107444187,-68.10502417667536,LOC_063,-11.4,79.5,0.55,125.8,-0.44,0.32,0.0,141.7,2.9,Sample Data
2025-09-15,10.521409789839304,-113.60285066491646,LOC_064,28.49,35.5,2.54,174.3,-0.25,2.52,0.0,365.2,4.2,Sample Data
2025-09-15,41.30582523615843,-151.12598463880508,LOC_065,7.74,78.7,4.15,48.9,-3.13,-2.73,7.47,115.9,1.2,Sample Data
2025-09-15,18.98990255002621,-136.11002771752837,LOC_066,28.29,56.5,9.02,228.3,6.74,6.0,0.0,136.6,2.6,Sample Data
2025-09-15,80.71822779343894,-137.98361883730183,LOC_067,-18.48,100.0,1.04,12.0,-0.22,-1.02,0.0,0.0,0.0,Sample Data
2025-09-15,48.90929663075246,-88.60753534362688,LOC_068,13.55,67.4,0.4,308.8,0.31,-0.25,0.0,158.2,2.6,Sample Data
2025-09-15,37.27222017844705,-53.66832924627511,LOC_069,9.9,53.1,1.21,63.4,-1.09,-0.54,0.0,245.6,3.0,Sample Data
2025-09-15,82.18354712065835,-147.26830154270266,LOC_070,-9.31,83.3,4.32,273.4,4.31,-0.26,0.0,85.4,1.2,Sample Data
2025-09-15,47.29363794192891,-140.88581972381994,LOC_071,7.91,42.3,0.04,2.5,-0.0,-0.04,0.21,131.2,1.1,Sample Data
2025-09-15,31.36303707831007,-175.20469684391074,LOC_072,17.18,77.8,3.35,1.9,-0.11,-3.34,0.0,137.7,3.0,Sample Data
2025-09-15,55.71732504849226,-114.651726980248,LOC_073,1.9,87.5,2.48,35.9,-1.46,-2.01,0.0,128.5,1.1,Sample Data
2025-09-15,13.860906343749201,-143.77595964924052,LOC_074,32.08,59.4,2.9,83.6,-2.88,-0.32,2.83,267.3,3.3,Sample Data
2025-09-15,78.11994144749903,-148.8569542132936,LOC_075,-4.25,46.0,1.95,161.1,-0.63,1.84,0.0,0.0,0.3,Sample Data
2025-09-15,20.867115406841734,-116.3711411639168,LOC_076,13.7,75.7,0.48,235.4,0.4,0.27,0.0,216.3,4.4,Sample Data
2025-09-15,83.92378405829506,-148.53281470350495,LOC_077,-8.06,100.0,1.09,353.9,0.12,-1.08,0.45,31.4,0.3,Sample Data
2025-09-15,60.41016605544089,-80.98945000726671,LOC_078,1.45,83.7,2.44,236.1,2.03,1.36,0.0,139.7,1.4,Sample Data
2025-09-15,27.822815799429975,-85.33187468045826,LOC_079,14.29,93.1,4.25,81.7,-4.2,-0.61,0.35,257.6,2.8,Sample Data
2025-09-15,37.58373495394399,-97.80024202283467,LOC_080,10.54,88.6,2.67,259.5,2.62,0.49,0.37,193.4,2.7,Sample Data
2025-09-15,57.5147283070671,-110.3492910702814,LOC_081,-2.34,92.7,0.91,184.3,0.07,0.91,0.0,116.8,0.7,Sample Data
2025-09-15,16.771732754080624,-71.41067557339906,LOC_082,18.4,65.0,0.57,36.9,-0.34,-0.45,0.0,230.4,2.5,Sample Data
2025-09-15,34.05850487288019,-155.75259364801894,LOC_083,15.95,75.9,0.23,295.6,0.2,-0.1,0.0,211.8,3.7,Sample Data
2025-09-15,13.058135616607293,-103.18391738552856,LOC_084,27.88,37.9,1.85,14.2,-0.45,-1.79,0.25,265.8,5.3,Sample Data
2025-09-15,60.81732713817118,-177.8435822393787,LOC_085,-1.48,82.0,1.9,332.9,0.87,-1.69,0.0,197.9,3.0,Sample Data
2025-09-15,48.406979372446074,-150.55554922426808,LOC_086,7.66,96.3,5.85,140.9,-3.69,4.54,0.0,125.9,0.6,Sample Data
2025-09-15,58.38795928070874,-157.33236422935113,LOC_087,-5.05,77.4,0.79,324.5,0.46,-0.64,0.0,246.7,4.1,Sample Data
2025-09-15,61.820330357684945,-129.72440498093013,LOC_088,-11.48,80.7,7.41,45.2,-5.26,-5.22,0.0,129.9,0.0,Sample Data
2025-09-15,80.25474915525508,-162.12227726102088,LOC_089,-2.49,39.7,0.45,184.7,0.04,0.45,0.41,172.4,1.1,Sample Data
2025-09-15,35.57997632876939,-165.2484422387234,LOC_090,18.14,82.9,1.91,139.6,-1.24,1.45,0.0,189.0,4.6,Sample Data
2025-09-15,79.3520213708922,-65.94588406047247,LOC_091,-9.33,84.7,2.99,108.4,-2.83,0.94,4.39,126.6,2.4,Sample Data
2025-09-15,29.34562207863667,-94.20207401555672,LOC_092,13.53,58.6,2.21,62.0,-1.95,-1.04,0.78,182.6,1.8,Sample Data
2025-09-15,71.29166501509118,-107.8238944920699,LOC_093,-6.98,92.6,0.09,226.6,0.06,0.06,0.0,64.7,0.5,Sample Data
2025-09-15,49.723793376700485,-148.55920218294128,LOC_094,10.82,73.6,4.6,224.1,3.2,3.3,1.56,176.4,1.6,Sample Data
2025-09-15,16.98270758544244,-63.361951466067524,LOC_095,31.91,60.5,4.69,69.7,-4.4,-1.62,1.44,262.3,2.9,Sample Data
2025-09-15,77.53135428724978,-97.69681055447516,LOC_096,-0.31,78.4,2.61,278.3,2.58,-0.38,0.0,58.2,1.5,Sample Data
2025-09-15,35.42723432865255,-134.6027553003541,LOC_097,6.35,78.4,1.94,114.5,-1.76,0.8,6.82,215.5,2.2,Sample Data
2025-09-15,64.44667591526795,-63.37566620616498,LOC_098,-6.12,97.6,0.12,145.0,-0.07,0.1,0.0,125.3,1.4,Sample Data
2025-09-15,76.5314818198838,-78.6161790385089,LOC_099,-1.51,81.3,0.26,245.3,0.24,0.11,0.0,109.5,1.5,Sample Data
2025-09-16,38.090508913552185,-56.4071401667109,LOC_000,0.07,69.8,1.11,162.5,-0.34,1.06,0.0,202.0,2.5,Sample Data
2025-09-16,64.89954563585539,-102.17439705438524,LOC_001,10.26,66.2,5.32,129.8,-4.09,3.4,0.0,31.9,0.0,Sample Data
2025-09-16,21.70139803318274,-159.72071235629366,LOC_002,15.8,65.0,2.9,51.7,-2.27,-1.79,0.0,200.2,4.5,Sample Data
2025-09-16,14.35627091261496,-67.39710104925842,LOC_003,21.79,60.6,5.61,328.0,2.97,-4.76,0.0,260.3,2.3,Sample Data
2025-09-16,55.08362588074066,-87.95056488651409,LOC_004,2.64,82.1,7.17,111.4,-6.67,2.62,0.0,151.0,1.7,Sample Data
2025-09-16,11.543837072185184,-53.91171921894073,LOC_005,16.26,100.0,0.76,254.0,0.73,0.21,1.61,193.6,0.9,Sample Data
2025-09-16,72.43319806003163,-152.3959156118241,LOC_006,-5.38,60.6,6.18,256.3,6.0,1.46,0.0,111.2,0.8,Sample Data
2025-09-16,23.636872540532547,-156.1574137190536,LOC_007,21.61,54.5,0.86,150.1,-0.43,0.75,0.0,151.6,2.1,Sample Data
2025-09-16,32.81816822196533,-111.78166388780907,LOC_008,17.46,70.2,1.71,175.7,-0.13,1.71,0.0,105.2,4.3,Sample Data
2025-09-16,42.395876398158684,-142.14021177425457,LOC_009,18.63,75.9,0.34,295.6,0.31,-0.15,0.0,135.1,1.4,Sample Data
2025-09-16,55.88896710417846,-161.86579811523455,LOC_010,7.53,78.6,6.56,344.8,1.72,-6.33,0.0,120.4,2.6,Sample Data
2025-09-16,31.91084864014136,-132.37296037182008,LOC_011,23.14,84.4,1.36,325.6,0.77,-1.12,0.0,200.1,2.5,Sample Data
2025-09-16,44.205248816277695,-77.92712501890823,LOC_012,2.35,77.7,2.16,293.0,1.99,-0.85,0.0,205.8,3.5,Sample Data
2025-09-16,24.97553366187698,-113.1495230062305,LOC_013,21.63,56.5,6.72,69.9,-6.31,-2.31,7.43,210.7,3.6,Sample Data
2025-09-16,54.431092664653185,-173.9614463464003,LOC_014,7.1,100.0,0.16,268.4,0.16,0.0,0.0,149.6,4.1,Sample Data
2025-09-16,55.56586389260788,-157.8318639206521,LOC_015,-3.17,82.1,0.98,57.2,-0.82,-0.53,7.22,121.1,0.8,Sample Data
2025-09-16,14.878869473895964,-56.64488015706668,LOC_016,32.31,75.5,0.5,285.7,0.48,-0.14,0.0,176.6,1.2,Sample Data
2025-09-16,82.42240248059196,-74.90834474486006,LOC_017,-12.65,93.7,1.63,201.3,0.59,1.51,1.19,0.0,1.0,Sample Data
2025-09-16,32.8460326880028,-167.3026251791701,LOC_018,17.4,72.8,1.17,301.9,1.0,-0.62,3.64,171.9,4.3,Sample Data
2025-09-16,61.31747698841177,-122.78017581385183,LOC_019,-0.8,91.7,1.02,180.3,0.0,1.02,0.0,194.8,1.4,Sample Data
2025-09-16,19.15286761335841,-115.62700168553488,LOC_020,24.45,66.9,10.82,96.0,-10.76,1.13,0.0,292.9,2.7,Sample Data
2025-09-16,12.57913908364138,-61.78834772975833,LOC_021,25.87,59.1,3.92,342.9,1.15,-3.74,0.0,135.9,1.4,Sample Data
2025-09-16,29.408498620001268,-93.87210303398234,LOC_022,15.64,66.9,2.23,181.8,0.07,2.23,0.0,178.6,1.2,Sample Data
2025-09-16,33.378330706705825,-112.39115724688459,LOC_023,5.01,60.6,4.81,188.7,0.72,4.75,0.0,209.7,3.0,Sample Data
2025-09-16,51.00327095074597,-155.96892078168148,LOC_024,7.61,63.5,1.72,106.1,-1.65,0.47,1.34,91.8,0.4,Sample Data
2025-09-16,82.7188470823419,-79.23273296305511,LOC_025,-5.08,95.3,0.84,17.8,-0.26,-0.8,0.0,0.0,1.1,Sample Data
2025-09-16,80.46242061731418,-63.672444444405656,LOC_026,-11.8,83.6,2.84,60.0,-2.46,-1.42,0.0,0.0,0.7,Sample Data
2025-09-16,54.84249841083138,-60.15634944699481,LOC_027,8.81,63.5,1.7,163.1,-0.49,1.62,0.0,96.4,2.1,Sample Data
2025-09-16,16.636937653893963,-154.5222278855111,LOC_028,23.54,45.8,1.19,159.3,-0.42,1.11,0.0,333.7,4.1,Sample Data
2025-09-16,13.392046668290355,-137.70705700077565,LOC_029,32.73,58.4,3.67,192.3,0.78,3.59,0.0,207.7,3.6,Sample Data
2025-09-16,39.15079672671115,-144.72462586939355,LOC_030,18.79,57.8,2.62,25.6,-1.13,-2.36,0.0,188.5,1.8,Sample Data
2025-09-16,72.1553131863947,-133.6220675298334,LOC_031,-14.18,79.6,0.28,202.6,0.11,0.26,0.0,110.9,0.5,Sample Data
2025-09-16,31.07008822655356,-109.4495091894277,LOC_032,19.88,75.6,7.07,147.4,-3.81,5.96,0.0,175.9,2.9,Sample Data
2025-09-16,20.569316873107198,-75.71439250197484,LOC_033,19.68,46.4,1.54,207.3,0.71,1.37,0.0,213.9,4.3,Sample Data
2025-09-16,15.591298275982812,-51.70469824193276,LOC_034,22.5,58.3,0.14,253.8,0.14,0.04,0.0,252.7,3.0,Sample Data
2025-09-16,67.9183576972493,-154.1669614005576,LOC_035,5.95,93.6,5.6,106.8,-5.36,1.62,0.0,118.6,1.3,Sample Data
2025-09-16,10.41415878427018,-73.99001430087156,LOC_036,26.33,58.7,1.92,199.4,0.64,1.81,0.0,192.7,2.2,Sample Data
2025-09-16,63.01430078857128,-85.22906815467165,LOC_037,-0.04,81.5,0.45,279.6,0.44,-0.08,0.0,49.6,0.1,Sample Data
2025-09-16,67.84527600144594,-170.37419527456825,LOC_038,-0.68,92.1,2.38,219.4,1.51,1.84,1.28,83.1,0.4,Sample Data
2025-09-16,36.884929640820445,-164.93702226173315,LOC_039,15.93,71.1,1.55,74.8,-1.5,-0.41,0.0,205.1,3.1,Sample Data
2025-09-16,74.73275694066952,-98.97124351241747,LOC_040,-5.73,100.0,4.18,50.4,-3.22,-2.66,0.0,103.6,0.0,Sample Data
2025-09-16,34.81735186394869,-171.73741446281693,LOC_041,12.77,66.7,1.33,104.7,-1.28,0.34,0.0,239.8,3.4,Sample Data
2025-09-16,33.32367412867467,-137.7261681365229,LOC_042,7.15,76.2,2.23,199.8,0.76,2.1,0.0,163.3,0.8,Sample Data
2025-09-16,64.7204633753548,-97.11752872382229,LOC_043,0.72,77.7,1.76,271.8,1.76,-0.06,0.0,144.9,0.2,Sample Data
2025-09-16,76.54095569322449,-118.61205972894659,LOC_044,-7.48,100.0,8.71,77.2,-8.49,-1.93,4.44,107.9,1.5,Sample Data
2025-09-16,18.96956844537263,-87.27817766101064,LOC_045,23.26,66.1,2.53,137.7,-1.7,1.87,0.0,279.9,1.1,Sample Data
2025-09-16,67.05887864626732,-107.03396431596549,LOC_046,7.83,48.1,1.91,17.3,-0.57,-1.82,0.0,219.6,1.4,Sample Data
2025-09-16,67.82253849659207,-115.8065724726292,LOC_047,1.27,63.7,0.31,327.2,0.17,-0.26,0.46,133.8,2.0,Sample Data
2025-09-16,49.20496220364956,-124.41966761338855,LOC_048,0.49,86.2,1.01,171.3,-0.15,1.0,0.0,201.9,1.6,Sample Data
2025-09-16,11.90643450580714,-165.97411449087042,LOC_049,16.25,59.0,1.83,25.6,-0.79,-1.65,0.0,258.8,2.3,Sample Data
2025-09-16,12.357188926505069,-97.26664653570855,LOC_050,25.99,56.6,4.97,348.4,1.0,-4.87,0.0,178.0,3.6,Sample Data
2025-09-16,33.576698580724496,-113.88581014858865,LOC_051,13.13,49.8,0.54,353.5,0.06,-0.54,1.78,225.6,5.0,Sample Data
2025-09-16,78.06748554445697,-147.59201021064627,LOC_052,-11.87,94.5,2.43,103.4,-2.36,0.56,0.0,120.0,0.4,Sample Data
2025-09-16,40.77871922767223,-81.77835198940367,LOC_053,10.97,47.6,6.56,249.8,6.16,2.27,0.0,141.3,0.0,Sample Data
2025-09-16,27.159862411871686,-169.99261172225692,LOC_054,19.81,47.6,1.36,306.9,1.09,-0.81,0.0,122.9,2.8,Sample Data
2025-09-16,31.731358968532604,-159.04123265697942,LOC_055,18.48,55.0,2.0,80.9,-1.97,-0.32,0.36,160.1,2.7,Sample Data
2025-09-16,79.72732392569299,-74.9443506566258,LOC_056,-21.77,100.0,2.6,315.8,1.81,-1.86,0.0,60.0,0.7,Sample Data
2025-09-16,57.50528173828176,-66.7101232755967,LOC_057,11.91,50.6,2.45,234.5,1.99,1.42,2.08,168.3,1.4,Sample Data
2025-09-16,70.27540576743358,-155.74589234481533,LOC_058,2.29,63.6,0.15,146.8,-0.08,0.12,0.0,138.5,1.1,Sample Data
2025-09-16,76.94192488674834,-109.88550855096541,LOC_059,-1.39,100.0,1.31,173.7,-0.14,1.3,0.0,179.3,2.0,Sample Data
2025-09-16,70.55801163730469,-63.508131009945885,LOC_060,-11.04,84.3,0.72,2.1,-0.03,-0.72,2.76,73.5,1.5,Sample Data
2025-09-16,33.85026062288979,-165.693249811402,LOC_061,14.19,77.4,7.47,254.4,7.19,2.0,0.0,249.3,2.5,Sample Data
2025-09-16,27.095137190645627,-124.47598747858669,LOC_062,22.72,54.0,0.42,62.4,-0.37,-0.19,0.0,115.2,0.4,Sample Data
2025-09-16,71.351107444187,-68.10502417667536,LOC_063,-6.2,88.1,1.3,301.4,1.11,-0.68,5.71,57.1,0.0,Sample Data
2025-09-16,10.521409789839304,-113.60285066491646,LOC_064,28.24,78.2,3.1,272.7,3.1,-0.15,3.58,250.9,4.8,Sample Data
2025-09-16,41.30582523615843,-151.12598463880508,LOC_065,12.1,80.0,0.68,154.7,-0.29,0.61,0.0,197.3,1.7,Sample Data
2025-09-16,18.98990255002621,-136.11002771752837,LOC_066,19.31,64.6,7.76,306.7,6.23,-4.63,0.0,190.5,2.1,Sample Data
2025-09-16,80.71822779343894,-137.98361883730183,LOC_067,-15.91,81.6,2.12,347.9,0.44,-2.07,0.0,88.3,1.9,Sample Data
2025-09-16,48.90929663075246,-88.60753534362688,LOC_068,12.47,68.8,1.91,312.7,1.41,-1.3,0.28,174.4,3.3,Sample Data
2025-09-16,37.27222017844705,-53.66832924627511,LOC_069,12.47,59.9,1.41,225.3,1.0,0.99,0.0,208.0,0.9,Sample Data
2025-09-16,82.18354712065835,-147.26830154270266,LOC_070,-13.6,97.0,5.05,218.2,3.12,3.97,0.0,30.8,0.1,Sample Data
2025-09-16,47.29363794192891,-140.88581972381994,LOC_071,3.11,77.7,10.47,13.9,-2.52,-10.16,0.0,52.0,1.1,Sample Data
2025-09-16,31.36303707831007,-175.20469684391074,LOC_072,16.28,57.7,2.64,101.1,-2.59,0.51,0.0,172.3,0.3,Sample Data
2025-09-16,55.71732504849226,-114.651726980248,LOC_073,-1.4,82.6,8.07,134.8,-5.72,5.69,0.98,161.5,4.5,Sample Data
2025-09-16,13.860906343749201,-143.77595964924052,LOC_074,22.58,64.0,1.0,294.9,0.91,-0.42,3.87,280.4,1.9,Sample Data
2025-09-16,78.11994144749903,-148.8569542132936,LOC_075,-10.0,83.3,1.12,185.2,0.1,1.12,0.0,111.6,2.5,Sample Data
2025-09-16,20.867115406841734,-116.3711411639168,LOC_076,13.56,95.4,1.93,149.2,-0.99,1.66,0.0,153.6,2.5,Sample Data
2025-09-16,83.92378405829506,-148.53281470350495,LOC_077,1.45,77.2,0.96,258.0,0.94,0.2,0.0,23.7,1.0,Sample Data
2025-09-16,60.41016605544089,-80.98945000726671,LOC_078,-0.53,98.3,2.58,314.3,1.85,-1.8,0.0,70.6,0.3,Sample Data
2025-09-16,27.822815799429975,-85.33187468045826,LOC_079,15.4,89.7,0.64,325.6,0.36,-0.53,0.05,203.9,2.4,Sample Data
2025-09-16,37.58373495394399,-97.80024202283467,LOC_080,5.95,91.5,1.16,122.2,-0.98,0.62,0.0,210.5,2.0,Sample Data
2025-09-16,57.5147283070671,-110.3492910702814,LOC_081,10.42,60.1,2.44,307.1,1.95,-1.47,0.0,50.4,3.5,Sample Data
2025-09-16,16.771732754080624,-71.41067557339906,LOC_082,26.68,54.2,0.54,53.8,-0.44,-0.32,0.0,159.9,2.6,Sample Data
2025-09-16,34.05850487288019,-155.75259364801894,LOC_083,16.88,64.4,0.85,240.6,0.74,0.42,0.0,226.8,2.8,Sample Data
2025-09-16,13.058135616607293,-103.18391738552856,LOC_084,23.07,86.8,2.53,249.3,2.36,0.89,0.0,201.1,3.4,Sample Data
2025-09-16,60.81732713817118,-177.8435822393787,LOC_085,-4.22,73.1,0.12,15.5,-0.03,-0.11,0.0,188.3,3.6,Sample Data
2025-09-16,48.406979372446074,-150.55554922426808,LOC_086,12.16,75.5,1.96,313.3,1.43,-1.35,0.0,172.6,2.6,Sample Data
2025-09-16,58.38795928070874,-157.33236422935113,LOC_087,4.02,52.7,2.28,49.6,-1.74,-1.48,0.0,121.0,1.4,Sample Data
2025-09-16,61.820330357684945,-129.72440498093013,LOC_088,0.93,86.3,6.28,243.4,5.62,2.82,0.0,230.1,3.0,Sample Data
2025-09-16,80.25474915525508,-162.12227726102088,LOC_089,-6.48,88.2,1.52,343.1,0.44,-1.46,0.0,0.0,0.0,Sample Data
2025-09-16,35.57997632876939,-165.2484422387234,LOC_090,7.6,77.2,1.9,299.2,1.66,-0.93,0.64,231.2,3.5,Sample Data
2025-09-16,79.3520213708922,-65.94588406047247,LOC_091,-7.88,94.9,0.88,332.7,0.4,-0.78,0.0,164.4,2.7,Sample Data
2025-09-16,29.34562207863667,-94.20207401555672,LOC_092,17.45,72.2,1.38,256.7,1.34,0.32,0.98,140.8,1.4,Sample Data
2025-09-16,71.29166501509118,-107.8238944920699,LOC_093,0.99,87.7,13.32,124.7,-10.95,7.58,0.0,149.4,2.7,Sample Data
2025-09-16,49.723793376700485,-148.55920218294128,LOC_094,6.82,43.0,2.28,96.4,-2.27,0.25,0.0,136.6,1.6,Sample Data
2025-09-16,16.98270758544244,-63.361951466067524,LOC_095,24.07,32.5,1.57,98.6,-1.56,0.23,3.42,288.1,2.1,Sample Data
2025-09-16,77.53135428724978,-97.69681055447516,LOC_096,-11.43,100.0,7.06,201.6,2.6,6.56,0.0,103.8,1.4,Sample Data
2025-09-16,35.42723432865255,-134.6027553003541,LOC_097,11.59,40.1,1.13,252.1,1.08,0.35,0.0,220.0,2.4,Sample Data
2025-09-16,64.44667591526795,-63.37566620616498,LOC_098,-4.41,100.0,3.97,37.5,-2.42,-3.15,0.0,29.0,0.6,Sample Data
2025-09-16,76.5314818198838,-78.6161790385089,LOC_099,-0.91,100.0,0.71,10.9,-0.13,-0.69,0.0,136.5,1.9,Sample Data
2025-09-17,38.090508913552185,-56.4071401667109,LOC_000,12.06,82.1,4.2,158.1,-1.57,3.9,0.0,153.3,0.7,Sample Data
2025-09-17,64.89954563585539,-102.17439705438524,LOC_001,2.27,85.9,1.53,161.3,-0.49,1.45,0.0,80.2,2.0,Sample Data
2025-09-17,21.70139803318274,-159.72071235629366,LOC_002,25.91,41.8,2.48,58.4,-2.12,-1.3,0.0,219.4,3.4,Sample Data
2025-09-17,14.35627091261496,-67.39710104925842,LOC_003,21.84,92.9,1.28,310.5,0.97,-0.83,0.0,214.5,2.4,Sample Data
2025-09-17,55.08362588074066,-87.95056488651409,LOC_004,-2.5,54.8,5.35,111.5,-4.98,1.97,0.0,168.6,1.1,Sample Data
2025-09-17,11.543837072185184,-53.91171921894073,LOC_005,19.23,76.8,1.18,300.5,1.01,-0.6,0.0,233.3,0.9,Sample Data
2025-09-17,72.43319806003163,-152.3959156118241,LOC_006,-9.71,87.3,5.56,258.5,5.45,1.11,0.0,113.7,1.6,Sample Data
2025-09-17,23.636872540532547,-156.1574137190536,LOC_007,29.7,73.7,11.31,231.2,8.81,7.09,2.57,290.4,4.5,Sample Data
2025-09-17,32.81816822196533,-111.78166388780907,LOC_008,8.28,87.6,3.07,218.7,1.92,2.39,0.46,142.0,2.1,Sample Data
2025-09-17,42.395876398158684,-142.14021177425457,LOC_009,13.31,61.7,1.19,175.7,-0.09,1.19,0.0,144.1,0.5,Sample Data
2025-09-17,55.88896710417846,-161.86579811523455,LOC_010,10.0,80.9,6.96,329.6,3.52,-6.0,0.0,90.0,0.8,Sample Data
2025-09-17,31.91084864014136,-132.37296037182008,LOC_011,19.73,83.2,0.13,301.2,0.12,-0.07,1.13,151.6,3.7,Sample Data
2025-09-17,44.205248816277695,-77.92712501890823,LOC_012,5.14,74.4,1.54,275.3,1.53,-0.14,0.0,87.5,0.0,Sample Data
2025-09-17,24.97553366187698,-113.1495230062305,LOC_013,19.83,66.2,0.93,158.5,-0.34,0.87,0.0,156.3,2.2,Sample Data
2025-09-17,54.431092664653185,-173.9614463464003,LOC_014,-2.16,88.8,2.14,190.5,0.39,2.11,0.0,55.8,0.4,Sample Data
2025-09-17,55.56586389260788,-157.8318639206521,LOC_015,5.37,70.7,0.56,153.3,-0.25,0.5,2.97,33.6,0.0,Sample Data
2025-09-17,14.878869473895964,-56.64488015706668,LOC_016,28.31,51.6,2.42,258.4,2.37,0.49,0.0,196.5,3.1,Sample Data
2025-09-17,82.42240248059196,-74.90834474486006,LOC_017,-6.24,81.1,0.96,98.3,-0.95,0.14,1.9,150.1,1.4,Sample Data
2025-09-17,32.8460326880028,-167.3026251791701,LOC_018,15.96,77.8,0.69,335.8,0.28,-0.63,0.32,195.6,1.6,Sample Data
2025-09-17,61.31747698841177,-122.78017581385183,LOC_019,-5.16,69.5,2.78,294.0,2.54,-1.13,0.0,82.6,0.2,Sample Data
2025-09-17,19.15286761335841,-115.62700168553488,LOC_020,20.15,68.1,8.83,123.2,-7.38,4.84,0.0,242.0,4.7,Sample Data
2025-09-17,12.57913908364138,-61.78834772975833,LOC_021,27.34,29.8,3.94,15.2,-1.03,-3.8,1.23,231.5,2.0,Sample Data
2025-09-17,29.408498620001268,-93.87210303398234,LOC_022,14.47,47.1,0.66,197.5,0.2,0.63,0.05,216.3,2.0,Sample Data
2025-09-17,33.378330706705825,-112.39115724688459,LOC_023,-1.56,93.2,9.08,340.1,3.09,-8.54,0.0,138.7,4.0,Sample Data
2025-09-17,51.00327095074597,-155.96892078168148,LOC_024,7.72,71.5,2.77,208.5,1.32,2.44,0.1,145.2,2.2,Sample Data
2025-09-17,82.7188470823419,-79.23273296305511,LOC_025,-15.46,90.2,5.44,9.9,-0.94,-5.36,0.0,27.8,0.9,Sample Data
2025-09-17,80.46242061731418,-63.672444444405656,LOC_026,-18.46,100.0,0.59,309.3,0.46,-0.37,0.0,13.9,0.0,Sample Data
2025-09-17,54.84249841083138,-60.15634944699481,LOC_027,8.18,69.0,1.35,342.6,0.41,-1.29,0.0,129.6,1.3,Sample Data
2025-09-17,16.636937653893963,-154.5222278855111,LOC_028,21.02,78.4,0.01,98.6,-0.01,0.0,0.0,191.3,2.7,Sample Data
2025-09-17,13.392046668290355,-137.70705700077565,LOC_029,26.81,80.9,4.4,154.4,-1.9,3.97,0.0,145.3,1.1,Sample Data
2025-09-17,39.15079672671115,-144.72462586939355,LOC_030,8.45,97.3,11.95,125.8,-9.69,6.99,0.0,162.5,3.4,Sample Data
2025-09-17,72.1553131863947,-133.6220675298334,LOC_031,-5.73,97.0,4.09,168.1,-0.84,4.0,0.44,172.7,1.7,Sample Data
2025-09-17,31.07008822655356,-109.4495091894277,LOC_032,23.31,74.7,1.0,173.3,-0.12,0.99,3.4,190.9,2.5,Sample Data
2025-09-17,20.569316873107198,-75.71439250197484,LOC_033,26.39,82.7,4.65,91.4,-4.65,0.11,0.0,150.0,3.1,Sample Data
2025-09-17,15.591298275982812,-51.70469824193276,LOC_034,17.25,68.4,1.81,317.2,1.23,-1.33,0.0,225.7,4.0,Sample Data
2025-09-17,67.9183576972493,-154.1669614005576,LOC_035,-1.41,61.7,2.12,143.5,-1.26,1.7,1.08,23.5,0.0,Sample Data
2025-09-17,10.41415878427018,-73.99001430087156,LOC_036,24.66,70.3,4.25,190.9,0.8,4.18,0.0,277.5,3.6,Sample Data
2025-09-17,63.01430078857128,-85.22906815467165,LOC_037,-4.57,79.7,3.36,2.8,-0.16,-3.36,0.0,146.5,0.7,Sample Data
2025-09-17,67.84527600144594,-170.37419527456825,LOC_038,-3.23,88.5,5.1,182.8,0.25,5.1,0.0,74.2,1.9,Sample Data
2025-09-17,36.884929640820445,-164.93702226173315,LOC_039,4.88,79.8,1.76,174.3,-0.17,1.75,0.0,172.4,3.1,Sample Data
2025-09-17,74.73275694066952,-98.97124351241747,LOC_040,-4.42,66.6,0.08,143.8,-0.04,0.06,0.0,80.5,0.1,Sample Data
2025-09-17,34.81735186394869,-171.73741446281693,LOC_041,16.4,62.6,6.11,85.6,-6.09,-0.47,1.97,248.3,1.9,Sample Data
2025-09-17,33.32367412867467,-137.7261681365229,LOC_042,9.02,82.8,5.85,21.1,-2.1,-5.46,13.09,275.8,2.9,Sample Data
2025-09-17,64.7204633753548,-97.11752872382229,LOC_043,0.54,61.7,3.89,113.2,-3.57,1.53,0.0,37.5,2.0,Sample Data
2025-09-17,76.54095569322449,-118.61205972894659,LOC_044,2.84,100.0,0.54,145.0,-0.31,0.44,0.0,155.1,1.4,Sample Data
2025-09-17,18.96956844537263,-87.27817766101064,LOC_045,24.91,59.7,1.04,149.7,-0.53,0.9,0.0,309.1,5.9,Sample Data
2025-09-17,67.05887864626732,-107.03396431596549,LOC_046,-3.35,74.0,0.95,359.8,0.0,-0.95,4.32,53.1,1.9,Sample Data
2025-09-17,67.82253849659207,-115.8065724726292,LOC_047,3.01,79.9,6.45,57.7,-5.45,-3.44,0.0,93.4,1.1,Sample Data
2025-09-17,49.20496220364956,-124.41966761338855,LOC_048,11.57,75.2,1.44,266.4,1.44,0.09,0.0,107.1,1.0,Sample Data
2025-09-17,11.90643450580714,-165.97411449087042,LOC_049,28.68,63.8,3.47,6.4,-0.39,-3.45,0.14,289.7,4.0,Sample Data
2025-09-17,12.357188926505069,-97.26664653570855,LOC_050,33.9,61.0,10.66,30.1,-5.35,-9.22,0.0,199.0,1.5,Sample Data
2025-09-17,33.576698580724496,-113.88581014858865,LOC_051,26.94,61.1,3.69,299.8,3.21,-1.84,3.32,47.6,0.0,Sample Data
2025-09-17,78.06748554445697,-147.59201021064627,LOC_052,-6.55,44.5,8.7,197.4,2.6,8.31,0.0,107.8,0.5,Sample Data
2025-09-17,40.77871922767223,-81.77835198940367,LOC_053,13.3,84.3,2.8,203.3,1.11,2.57,0.0,167.9,2.2,Sample Data
2025-09-17,27.159862411871686,-169.99261172225692,LOC_054,15.88,84.1,0.88,313.1,0.64,-0.6,0.0,167.1,2.9,Sample Data
2025-09-17,31.731358968532604,-159.04123265697942,LOC_055,14.96,65.4,0.32,271.6,0.32,-0.01,1.17,178.5,1.8,Sample Data
2025-09-17,79.72732392569299,-74.9443506566258,LOC_056,-11.6,95.5,3.13,330.3,1.55,-2.71,0.0,72.2,0.9,Sample Data
2025-09-17,57.50528173828176,-66.7101232755967,LOC_057,4.31,72.3,3.77,230.2,2.9,2.41,0.0,109.4,1.3,Sample Data
2025-09-17,70.27540576743358,-155.74589234481533,LOC_058,-0.94,96.8,1.92,323.9,1.13,-1.55,0.0,137.0,1.3,Sample Data
2025-09-17,76.94192488674834,-109.88550855096541,LOC_059,-7.27,100.0,0.42,77.4,-0.41,-0.09,0.0,137.8,1.3,Sample Data
2025-09-17,70.55801163730469,-63.508131009945885,LOC_060,1.85,70.5,1.3,60.2,-1.13,-0.65,0.97,90.3,1.5,Sample Data
2025-09-17,33.85026062288979,-165.693249811402,LOC_061,13.06,68.6,7.5,50.3,-5.76,-4.79,0.0,174.8,2.1,Sample Data
2025-09-17,27.095137190645627,-124.47598747858669,LOC_062,6.6,71.8,1.63,334.4,0.7,-1.47,0.0,228.6,3.2,Sample Data
2025-09-17,71.351107444187,-68.10502417667536,LOC_063,-9.88,65.0,2.85,224.5,2.0,2.04,0.0,107.3,1.3,Sample Data
2025-09-17,10.521409789839304,-113.60285066491646,LOC_064,24.29,79.7,3.9,97.0,-3.87,0.48,0.87,202.3,2.5,Sample Data
2025-09-17,41.30582523615843,-151.12598463880508,LOC_065,7.7,90.5,2.61,26.6,-1.17,-2.33,4.41,200.5,2.6,Sample Data
2025-09-17,18.98990255002621,-136.11002771752837,LOC_066,25.2,53.3,19.74,226.7,14.36,13.54,0.0,176.5,3.4,Sample Data
2025-09-17,80.71822779343894,-137.98361883730183,LOC_067,-3.49,86.8,3.5,7.6,-0.46,-3.46,0.0,50.8,0.1,Sample Data
2025-09-17,48.90929663075246,-88.60753534362688,LOC_068,2.88,62.2,2.88,192.3,0.61,2.81,0.36,158.1,0.4,Sample Data
2025-09-17,37.27222017844705,-53.66832924627511,LOC_069,8.72,72.2,3.92,118.4,-3.45,1.86,0.0,208.2,0.9,Sample Data
2025-09-17,82.18354712065835,-147.26830154270266,LOC_070,-14.44,73.4,1.87,333.8,0.83,-1.68,0.0,18.0,0.2,Sample Data
2025-09-17,47.29363794192891,-140.88581972381994,LOC_071,2.49,71.8,3.03,341.8,0.95,-2.88,0.0,227.5,1.2,Sample Data
2025-09-17,31.36303707831007,-175.20469684391074,LOC_072,11.12,96.3,0.69,145.0,-0.4,0.57,2.38,149.6,0.8,Sample Data
2025-09-17,55.71732504849226,-114.651726980248,LOC_073,16.82,62.8,2.53,147.8,-1.35,2.14,2.73,94.4,1.9,Sample Data
2025-09-17,13.860906343749201,-143.77595964924052,LOC_074,22.67,33.0,1.79,255.1,1.73,0.46,0.0,279.1,4.4,Sample Data
2025-09-17,78.11994144749903,-148.8569542132936,LOC_075,-13.28,72.9,1.73,110.7,-1.62,0.61,0.0,57.8,1.1,Sample Data
2025-09-17,20.867115406841734,-116.3711411639168,LOC_076,18.09,60.9,2.29,308.9,1.78,-1.44,0.0,181.7,0.9,Sample Data
2025-09-17,83.92378405829506,-148.53281470350495,LOC_077,-4.22,83.9,5.48,327.5,2.95,-4.62,0.0,28.1,0.7,Sample Data
2025-09-17,60.41016605544089,-80.98945000726671,LOC_078,-7.2,91.9,1.7,228.3,1.27,1.13,0.11,91.0,0.4,Sample Data
2025-09-17,27.822815799429975,-85.33187468045826,LOC_079,17.58,50.0,5.85,244.1,5.27,2.56,1.65,246.5,4.0,Sample Data
2025-09-17,37.58373495394399,-97.80024202283467,LOC_080,16.2,72.6,6.12,208.4,2.91,5.39,0.0,235.7,3.4,Sample Data
2025-09-17,57.5147283070671,-110.3492910702814,LOC_081,1.45,58.8,6.17,81.0,-6.09,-0.96,0.0,122.3,0.5,Sample Data
2025-09-17,16.771732754080624,-71.41067557339906,LOC_082,20.13,47.4,1.4,357.5,0.06,-1.4,0.0,226.4,2.3,Sample Data
2025-09-17,34.05850487288019,-155.75259364801894,LOC_083,11.38,61.4,2.17,205.1,0.92,1.97,2.83,212.3,2.4,Sample Data
2025-09-17,13.058135616607293,-103.18391738552856,LOC_084,20.39,92.6,4.68,294.4,4.26,-1.94,0.83,209.4,2.0,Sample Data
2025-09-17,60.81732713817118,-177.8435822393787,LOC_085,3.49,87.4,7.56,192.0,1.57,7.4,1.78,118.0,1.6,Sample Data
2025-09-17,48.406979372446074,-150.55554922426808,LOC_086,11.28,74.4,3.33,353.5,0.38,-3.31,4.67,129.9,2.6,Sample Data
2025-09-17,58.38795928070874,-157.33236422935113,LOC_087,3.55,100.0,0.38,191.5,0.08,0.38,0.0,167.3,2.8,Sample Data
2025-09-17,61.820330357684945,-129.72440498093013,LOC_088,-2.05,86.3,0.25,7.5,-0.03,-0.25,0.0,42.6,0.0,Sample Data
2025-09-17,80.25474915525508,-162.12227726102088,LOC_089,-3.68,89.4,8.28,289.1,7.83,-2.71,0.0,121.5,1.9,Sample Data
2025-09-17,35.57997632876939,-165.2484422387234,LOC_090,5.52,74.8,0.56,0.1,-0.0,-0.56,0.0,169.7,1.7,Sample Data
2025-09-17,79.3520213708922,-65.94588406047247,LOC_091,-6.18,58.2,1.52,242.9,1.35,0.69,0.26,0.0,0.0,Sample Data
2025-09-17,29.34562207863667,-94.20207401555672,LOC_092,14.28,65.9,6.78,249.1,6.33,2.42,0.13,278.9,2.8,Sample Data
2025-09-17,71.29166501509118,-107.8238944920699,LOC_093,-0.94,91.4,1.95,154.8,-0.83,1.76,5.22,34.6,0.9,Sample Data
2025-09-17,49.723793376700485,-148.55920218294128,LOC_094,7.67,79.2,0.79,35.4,-0.46,-0.64,0.0,191.2,2.0,Sample Data
2025-09-17,16.98270758544244,-63.361951466067524,LOC_095,14.41,65.4,3.51,203.6,1.41,3.22,0.35,149.3,1.4,Sample Data
2025-09-17,77.53135428724978,-97.69681055447516,LOC_096,-9.87,100.0,0.29,174.4,-0.03,0.29,0.28,108.7,1.0,Sample Data
2025-09-17,35.42723432865255,-134.6027553003541,LOC_097,7.0,61.0,2.39,259.9,2.35,0.42,0.0,228.8,3.4,Sample Data
2025-09-17,64.44667591526795,-63.37566620616498,LOC_098,0.9,92.6,9.24,184.0,0.64,9.22,0.0,69.3,0.3,Sample Data
2025-09-17,76.5314818198838,-78.6161790385089,LOC_099,-17.32,100.0,6.31,36.0,-3.71,-5.1,2.79,69.7,0.2,Sample Data
2025-09-18,38.090508913552185,-56.4071401667109,LOC_000,19.25,43.3,0.52,309.8,0.4,-0.33,0.0,172.3,3.0,Sample Data
2025-09-18,64.89954563585539,-102.17439705438524,LOC_001,-5.33,77.7,0.01,191.6,0.0,0.01,0.99,34.9,1.1,Sample Data
2025-09-18,21.70139803318274,-159.72071235629366,LOC_002,22.33,52.9,8.8,36.2,-5.19,-7.11,6.44,218.6,2.6,Sample Data
2025-09-18,14.35627091261496,-67.39710104925842,LOC_003,28.93,37.2,0.25,87.2,-0.25,-0.01,0.0,245.4,3.1,Sample Data
2025-09-18,55.08362588074066,-87.95056488651409,LOC_004,8.27,70.4,1.79,352.5,0.23,-1.77,0.0,176.9,1.9,Sample Data
2025-09-18,11.543837072185184,-53.91171921894073,LOC_005,22.78,69.1,2.94,26.2,-1.3,-2.64,0.0,279.9,1.6,Sample Data
2025-09-18,72.43319806003163,-152.3959156118241,LOC_006,-9.06,85.8,4.15,203.5,1.65,3.81,0.0,94.7,0.0,Sample Data
2025-09-18,23.636872540532547,-156.1574137190536,LOC_007,24.75,48.9,2.36,315.7,1.65,-1.68,0.0,226.6,2.4,Sample Data
2025-09-18,32.81816822196533,-111.78166388780907,LOC_008,7.13,78.4,2.93,128.8,-2.28,1.84,0.0,270.6,3.0,Sample Data
2025-09-18,42.395876398158684,-142.14021177425457,LOC_009,8.33,61.0,12.27,291.0,11.45,-4.41,0.65,226.2,1.5,Sample Data
2025-09-18,55.88896710417846,-161.86579811523455,LOC_010,6.66,87.1,2.14,291.9,1.98,-0.8,0.0,146.0,0.8,Sample Data
2025-09-18,31.91084864014136,-132.37296037182008,LOC_011,23.87,75.8,8.0,154.2,-3.48,7.2,0.0,165.8,0.1,Sample Data
2025-09-18,44.205248816277695,-77.92712501890823,LOC_012,2.93,73.6,9.5,145.6,-5.37,7.83,0.0,174.1,0.8,Sample Data
2025-09-18,24.97553366187698,-113.1495230062305,LOC_013,27.33,76.0,0.16,76.0,-0.15,-0.04,0.68,247.3,5.1,Sample Data
2025-09-18,54.431092664653185,-173.9614463464003,LOC_014,8.13,100.0,0.96,88.0,-0.96,-0.03,3.78,81.4,1.5,Sample Data
2025-09-18,55.56586389260788,-157.8318639206521,LOC_015,3.68,74.8,4.07,237.4,3.43,2.2,0.0,105.9,2.3,Sample Data
2025-09-18,14.878869473895964,-56.64488015706668,LOC_016,25.4,68.8,1.06,153.6,-0.47,0.95,0.24,158.0,2.9,Sample Data
2025-09-18,82.42240248059196,-74.90834474486006,LOC_017,-10.89,76.6,4.86,284.0,4.71,-1.18,0.0,33.3,0.0,Sample Data
2025-09-18,32.8460326880028,-167.3026251791701,LOC_018,15.96,68.3,1.19,332.3,0.55,-1.05,9.03,163.0,4.0,Sample Data
2025-09-18,61.31747698841177,-122.78017581385183,LOC_019,-7.44,97.0,0.96,40.9,-0.63,-0.73,0.85,152.1,3.3,Sample Data
2025-09-18,19.15286761335841,-115.62700168553488,LOC_020,23.35,62.9,3.33,63.1,-2.97,-1.51,0.0,192.3,2.5,Sample Data
2025-09-18,12.57913908364138,-61.78834772975833,LOC_021,22.07,38.9,2.01,49.7,-1.53,-1.3,0.0,127.0,2.3,Sample Data
2025-09-18,29.408498620001268,-93.87210303398234,LOC_022,10.47,66.5,1.42,226.1,1.02,0.98,0.0,155.2,0.7,Sample Data
2025-09-18,33.378330706705825,-112.39115724688459,LOC_023,18.92,69.6,4.2,199.2,1.38,3.96,0.0,227.5,2.5,Sample Data
2025-09-18,51.00327095074597,-155.96892078168148,LOC_024,11.34,88.0,0.12,218.0,0.07,0.09,0.0,133.3,1.1,Sample Data
2025-09-18,82.7188470823419,-79.23273296305511,LOC_025,-10.16,100.0,1.6,26.2,-0.71,-1.44,0.0,106.6,2.9,Sample Data
2025-09-18,80.46242061731418,-63.672444444405656,LOC_026,-23.66,100.0,2.7,84.0,-2.68,-0.28,0.0,0.0,0.8,Sample Data
2025-09-18,54.84249841083138,-60.15634944699481,LOC_027,9.99,68.6,0.53,105.4,-0.51,0.14,0.0,191.2,1.7,Sample Data
2025-09-18,16.636937653893963,-154.5222278855111,LOC_028,24.07,53.1,0.21,4.5,-0.02,-0.21,0.0,113.2,2.4,Sample Data
2025-09-18,13.392046668290355,-137.70705700077565,LOC_029,26.82,38.4,2.13,357.0,0.11,-2.13,0.0,163.9,4.1,Sample Data
2025-09-18,39.15079672671115,-144.72462586939355,LOC_030,21.03,61.7,0.32,118.2,-0.28,0.15,0.15,170.2,0.7,Sample Data
2025-09-18,72.1553131863947,-133.6220675298334,LOC_031,-5.88,100.0,1.23,29.6,-0.61,-1.07,0.0,130.9,0.2,Sample Data
2025-09-18,31.07008822655356,-109.4495091894277,LOC_032,14.36,46.4,10.38,277.9,10.29,-1.42,0.0,243.5,3.7,Sample Data
2025-09-18,20.569316873107198,-75.71439250197484,LOC_033,21.26,85.8,4.79,214.5,2.71,3.95,0.0,268.3,5.8,Sample Data
2025-09-18,15.591298275982812,-51.70469824193276,LOC_034,30.04,48.6,0.32,279.7,0.31,-0.05,0.0,199.7,2.1,Sample Data
2025-09-18,67.9183576972493,-154.1669614005576,LOC_035,-8.0,90.4,7.73,28.0,-3.63,-6.83,0.0,55.8,1.9,Sample Data
2025-09-18,10.41415878427018,-73.99001430087156,LOC_036,32.64,44.0,2.76,241.8,2.43,1.3,0.0,223.0,2.8,Sample Data
2025-09-18,63.01430078857128,-85.22906815467165,LOC_037,-2.91,61.6,1.04,275.4,1.03,-0.1,0.0,95.8,1.0,Sample Data
2025-09-18,67.84527600144594,-170.37419527456825,LOC_038,-3.5,79.5,1.58,355.8,0.12,-1.58,0.0,130.4,1.3,Sample Data
2025-09-18,36.884929640820445,-164.93702226173315,LOC_039,24.79,56.7,0.3,137.8,-0.2,0.22,0.0,90.0,2.1,Sample Data
2025-09-18,74.73275694066952,-98.97124351241747,LOC_040,-3.05,85.9,0.96,181.8,0.03,0.96,0.0,114.0,0.6,Sample Data
2025-09-18,34.81735186394869,-171.73741446281693,LOC_041,20.96,78.1,1.3,113.0,-1.19,0.51,0.0,161.6,0.6,Sample Data
2025-09-18,33.32367412867467,-137.7261681365229,LOC_042,13.59,75.9,10.46,50.5,-8.07,-6.65,0.0,213.5,2.1,Sample Data
2025-09-18,64.7204633753548,-97.11752872382229,LOC_043,-3.4,86.3,7.29,70.1,-6.86,-2.49,0.0,108.5,1.7,Sample Data
2025-09-18,76.54095569322449,-118.61205972894659,LOC_044,-0.38,80.3,0.49,237.5,0.41,0.26,0.0,145.2,0.6,Sample Data
2025-09-18,18.96956844537263,-87.27817766101064,LOC_045,27.88,55.5,0.51,284.4,0.49,-0.13,0.43,248.6,3.5,Sample Data
2025-09-18,67.05887864626732,-107.03396431596549,LOC_046,-7.02,68.1,2.31,76.2,-2.24,-0.55,0.0,82.1,1.4,Sample Data
2025-09-18,67.82253849659207,-115.8065724726292,LOC_047,4.28,73.6,1.23,227.9,0.92,0.83,1.88,120.3,1.2,Sample Data
2025-09-18,49.20496220364956,-124.41966761338855,LOC_048,-0.73,67.3,5.51,18.1,-1.71,-5.24,0.0,82.0,0.2,Sample Data
2025-09-18,11.90643450580714,-165.97411449087042,LOC_049,25.62,64.4,0.2,257.3,0.19,0.04,0.0,193.2,3.0,Sample Data
2025-09-18,12.357188926505069,-97.26664653570855,LOC_050,24.54,100.0,2.02,164.2,-0.55,1.94,2.82,236.0,2.9,Sample Data
2025-09-18,33.576698580724496,-113.88581014858865,LOC_051,18.12,48.5,8.48,238.8,7.25,4.39,0.0,160.5,3.1,Sample Data
2025-09-18,78.06748554445697,-147.59201021064627,LOC_052,-14.0,96.1,2.3,83.0,-2.28,-0.28,0.0,0.0,0.8,Sample Data
2025-09-18,40.77871922767223,-81.77835198940367,LOC_053,8.85,78.3,10.73,51.4,-8.39,-6.69,0.24,241.9,3.4,Sample Data
2025-09-18,27.159862411871686,-169.99261172225692,LOC_054,17.85,65.0,1.71,54.2,-1.39,-1.0,0.0,239.6,3.5,Sample Data
2025-09-18,31.731358968532604,-159.04123265697942,LOC_055,26.24,43.8,0.93,232.5,0.74,0.57,0.0,106.9,1.7,Sample Data
2025-09-18,79.72732392569299,-74.9443506566258,LOC_056,-9.39,96.7,1.21,65.3,-1.1,-0.5,3.58,110.3,1.6,Sample Data
2025-09-18,57.50528173828176,-66.7101232755967,LOC_057,-0.4,75.6,0.02,182.8,0.0,0.02,0.0,78.8,2.1,Sample Data
2025-09-18,70.27540576743358,-155.74589234481533,LOC_058,-3.08,88.4,0.05,294.1,0.04,-0.02,0.32,90.7,0.0,Sample Data
2025-09-18,76.94192488674834,-109.88550855096541,LOC_059,-16.33,84.1,0.57,274.4,0.57,-0.04,0.0,44.5,1.5,Sample Data
2025-09-18,70.55801163730469,-63.508131009945885,LOC_060,-8.57,76.3,0.44,198.5,0.14,0.42,0.0,149.9,3.0,Sample Data
2025-09-18,33.85026062288979,-165.693249811402,LOC_061,8.66,54.7,3.43,125.8,-2.78,2.01,0.94,161.4,1.8,Sample Data
2025-09-18,27.095137190645627,-124.47598747858669,LOC_062,18.38,69.1,0.74,23.3,-0.29,-0.68,0.0,168.9,0.8,Sample Data
2025-09-18,71.351107444187,-68.10502417667536,LOC_063,-2.14,90.2,0.7,120.9,-0.6,0.36,0.15,174.3,2.4,Sample Data
2025-09-18,10.521409789839304,-113.60285066491646,LOC_064,27.3,64.8,0.05,67.3,-0.05,-0.02,0.0,214.6,2.7,Sample Data
2025-09-18,41.30582523615843,-151.12598463880508,LOC_065,11.54,72.5,0.67,311.0,0.51,-0.44,0.0,242.4,3.1,Sample Data
2025-09-18,18.98990255002621,-136.11002771752837,LOC_066,15.18,30.5,12.88,153.1,-5.83,11.49,0.0,146.9,3.5,Sample Data
2025-09-18,80.71822779343894,-137.98361883730183,LOC_067,-9.55,84.0,0.04,0.4,-0.0,-0.04,0.0,44.0,0.0,Sample Data
2025-09-18,48.90929663075246,-88.60753534362688,LOC_068,3.85,79.3,1.13,53.8,-0.91,-0.67,0.0,216.2,3.6,Sample Data
2025-09-18,37.27222017844705,-53.66832924627511,LOC_069,10.13,68.7,0.25,153.4,-0.11,0.22,0.0,141.6,0.9,Sample Data
2025-09-18,82.18354712065835,-147.26830154270266,LOC_070,-9.39,74.8,3.42,231.5,2.67,2.13,0.0,9.5,0.1,Sample Data
2025-09-18,47.29363794192891,-140.88581972381994,LOC_071,11.79,51.7,2.85,191.2,0.55,2.8,0.0,200.3,2.8,Sample Data
2025-09-18,31.36303707831007,-175.20469684391074,LOC_072,21.92,69.0,0.86,244.1,0.77,0.37,0.0,252.7,2.6,Sample Data
2025-09-18,55.71732504849226,-114.651726980248,LOC_073,1.79,80.0,2.61,46.9,-1.91,-1.79,0.0,134.7,1.7,Sample Data
2025-09-18,13.860906343749201,-143.77595964924052,LOC_074,24.86,45.6,1.27,12.6,-0.28,-1.24,0.0,165.0,1.8,Sample Data
2025-09-18,78.11994144749903,-148.8569542132936,LOC_075,-5.04,92.2,0.73,94.9,-0.73,0.06,2.9,80.2,1.1,Sample Data
2025-09-18,20.867115406841734,-116.3711411639168,LOC_076,21.71,75.5,1.47,153.3,-0.66,1.31,0.06,172.1,4.0,Sample Data
2025-09-18,83.92378405829506,-148.53281470350495,LOC_077,-1.27,100.0,0.97,171.3,-0.15,0.96,0.0,119.0,1.1,Sample Data
2025-09-18,60.41016605544089,-80.98945000726671,LOC_078,11.36,55.4,6.78,311.8,5.05,-4.52,0.0,81.4,0.1,Sample Data
2025-09-18,27.822815799429975,-85.33187468045826,LOC_079,17.94,76.1,0.26,48.7,-0.19,-0.17,1.99,224.6,3.2,Sample Data
2025-09-18,37.58373495394399,-97.80024202283467,LOC_080,6.44,63.1,1.33,329.3,0.68,-1.15,0.0,172.9,3.9,Sample Data
2025-09-18,57.5147283070671,-110.3492910702814,LOC_081,10.7,76.1,0.73,259.9,0.72,0.13,0.0,209.0,2.1,Sample Data
2025-09-18,16.771732754080624,-71.41067557339906,LOC_082,30.57,42.0,4.33,357.1,0.22,-4.33,0.0,145.8,1.5,Sample Data
2025-09-18,34.05850487288019,-155.75259364801894,LOC_083,16.77,51.8,7.47,142.1,-4.59,5.89,0.67,92.5,0.8,Sample Data
2025-09-18,13.058135616607293,-103.18391738552856,LOC_084,27.92,44.6,0.02,194.1,0.01,0.02,0.0,240.3,1.5,Sample Data
2025-09-18,60.81732713817118,-177.8435822393787,LOC_085,6.14,94.6,1.77,124.8,-1.45,1.01,0.0,86.1,2.2,Sample Data
2025-09-18,48.406979372446074,-150.55554922426808,LOC_086,7.25,61.4,0.16,121.3,-0.14,0.08,0.0,204.7,1.8,Sample Data
2025-09-18,58.38795928070874,-157.33236422935113,LOC_087,-2.85,94.6,3.91,269.2,3.91,0.05,0.0,136.5,0.2,Sample Data
2025-09-18,61.820330357684945,-129.72440498093013,LOC_088,0.76,89.2,0.57,245.8,0.52,0.23,0.0,199.5,3.1,Sample Data
2025-09-18,80.25474915525508,-162.12227726102088,LOC_089,-2.74,83.2,3.84,221.4,2.54,2.88,3.62,0.0,0.0,Sample Data
2025-09-18,35.57997632876939,-165.2484422387234,LOC_090,16.91,80.7,0.46,315.7,0.32,-0.33,3.19,81.2,0.5,Sample Data
2025-09-18,79.3520213708922,-65.94588406047247,LOC_091,-10.62,83.8,3.25,198.2,1.01,3.09,0.24,79.8,0.8,Sample Data
2025-09-18,29.34562207863667,-94.20207401555672,LOC_092,14.61,70.2,2.46,30.5,-1.25,-2.12,0.0,203.7,3.1,Sample Data
2025-09-18,71.29166501509118,-107.8238944920699,LOC_093,-3.76,100.0,1.1,78.4,-1.07,-0.22,0.0,41.4,1.0,Sample Data
2025-09-18,49.723793376700485,-148.55920218294128,LOC_094,4.61,51.1,0.8,211.9,0.42,0.68,0.0,191.7,3.6,Sample Data
2025-09-18,16.98270758544244,-63.361951466067524,LOC_095,20.16,100.0,0.62,322.1,0.38,-0.49,0.19,168.9,2.7,Sample Data
2025-09-18,77.53135428724978,-97.69681055447516,LOC_096,-9.64,86.5,0.44,62.4,-0.39,-0.21,2.14,58.7,1.8,Sample Data
2025-09-18,35.42723432865255,-134.6027553003541,LOC_097,11.4,76.6,1.18,54.3,-0.96,-0.69,0.0,272.7,2.1,Sample Data
2025-09-18,64.44667591526795,-63.37566620616498,LOC_098,-0.27,100.0,2.96,336.7,1.17,-2.72,0.89,153.9,3.4,Sample Data
2025-09-18,76.5314818198838,-78.6161790385089,LOC_099,-9.88,70.8,1.89,151.0,-0.92,1.65,5.17,76.1,2.6,Sample Data
2025-09-19,38.090508913552185,-56.4071401667109,LOC_000,14.64,72.9,0.44,90.1,-0.44,0.0,0.0,169.7,2.5,Sample Data
2025-09-19,64.89954563585539,-102.17439705438524,LOC_001,-9.0,73.2,0.57,285.0,0.56,-0.15,0.0,139.5,1.6,Sample Data
2025-09-19,21.70139803318274,-159.72071235629366,LOC_002,19.09,84.4,3.36,156.6,-1.34,3.09,0.0,202.2,2.2,Sample Data
2025-09-19,14.35627091261496,-67.39710104925842,LOC_003,20.48,73.5,1.17,173.3,-0.14,1.17,0.0,236.3,1.3,Sample Data
2025-09-19,55.08362588074066,-87.95056488651409,LOC_004,1.38,77.0,0.01,36.4,-0.0,-0.01,0.0,131.8,2.2,Sample Data
2025-09-19,11.543837072185184,-53.91171921894073,LOC_005,18.66,65.7,2.4,52.1,-1.9,-1.48,0.0,160.3,1.7,Sample Data
2025-09-19,72.43319806003163,-152.3959156118241,LOC_006,-11.16,81.8,1.4,150.3,-0.69,1.22,2.14,82.2,1.8,Sample Data
2025-09-19,23.636872540532547,-156.1574137190536,LOC_007,15.43,55.3,5.77,205.8,2.51,5.2,0.0,184.3,1.1,Sample Data
2025-09-19,32.81816822196533,-111.78166388780907,LOC_008,14.77,66.9,6.46,30.2,-3.25,-5.59,0.0,157.2,0.6,Sample Data
2025-09-19,42.395876398158684,-142.14021177425457,LOC_009,9.51,88.2,1.22,74.8,-1.18,-0.32,0.0,134.3,3.9,Sample Data
2025-09-19,55.88896710417846,-161.86579811523455,LOC_010,-0.91,63.9,9.64,187.2,1.21,9.57,0.0,209.9,2.7,Sample Data
2025-09-19,31.91084864014136,-132.37296037182008,LOC_011,9.21,64.9,2.64,239.5,2.27,1.34,0.0,166.7,3.0,Sample Data
2025-09-19,44.205248816277695,-77.92712501890823,LOC_012,18.22,49.6,3.29,196.7,0.95,3.15,2.81,171.6,3.5,Sample Data
2025-09-19,24.97553366187698,-113.1495230062305,LOC_013,12.76,69.3,0.26,122.2,-0.22,0.14,0.0,202.7,4.7,Sample Data
2025-09-19,54.431092664653185,-173.9614463464003,LOC_014,-1.07,76.9,2.04,314.6,1.45,-1.44,0.0,210.1,4.5,Sample Data
2025-09-19,55.56586389260788,-157.8318639206521,LOC_015,5.27,84.8,6.62,199.0,2.16,6.26,0.0,134.7,2.9,Sample Data
2025-09-19,14.878869473895964,-56.64488015706668,LOC_016,30.46,33.0,0.17,182.3,0.01,0.17,0.0,182.9,0.9,Sample Data
2025-09-19,82.42240248059196,-74.90834474486006,LOC_017,-11.43,99.2,1.33,158.6,-0.49,1.24,0.0,122.4,2.1,Sample Data
2025-09-19,32.8460326880028,-167.3026251791701,LOC_018,20.48,60.6,2.29,121.9,-1.94,1.21,0.0,203.0,4.3,Sample Data
2025-09-19,61.31747698841177,-122.78017581385183,LOC_019,-5.33,69.5,3.36,6.6,-0.39,-3.33,0.0,75.9,0.0,Sample Data
2025-09-19,19.15286761335841,-115.62700168553488,LOC_020,13.3,71.6,6.47,30.7,-3.31,-5.57,0.0,214.7,3.7,Sample Data
2025-09-19,12.57913908364138,-61.78834772975833,LOC_021,20.82,38.1,3.68,350.4,0.62,-3.63,0.0,178.6,2.7,Sample Data
2025-09-19,29.408498620001268,-93.87210303398234,LOC_022,23.73,53.2,2.94,85.5,-2.93,-0.23,0.0,169.3,2.3,Sample Data
2025-09-19,33.378330706705825,-112.39115724688459,LOC_023,9.59,81.1,2.15,33.6,-1.19,-1.79,0.0,213.5,2.4,Sample Data
2025-09-19,51.00327095074597,-155.96892078168148,LOC_024,2.64,77.4,7.18,186.6,0.83,7.13,0.23,174.8,2.0,Sample Data
2025-09-19,82.7188470823419,-79.23273296305511,LOC_025,-7.22,91.8,1.37,15.6,-0.37,-1.32,0.0,75.4,0.0,Sample Data
2025-09-19,80.46242061731418,-63.672444444405656,LOC_026,-3.22,94.1,0.6,345.2,0.15,-0.58,0.0,75.5,2.1,Sample Data
2025-09-19,54.84249841083138,-60.15634944699481,LOC_027,4.63,75.4,2.62,312.1,1.94,-1.75,0.0,163.4,4.0,Sample Data
2025-09-19,16.636937653893963,-154.5222278855111,LOC_028,19.27,56.8,0.88,109.8,-0.83,0.3,0.0,155.6,1.8,Sample Data
2025-09-19,13.392046668290355,-137.70705700077565,LOC_029,24.14,56.6,2.31,159.9,-0.79,2.17,0.0,188.4,3.6,Sample Data
2025-09-19,39.15079672671115,-144.72462586939355,LOC_030,12.91,71.7,5.49,153.4,-2.46,4.91,0.0,181.3,1.0,Sample Data
2025-09-19,72.1553131863947,-133.6220675298334,LOC_031,-5.68,90.3,7.88,146.6,-4.33,6.58,0.0,65.2,0.9,Sample Data
2025-09-19,31.07008822655356,-109.4495091894277,LOC_032,6.83,83.7,0.1,295.5,0.09,-0.04,3.18,138.0,1.1,Sample Data
2025-09-19,20.569316873107198,-75.71439250197484,LOC_033,19.72,67.5,2.76,219.6,1.76,2.13,0.0,208.5,3.2,Sample Data
2025-09-19,15.591298275982812,-51.70469824193276,LOC_034,27.71,53.7,0.6,195.9,0.16,0.58,0.0,257.9,3.7,Sample Data
2025-09-19,67.9183576972493,-154.1669614005576,LOC_035,1.31,85.7,8.67,98.3,-8.58,1.24,1.32,53.3,1.4,Sample Data
2025-09-19,10.41415878427018,-73.99001430087156,LOC_036,18.82,58.9,1.32,61.1,-1.16,-0.64,4.74,196.0,2.0,Sample Data
2025-09-19,63.01430078857128,-85.22906815467165,LOC_037,-8.33,83.9,1.08,72.3,-1.03,-0.33,0.0,160.6,3.4,Sample Data
2025-09-19,67.84527600144594,-170.37419527456825,LOC_038,0.31,76.5,10.47,62.5,-9.29,-4.83,1.49,96.9,0.4,Sample Data
2025-09-19,36.884929640820445,-164.93702226173315,LOC_039,15.35,100.0,1.21,195.3,0.32,1.16,0.0,203.2,1.4,Sample Data
2025-09-19,74.73275694066952,-98.97124351241747,LOC_040,-11.77,91.3,0.07,61.7,-0.06,-0.03,0.0,37.5,1.1,Sample Data
2025-09-19,34.81735186394869,-171.73741446281693,LOC_041,7.84,81.8,2.85,148.3,-1.5,2.43,0.0,137.1,0.2,Sample Data
2025-09-19,33.32367412867467,-137.7261681365229,LOC_042,14.09,69.4,2.83,257.7,2.77,0.6,0.0,170.7,2.0,Sample Data
2025-09-19,64.7204633753548,-97.11752872382229,LOC_043,9.71,86.5,2.35,35.7,-1.37,-1.91,0.0,105.3,0.8,Sample Data
2025-09-19,76.54095569322449,-118.61205972894659,LOC_044,-6.64,65.5,3.54,191.6,0.71,3.47,0.0,134.2,1.3,Sample Data
2025-09-19,18.96956844537263,-87.27817766101064,LOC_045,24.42,47.6,4.25,150.9,-2.07,3.71,1.27,194.3,2.4,Sample Data
2025-09-19,67.05887864626732,-107.03396431596549,LOC_046,2.79,78.0,0.81,336.7,0.32,-0.74,0.0,74.3,0.7,Sample Data
2025-09-19,67.82253849659207,-115.8065724726292,LOC_047,4.9,100.0,5.69,358.6,0.14,-5.69,0.0,50.1,0.1,Sample Data
2025-09-19,49.20496220364956,-124.41966761338855,LOC_048,5.74,72.5,2.43,297.0,2.17,-1.1,0.0,160.1,2.7,Sample Data
2025-09-19,11.90643450580714,-165.97411449087042,LOC_049,23.32,64.4,5.8,243.1,5.17,2.63,0.42,106.5,0.9,Sample Data
2025-09-19,12.357188926505069,-97.26664653570855,LOC_050,28.91,63.8,1.34,153.7,-0.59,1.2,0.0,215.2,2.9,Sample Data
2025-09-19,33.576698580724496,-113.88581014858865,LOC_051,5.95,70.0,1.59,257.8,1.56,0.34,0.63,174.5,1.6,Sample Data
2025-09-19,78.06748554445697,-147.59201021064627,LOC_052,-6.28,88.0,0.81,249.7,0.76,0.28,0.0,128.2,2.5,Sample Data
2025-09-19,40.77871922767223,-81.77835198940367,LOC_053,4.05,95.5,0.56,209.1,0.27,0.49,0.0,144.9,3.5,Sample Data
2025-09-19,27.159862411871686,-169.99261172225692,LOC_054,10.41,56.8,0.71,95.7,-0.71,0.07,0.85,147.3,3.0,Sample Data
2025-09-19,31.731358968532604,-159.04123265697942,LOC_055,20.58,77.8,2.61,345.1,0.67,-2.52,2.68,156.9,1.0,Sample Data
2025-09-19,79.72732392569299,-74.9443506566258,LOC_056,-7.73,68.6,3.74,114.1,-3.41,1.53,0.0,34.9,2.2,Sample Data
2025-09-19,57.50528173828176,-66.7101232755967,LOC_057,3.62,85.1,0.2,223.6,0.14,0.15,1.63,49.7,0.0,Sample Data
2025-09-19,70.27540576743358,-155.74589234481533,LOC_058,-3.85,59.5,0.36,197.7,0.11,0.35,0.78,54.0,2.0,Sample Data
2025-09-19,76.94192488674834,-109.88550855096541,LOC_059,-7.96,72.8,0.72,193.1,0.16,0.7,0.0,155.7,3.3,Sample Data
2025-09-19,70.55801163730469,-63.508131009945885,LOC_060,-1.07,82.0,8.06,184.6,0.64,8.03,0.0,29.1,0.2,Sample Data
2025-09-19,33.85026062288979,-165.693249811402,LOC_061,13.41,100.0,0.33,71.2,-0.31,-0.11,0.0,186.7,3.3,Sample Data
2025-09-19,27.095137190645627,-124.47598747858669,LOC_062,11.13,90.2,2.54,161.1,-0.83,2.4,0.0,187.8,1.7,Sample Data
2025-09-19,71.351107444187,-68.10502417667536,LOC_063,-10.47,70.3,9.73,65.8,-8.87,-3.99,0.0,150.6,1.9,Sample Data
2025-09-19,10.521409789839304,-113.60285066491646,LOC_064,32.77,45.9,5.82,111.6,-5.41,2.14,0.0,255.8,2.7,Sample Data
2025-09-19,41.30582523615843,-151.12598463880508,LOC_065,9.25,69.6,3.41,203.6,1.36,3.13,0.0,95.7,1.4,Sample Data
2025-09-19,18.98990255002621,-136.11002771752837,LOC_066,21.17,20.9,6.94,93.9,-6.93,0.47,0.0,145.5,1.0,Sample Data
2025-09-19,80.71822779343894,-137.98361883730183,LOC_067,-17.7,75.2,1.4,114.6,-1.27,0.58,0.0,81.6,0.8,Sample Data
2025-09-19,48.90929663075246,-88.60753534362688,LOC_068,5.35,96.2,5.75,89.0,-5.75,-0.1,1.93,264.8,1.9,Sample Data
2025-09-19,37.27222017844705,-53.66832924627511,LOC_069,18.13,75.3,0.26,57.9,-0.22,-0.14,0.0,91.0,0.0,Sample Data
2025-09-19,82.18354712065835,-147.26830154270266,LOC_070,-6.33,61.3,0.61,225.7,0.44,0.43,0.13,6.8,0.0,Sample Data
2025-09-19,47.29363794192891,-140.88581972381994,LOC_071,7.65,54.6,1.97,16.5,-0.56,-1.89,8.86,92.8,2.6,Sample Data
2025-09-19,31.36303707831007,-175.20469684391074,LOC_072,6.03,71.9,1.27,233.7,1.02,0.75,0.0,202.3,2.2,Sample Data
2025-09-19,55.71732504849226,-114.651726980248,LOC_073,1.07,73.6,0.11,50.7,-0.09,-0.07,0.0,94.0,1.1,Sample Data
2025-09-19,13.860906343749201,-143.77595964924052,LOC_074,26.2,52.0,3.51,313.1,2.56,-2.4,0.0,261.1,2.6,Sample Data
2025-09-19,78.11994144749903,-148.8569542132936,LOC_075,-13.02,72.6,0.34,336.6,0.14,-0.31,1.47,98.4,1.1,Sample Data
2025-09-19,20.867115406841734,-116.3711411639168,LOC_076,25.56,49.5,5.8,156.8,-2.28,5.33,0.0,212.3,2.9,Sample Data
2025-09-19,83.92378405829506,-148.53281470350495,LOC_077,-15.59,100.0,6.58,139.5,-4.27,5.0,0.0,37.7,0.9,Sample Data
2025-09-19,60.41016605544089,-80.98945000726671,LOC_078,2.4,98.4,6.71,61.9,-5.92,-3.16,0.0,98.6,0.1,Sample Data
2025-09-19,27.822815799429975,-85.33187468045826,LOC_079,20.22,82.1,2.61,190.8,0.49,2.56,0.0,170.8,0.6,Sample Data
2025-09-19,37.58373495394399,-97.80024202283467,LOC_080,13.08,52.8,0.87,120.2,-0.75,0.44,0.0,137.9,3.5,Sample Data
2025-09-19,57.5147283070671,-110.3492910702814,LOC_081,3.62,88.6,0.02,222.0,0.02,0.02,3.04,130.8,1.9,Sample Data
2025-09-19,16.771732754080624,-71.41067557339906,LOC_082,16.45,78.3,1.73,308.2,1.36,-1.07,0.62,287.4,3.1,Sample Data
2025-09-19,34.05850487288019,-155.75259364801894,LOC_083,16.56,63.9,0.3,133.5,-0.22,0.2,0.0,211.8,1.5,Sample Data
2025-09-19,13.058135616607293,-103.18391738552856,LOC_084,30.82,59.0,1.21,213.4,0.67,1.01,0.0,121.5,3.9,Sample Data
2025-09-19,60.81732713817118,-177.8435822393787,LOC_085,-0.72,83.9,0.94,148.1,-0.5,0.8,0.28,131.0,2.8,Sample Data
2025-09-19,48.406979372446074,-150.55554922426808,LOC_086,7.07,77.5,0.99,197.2,0.29,0.95,4.94,67.8,0.0,Sample Data
2025-09-19,58.38795928070874,-157.33236422935113,LOC_087,-0.74,52.5,0.87,134.9,-0.62,0.61,0.0,102.3,2.2,Sample Data
2025-09-19,61.820330357684945,-129.72440498093013,LOC_088,4.76,74.9,0.16,320.1,0.1,-0.12,2.27,188.2,4.5,Sample Data
2025-09-19,80.25474915525508,-162.12227726102088,LOC_089,-7.2,54.5,5.0,77.9,-4.89,-1.05,0.0,7.2,0.0,Sample Data
2025-09-19,35.57997632876939,-165.2484422387234,LOC_090,11.02,74.1,2.17,23.0,-0.85,-2.0,0.0,234.4,5.0,Sample Data
2025-09-19,79.3520213708922,-65.94588406047247,LOC_091,-16.51,64.4,0.77,164.1,-0.21,0.74,0.0,68.1,0.9,Sample Data
2025-09-19,29.34562207863667,-94.20207401555672,LOC_092,28.24,84.1,4.55,113.3,-4.18,1.8,0.0,186.6,2.4,Sample Data
2025-09-19,71.29166501509118,-107.8238944920699,LOC_093,-2.13,71.1,1.05,7.7,-0.14,-1.04,0.0,55.9,0.0,Sample Data
2025-09-19,49.723793376700485,-148.55920218294128,LOC_094,9.35,70.4,6.34,164.5,-1.7,6.11,0.0,69.5,1.2,Sample Data
2025-09-19,16.98270758544244,-63.361951466067524,LOC_095,19.24,56.5,1.92,177.0,-0.1,1.92,0.32,274.7,2.4,Sample Data
2025-09-19,77.53135428724978,-97.69681055447516,LOC_096,-10.51,66.6,2.44,319.9,1.58,-1.87,0.0,75.3,0.0,Sample Data
2025-09-19,35.42723432865255,-134.6027553003541,LOC_097,10.22,76.4,1.66,6.4,-0.18,-1.65,1.32,216.7,2.2,Sample Data
2025-09-19,64.44667591526795,-63.37566620616498,LOC_098,-6.93,100.0,1.57,179.0,-0.03,1.57,4.47,175.3,3.4,Sample Data
2025-09-19,76.5314818198838,-78.6161790385089,LOC_099,-5.66,94.0,1.79,220.6,1.17,1.36,0.0,0.0,1.6,Sample Data
2025-09-20,38.090508913552185,-56.4071401667109,LOC_000,14.99,98.1,3.1,220.6,2.02,2.35,0.0,182.3,4.5,Sample Data
2025-09-20,64.89954563585539,-102.17439705438524,LOC_001,-5.03,100.0,0.83,0.5,-0.01,-0.83,0.0,128.1,1.7,Sample Data
2025-09-20,21.70139803318274,-159.72071235629366,LOC_002,12.98,45.1,0.68,25.4,-0.29,-0.61,0.0,220.9,1.3,Sample Data
2025-09-20,14.35627091261496,-67.39710104925842,LOC_003,21.4,92.1,6.27,159.8,-2.17,5.88,4.53,188.5,2.5,Sample Data
2025-09-20,55.08362588074066,-87.95056488651409,LOC_004,-7.73,100.0,6.59,163.1,-1.91,6.3,0.0,134.6,2.9,Sample Data
2025-09-20,11.543837072185184,-53.91171921894073,LOC_005,21.45,70.5,2.55,354.2,0.26,-2.54,3.16,169.3,2.1,Sample Data
2025-09-20,72.43319806003163,-152.3959156118241,LOC_006,-9.35,95.1,2.99,30.8,-1.54,-2.57,0.0,40.2,0.0,Sample Data
2025-09-20,23.636872540532547,-156.1574137190536,LOC_007,23.24,74.6,2.08,170.9,-0.33,2.05,1.64,168.3,3.4,Sample Data
2025-09-20,32.81816822196533,-111.78166388780907,LOC_008,15.7,59.9,0.39,68.2,-0.36,-0.15,1.63,142.1,2.8,Sample Data
2025-09-20,42.395876398158684,-142.14021177425457,LOC_009,8.5,60.4,4.14,79.8,-4.07,-0.73,5.88,133.3,2.2,Sample Data
2025-09-20,55.88896710417846,-161.86579811523455,LOC_010,-1.01,63.9,1.15,344.3,0.31,-1.11,0.0,89.1,1.7,Sample Data
2025-09-20,31.91084864014136,-132.37296037182008,LOC_011,12.2,67.1,3.21,235.4,2.64,1.82,0.77,133.7,2.4,Sample Data
2025-09-20,44.205248816277695,-77.92712501890823,LOC_012,6.94,68.7,0.86,84.4,-0.85,-0.08,1.71,205.4,2.0,Sample Data
2025-09-20,24.97553366187698,-113.1495230062305,LOC_013,16.83,46.5,0.04,173.4,-0.0,0.04,7.61,183.7,3.8,Sample Data
2025-09-20,54.431092664653185,-173.9614463464003,LOC_014,3.74,65.1,4.27,68.7,-3.97,-1.55,0.0,162.3,2.7,Sample Data
2025-09-20,55.56586389260788,-157.8318639206521,LOC_015,3.62,80.3,8.33,146.0,-4.66,6.9,0.0,164.7,3.0,Sample Data
2025-09-20,14.878869473895964,-56.64488015706668,LOC_016,15.93,54.0,0.91,80.1,-0.9,-0.16,0.0,205.9,2.2,Sample Data
2025-09-20,82.42240248059196,-74.90834474486006,LOC_017,-16.51,100.0,0.87,226.4,0.63,0.6,0.0,65.6,1.3,Sample Data
2025-09-20,32.8460326880028,-167.3026251791701,LOC_018,13.49,77.1,4.8,45.8,-3.44,-3.35,0.0,128.8,0.6,Sample Data
2025-09-20,61.31747698841177,-122.78017581385183,LOC_019,0.5,75.6,0.03,112.5,-0.03,0.01,1.78,74.8,0.1,Sample Data
2025-09-20,19.15286761335841,-115.62700168553488,LOC_020,31.33,52.4,0.39,63.2,-0.35,-0.18,7.28,270.0,1.8,Sample Data
2025-09-20,12.57913908364138,-61.78834772975833,LOC_021,23.48,36.9,0.23,12.5,-0.05,-0.23,0.0,146.2,1.5,Sample Data
2025-09-20,29.408498620001268,-93.87210303398234,LOC_022,23.49,40.8,9.89,299.4,8.62,-4.85,0.0,150.7,2.3,Sample Data
2025-09-20,33.378330706705825,-112.39115724688459,LOC_023,4.36,78.0,0.53,153.5,-0.24,0.47,2.4,261.3,0.8,Sample Data
2025-09-20,51.00327095074597,-155.96892078168148,LOC_024,5.8,76.0,0.3,102.9,-0.3,0.07,0.0,17.0,0.9,Sample Data
2025-09-20,82.7188470823419,-79.23273296305511,LOC_025,-16.88,77.8,1.09,318.5,0.73,-0.82,0.0,113.9,2.0,Sample Data
2025-09-20,80.46242061731418,-63.672444444405656,LOC_026,-6.74,64.2,1.85,281.7,1.81,-0.37,0.0,109.1,1.7,Sample Data
2025-09-20,54.84249841083138,-60.15634944699481,LOC_027,-0.71,78.3,2.18,124.6,-1.79,1.23,0.0,132.0,2.3,Sample Data
2025-09-20,16.636937653893963,-154.5222278855111,LOC_028,32.22,47.3,0.33,91.3,-0.33,0.01,0.0,226.3,1.8,Sample Data
2025-09-20,13.392046668290355,-137.70705700077565,LOC_029,26.42,66.0,1.04,335.2,0.44,-0.94,0.0,237.0,4.6,Sample Data
2025-09-20,39.15079672671115,-144.72462586939355,LOC_030,8.72,64.8,5.04,222.7,3.42,3.7,0.0,48.0,0.9,Sample Data
2025-09-20,72.1553131863947,-133.6220675298334,LOC_031,-8.04,94.5,5.67,50.1,-4.35,-3.63,0.0,86.2,2.1,Sample Data
2025-09-20,31.07008822655356,-109.4495091894277,LOC_032,18.37,74.6,4.0,333.1,1.81,-3.57,0.0,148.5,1.4,Sample Data
2025-09-20,20.569316873107198,-75.71439250197484,LOC_033,13.22,73.0,0.12,13.0,-0.03,-0.12,0.0,103.4,2.4,Sample Data
2025-09-20,15.591298275982812,-51.70469824193276,LOC_034,22.52,65.1,0.61,244.5,0.55,0.26,0.0,249.6,2.9,Sample Data
2025-09-20,67.9183576972493,-154.1669614005576,LOC_035,-6.23,73.9,0.29,75.9,-0.29,-0.07,4.99,94.1,0.4,Sample Data
2025-09-20,10.41415878427018,-73.99001430087156,LOC_036,29.57,57.5,18.22,271.2,18.22,-0.39,0.0,175.8,2.4,Sample Data
2025-09-20,63.01430078857128,-85.22906815467165,LOC_037,7.04,57.3,1.3,98.4,-1.28,0.19,0.0,151.5,2.8,Sample Data
2025-09-20,67.84527600144594,-170.37419527456825,LOC_038,-3.24,100.0,0.69,196.3,0.19,0.66,0.0,109.2,1.6,Sample Data
2025-09-20,36.884929640820445,-164.93702226173315,LOC_039,13.69,50.0,1.21,3.3,-0.07,-1.21,0.24,144.9,2.5,Sample Data
2025-09-20,74.73275694066952,-98.97124351241747,LOC_040,-10.47,83.0,0.33,27.9,-0.15,-0.29,0.0,57.4,0.0,Sample Data
2025-09-20,34.81735186394869,-171.73741446281693,LOC_041,11.53,86.9,7.42,179.3,-0.1,7.42,0.0,163.7,2.1,Sample Data
2025-09-20,33.32367412867467,-137.7261681365229,LOC_042,14.67,58.0,2.0,284.5,1.94,-0.5,0.0,247.0,1.4,Sample Data
2025-09-20,64.7204633753548,-97.11752872382229,LOC_043,-0.36,80.3,5.34,328.2,2.81,-4.54,2.96,67.0,0.2,Sample Data
2025-09-20,76.54095569322449,-118.61205972894659,LOC_044,-11.07,100.0,1.3,78.0,-1.27,-0.27,0.0,143.2,0.5,Sample Data
2025-09-20,18.96956844537263,-87.27817766101064,LOC_045,19.69,51.0,5.06,319.7,3.27,-3.86,1.71,154.4,2.9,Sample Data
2025-09-20,67.05887864626732,-107.03396431596549,LOC_046,-0.17,42.6,0.43,9.4,-0.07,-0.43,1.97,73.4,0.7,Sample Data
2025-09-20,67.82253849659207,-115.8065724726292,LOC_047,3.94,61.2,2.67,80.5,-2.63,-0.44,0.0,167.2,2.1,Sample Data
2025-09-20,49.20496220364956,-124.41966761338855,LOC_048,6.57,74.1,4.42,347.7,0.94,-4.31,0.0,226.7,2.7,Sample Data
2025-09-20,11.90643450580714,-165.97411449087042,LOC_049,29.33,47.3,0.71,196.4,0.2,0.68,0.85,258.9,5.0,Sample Data
2025-09-20,12.357188926505069,-97.26664653570855,LOC_050,22.11,50.7,2.48,67.4,-2.29,-0.95,0.0,187.9,1.0,Sample Data
2025-09-20,33.576698580724496,-113.88581014858865,LOC_051,9.02,87.3,0.06,194.8,0.02,0.06,0.0,106.7,0.0,Sample Data
2025-09-20,78.06748554445697,-147.59201021064627,LOC_052,-6.53,100.0,11.02,248.0,10.22,4.13,0.0,126.6,2.5,Sample Data
2025-09-20,40.77871922767223,-81.77835198940367,LOC_053,4.58,60.0,4.58,106.8,-4.39,1.33,0.0,198.4,1.9,Sample Data
2025-09-20,27.159862411871686,-169.99261172225692,LOC_054,10.35,77.8,2.34,101.7,-2.29,0.48,0.0,156.6,1.8,Sample Data
2025-09-20,31.731358968532604,-159.04123265697942,LOC_055,8.37,95.4,3.12,128.2,-2.45,1.93,0.0,223.2,3.9,Sample Data
2025-09-20,79.72732392569299,-74.9443506566258,LOC_056,-8.19,74.7,0.99,10.4,-0.18,-0.97,0.0,7.8,0.0,Sample Data
2025-09-20,57.50528173828176,-66.7101232755967,LOC_057,-3.88,99.8,1.14,21.8,-0.42,-1.05,0.0,30.8,1.2,Sample Data
2025-09-20,70.27540576743358,-155.74589234481533,LOC_058,-3.4,100.0,1.9,184.1,0.14,1.9,0.0,31.1,1.4,Sample Data
2025-09-20,76.94192488674834,-109.88550855096541,LOC_059,-8.95,85.5,3.06,314.2,2.19,-2.13,0.0,102.5,0.6,Sample Data
2025-09-20,70.55801163730469,-63.508131009945885,LOC_060,-0.1,84.6,0.05,38.6,-0.03,-0.04,2.49,93.5,0.4,Sample Data
2025-09-20,33.85026062288979,-165.693249811402,LOC_061,3.44,73.1,6.13,61.4,-5.38,-2.94,0.0,224.2,3.4,Sample Data
2025-09-20,27.095137190645627,-124.47598747858669,LOC_062,20.64,37.6,0.24,92.8,-0.24,0.01,0.76,166.3,2.9,Sample Data
2025-09-20,71.351107444187,-68.10502417667536,LOC_063,-15.18,100.0,1.84,349.0,0.35,-1.81,1.97,58.5,0.6,Sample Data
2025-09-20,10.521409789839304,-113.60285066491646,LOC_064,31.63,54.0,0.31,25.1,-0.13,-0.28,2.89,222.9,4.5,Sample Data
2025-09-20,41.30582523615843,-151.12598463880508,LOC_065,14.39,67.3,4.37,292.3,4.04,-1.66,0.0,130.2,3.7,Sample Data
2025-09-20,18.98990255002621,-136.11002771752837,LOC_066,19.14,79.0,0.38,29.0,-0.18,-0.33,0.58,287.6,3.5,Sample Data
2025-09-20,80.71822779343894,-137.98361883730183,LOC_067,-10.47,92.6,2.19,187.9,0.3,2.17,0.0,53.2,0.7,Sample Data
2025-09-20,48.90929663075246,-88.60753534362688,LOC_068,7.12,65.5,0.69,322.1,0.42,-0.54,0.0,149.9,0.1,Sample Data
2025-09-20,37.27222017844705,-53.66832924627511,LOC_069,13.74,61.6,6.58,306.5,5.29,-3.91,0.0,150.7,2.1,Sample Data
2025-09-20,82.18354712065835,-147.26830154270266,LOC_070,-4.54,82.4,5.1,329.8,2.57,-4.4,5.98,124.0,1.3,Sample Data
2025-09-20,47.29363794192891,-140.88581972381994,LOC_071,12.83,68.2,3.92,75.4,-3.8,-0.99,0.0,149.6,0.0,Sample Data
2025-09-20,31.36303707831007,-175.20469684391074,LOC_072,8.28,69.0,1.33,69.5,-1.25,-0.47,0.41,249.6,3.1,Sample Data
2025-09-20,55.71732504849226,-114.651726980248,LOC_073,6.88,77.0,3.04,248.2,2.82,1.13,0.0,224.5,2.3,Sample Data
2025-09-20,13.860906343749201,-143.77595964924052,LOC_074,19.54,76.1,4.38,4.6,-0.35,-4.37,0.13,232.0,3.7,Sample Data
2025-09-20,78.11994144749903,-148.8569542132936,LOC_075,0.45,79.8,0.51,233.9,0.41,0.3,0.4,180.2,1.9,Sample Data
2025-09-20,20.867115406841734,-116.3711411639168,LOC_076,18.09,60.3,0.69,85.9,-0.68,-0.05,1.01,151.5,3.8,Sample Data
2025-09-20,83.92378405829506,-148.53281470350495,LOC_077,-8.22,100.0,0.41,17.6,-0.12,-0.39,0.0,60.0,0.6,Sample Data
2025-09-20,60.41016605544089,-80.98945000726671,LOC_078,0.96,79.8,6.54,147.9,-3.47,5.54,0.0,79.6,0.5,Sample Data
2025-09-20,27.822815799429975,-85.33187468045826,LOC_079,14.65,61.6,1.1,346.2,0.26,-1.07,0.0,84.5,0.6,Sample Data
2025-09-20,37.58373495394399,-97.80024202283467,LOC_080,9.66,68.0,8.71,355.3,0.72,-8.68,0.33,103.6,1.0,Sample Data
2025-09-20,57.5147283070671,-110.3492910702814,LOC_081,-3.25,77.6,1.83,97.8,-1.81,0.25,0.0,119.1,0.6,Sample Data
2025-09-20,16.771732754080624,-71.41067557339906,LOC_082,26.21,65.1,0.24,166.6,-0.05,0.23,0.0,215.2,3.0,Sample Data
2025-09-20,34.05850487288019,-155.75259364801894,LOC_083,18.04,77.5,2.22,332.7,1.02,-1.97,0.0,196.7,3.4,Sample Data
2025-09-20,13.058135616607293,-103.18391738552856,LOC_084,24.2,70.8,1.06,53.7,-0.86,-0.63,0.0,216.7,3.1,Sample Data
2025-09-20,60.81732713817118,-177.8435822393787,LOC_085,-6.88,100.0,1.09,3.1,-0.06,-1.09,0.0,130.3,0.9,Sample Data
2025-09-20,48.406979372446074,-150.55554922426808,LOC_086,22.75,69.5,7.84,11.4,-1.55,-7.69,0.0,112.7,1.3,Sample Data
2025-09-20,58.38795928070874,-157.33236422935113,LOC_087,1.62,100.0,0.09,14.6,-0.02,-0.09,0.0,111.0,2.7,Sample Data
2025-09-20,61.820330357684945,-129.72440498093013,LOC_088,6.08,78.9,2.83,80.9,-2.79,-0.45,0.0,185.8,3.1,Sample Data
2025-09-20,80.25474915525508,-162.12227726102088,LOC_089,-8.35,88.0,0.66,342.4,0.2,-0.63,0.0,33.5,0.7,Sample Data
2025-09-20,35.57997632876939,-165.2484422387234,LOC_090,18.92,56.0,3.68,14.5,-0.92,-3.57,0.0,237.7,2.1,Sample Data
2025-09-20,79.3520213708922,-65.94588406047247,LOC_091,0.24,68.8,1.25,116.1,-1.12,0.55,0.0,81.9,0.8,Sample Data
2025-09-20,29.34562207863667,-94.20207401555672,LOC_092,9.84,46.9,6.73,178.8,-0.14,6.73,0.0,175.5,0.9,Sample Data
2025-09-20,71.29166501509118,-107.8238944920699,LOC_093,-5.98,89.2,1.39,70.2,-1.31,-0.47,2.7,55.2,1.5,Sample Data
2025-09-20,49.723793376700485,-148.55920218294128,LOC_094,-1.21,64.6,7.09,210.6,3.61,6.1,4.4,129.1,2.6,Sample Data
2025-09-20,16.98270758544244,-63.361951466067524,LOC_095,25.87,60.1,10.88,94.4,-10.85,0.83,0.17,180.4,2.3,Sample Data
2025-09-20,77.53135428724978,-97.69681055447516,LOC_096,-12.34,87.6,1.56,14.4,-0.39,-1.51,0.0,43.1,0.0,Sample Data
2025-09-20,35.42723432865255,-134.6027553003541,LOC_097,14.25,77.2,0.74,25.9,-0.32,-0.67,0.0,240.3,2.4,Sample Data
2025-09-20,64.44667591526795,-63.37566620616498,LOC_098,-12.12,79.1,1.8,269.5,1.8,0.02,0.0,111.4,0.8,Sample Data
2025-09-20,76.5314818198838,-78.6161790385089,LOC_099,-8.37,79.0,6.5,130.2,-4.96,4.19,0.0,107.7,1.5,Sample Data
2025-09-21,38.090508913552185,-56.4071401667109,LOC_000,8.77,76.9,0.79,141.9,-0.49,0.62,1.37,192.6,2.4,Sample Data
2025-09-21,64.89954563585539,-102.17439705438524,LOC_001,4.47,71.5,8.54,315.7,5.96,-6.11,1.37,50.6,0.0,Sample Data
2025-09-21,21.70139803318274,-159.72071235629366,LOC_002,24.34,53.6,1.81,188.5,0.27,1.79,0.0,184.0,1.6,Sample Data
2025-09-21,14.35627091261496,-67.39710104925842,LOC_003,19.91,70.5,2.84,86.2,-2.83,-0.19,0.0,131.5,0.4,Sample Data
2025-09-21,55.08362588074066,-87.95056488651409,LOC_004,-3.86,88.8,1.01,150.0,-0.5,0.87,0.0,251.1,3.7,Sample Data
2025-09-21,11.543837072185184,-53.91171921894073,LOC_005,33.62,65.5,1.1,45.5,-0.79,-0.77,0.0,170.3,2.8,Sample Data
2025-09-21,72.43319806003163,-152.3959156118241,LOC_006,-6.61,46.4,2.29,237.4,1.93,1.23,2.56,84.0,0.3,Sample Data
2025-09-21,23.636872540532547,-156.1574137190536,LOC_007,17.04,85.4,0.48,354.6,0.05,-0.48,0.0,159.7,3.4,Sample Data
2025-09-21,32.81816822196533,-111.78166388780907,LOC_008,19.25,66.2,1.26,120.7,-1.08,0.64,0.0,113.9,1.5,Sample Data
2025-09-21,42.395876398158684,-142.14021177425457,LOC_009,8.12,50.8,0.13,166.5,-0.03,0.13,0.0,123.7,2.8,Sample Data
2025-09-21,55.88896710417846,-161.86579811523455,LOC_010,-2.21,84.5,3.97,358.1,0.13,-3.97,0.0,88.4,3.9,Sample Data
2025-09-21,31.91084864014136,-132.37296037182008,LOC_011,12.08,67.2,0.95,276.5,0.95,-0.11,0.0,202.0,3.8,Sample Data
2025-09-21,44.205248816277695,-77.92712501890823,LOC_012,17.02,68.3,1.49,302.9,1.25,-0.81,0.0,168.8,4.0,Sample Data
2025-09-21,24.97553366187698,-113.1495230062305,LOC_013,15.72,74.9,1.44,280.0,1.42,-0.25,0.0,166.0,2.9,Sample Data
2025-09-21,54.431092664653185,-173.9614463464003,LOC_014,6.81,70.3,1.87,185.8,0.19,1.86,0.0,175.1,0.9,Sample Data
2025-09-21,55.56586389260788,-157.8318639206521,LOC_015,-1.15,89.5,3.55,216.9,2.14,2.84,0.64,210.6,1.9,Sample Data
2025-09-21,14.878869473895964,-56.64488015706668,LOC_016,24.9,92.8,4.39,272.9,4.38,-0.22,0.0,158.8,3.1,Sample Data
2025-09-21,82.42240248059196,-74.90834474486006,LOC_017,-10.03,100.0,5.18,196.7,1.49,4.97,1.56,132.5,0.7,Sample Data
2025-09-21,32.8460326880028,-167.3026251791701,LOC_018,19.65,62.9,3.4,246.4,3.12,1.36,8.3,192.6,2.9,Sample Data
2025-09-21,61.31747698841177,-122.78017581385183,LOC_019,1.26,48.8,0.44,193.9,0.11,0.43,1.61,55.3,2.3,Sample Data
2025-09-21,19.15286761335841,-115.62700168553488,LOC_020,25.58,59.5,0.34,285.0,0.33,-0.09,0.07,215.9,2.0,Sample Data
2025-09-21,12.57913908364138,-61.78834772975833,LOC_021,28.49,53.4,2.23,8.0,-0.31,-2.21,0.0,202.6,2.3,Sample Data
2025-09-21,29.408498620001268,-93.87210303398234,LOC_022,12.75,54.6,4.3,343.5,1.22,-4.12,0.0,154.1,2.4,Sample Data
2025-09-21,33.378330706705825,-112.39115724688459,LOC_023,15.89,83.5,0.64,108.9,-0.61,0.21,0.97,198.5,1.3,Sample Data
2025-09-21,51.00327095074597,-155.96892078168148,LOC_024,15.97,86.7,7.37,182.2,0.28,7.36,0.0,51.2,0.4,Sample Data
2025-09-21,82.7188470823419,-79.23273296305511,LOC_025,-12.18,80.5,0.16,198.2,0.05,0.15,0.0,3.8,0.1,Sample Data
2025-09-21,80.46242061731418,-63.672444444405656,LOC_026,-13.15,74.4,2.85,34.4,-1.61,-2.35,0.0,80.5,0.8,Sample Data
2025-09-21,54.84249841083138,-60.15634944699481,LOC_027,3.64,93.8,2.2,335.1,0.93,-2.0,0.0,153.5,1.0,Sample Data
2025-09-21,16.636937653893963,-154.5222278855111,LOC_028,19.65,64.8,0.19,319.7,0.12,-0.15,0.0,229.8,2.6,Sample Data
2025-09-21,13.392046668290355,-137.70705700077565,LOC_029,29.5,62.3,1.67,40.8,-1.09,-1.27,0.0,300.7,1.9,Sample Data
2025-09-21,39.15079672671115,-144.72462586939355,LOC_030,6.54,65.4,2.24,193.4,0.52,2.18,0.0,165.7,3.6,Sample Data
2025-09-21,72.1553131863947,-133.6220675298334,LOC_031,1.22,90.0,0.08,205.4,0.03,0.07,0.0,84.8,0.8,Sample Data
2025-09-21,31.07008822655356,-109.4495091894277,LOC_032,13.22,78.5,1.84,353.4,0.21,-1.83,0.13,249.1,0.1,Sample Data
2025-09-21,20.569316873107198,-75.71439250197484,LOC_033,22.07,73.1,0.92,6.1,-0.1,-0.92,0.0,113.3,3.5,Sample Data
2025-09-21,15.591298275982812,-51.70469824193276,LOC_034,25.7,72.1,2.32,31.4,-1.21,-1.98,0.0,84.2,0.4,Sample Data
2025-09-21,67.9183576972493,-154.1669614005576,LOC_035,3.18,93.8,0.71,301.3,0.61,-0.37,0.41,175.6,1.6,Sample Data
2025-09-21,10.41415878427018,-73.99001430087156,LOC_036,25.11,48.6,1.03,298.1,0.91,-0.48,0.0,209.9,0.0,Sample Data
2025-09-21,63.01430078857128,-85.22906815467165,LOC_037,0.82,57.5,1.76,160.8,-0.58,1.66,0.0,111.3,1.0,Sample Data
2025-09-21,67.84527600144594,-170.37419527456825,LOC_038,-9.64,73.3,1.5,47.5,-1.11,-1.01,0.0,147.4,3.3,Sample Data
2025-09-21,36.884929640820445,-164.93702226173315,LOC_039,10.28,92.4,2.2,291.7,2.04,-0.81,0.0,136.1,3.5,Sample Data
2025-09-21,74.73275694066952,-98.97124351241747,LOC_040,-0.14,73.1,0.58,121.9,-0.49,0.3,0.89,102.0,0.0,Sample Data
2025-09-21,34.81735186394869,-171.73741446281693,LOC_041,15.42,77.1,1.36,356.0,0.1,-1.36,0.0,225.2,2.5,Sample Data
2025-09-21,33.32367412867467,-137.7261681365229,LOC_042,17.73,78.5,0.65,168.6,-0.13,0.64,0.0,270.4,3.4,Sample Data
2025-09-21,64.7204633753548,-97.11752872382229,LOC_043,3.15,81.9,1.0,207.2,0.46,0.89,2.34,63.9,2.5,Sample Data
2025-09-21,76.54095569322449,-118.61205972894659,LOC_044,-9.53,72.6,0.65,149.6,-0.33,0.56,0.0,118.4,2.2,Sample Data
2025-09-21,18.96956844537263,-87.27817766101064,LOC_045,18.88,65.9,8.02,247.0,7.39,3.13,3.42,205.3,1.2,Sample Data
2025-09-21,67.05887864626732,-107.03396431596549,LOC_046,-15.94,77.5,6.61,157.5,-2.54,6.11,5.86,112.1,1.9,Sample Data
2025-09-21,67.82253849659207,-115.8065724726292,LOC_047,-8.59,85.8,4.69,27.2,-2.14,-4.17,1.54,45.0,0.3,Sample Data
2025-09-21,49.20496220364956,-124.41966761338855,LOC_048,8.51,59.6,4.97,162.9,-1.46,4.75,0.0,156.7,0.3,Sample Data
2025-09-21,11.90643450580714,-165.97411449087042,LOC_049,27.08,80.4,1.49,42.6,-1.01,-1.1,0.0,260.2,2.5,Sample Data
2025-09-21,12.357188926505069,-97.26664653570855,LOC_050,32.21,55.6,7.13,331.6,3.4,-6.27,0.0,105.6,1.4,Sample Data
2025-09-21,33.576698580724496,-113.88581014858865,LOC_051,12.67,80.7,0.41,155.8,-0.17,0.37,1.4,73.7,1.6,Sample Data
2025-09-21,78.06748554445697,-147.59201021064627,LOC_052,-6.33,92.1,1.37,273.9,1.37,-0.09,0.0,55.9,0.4,Sample Data
2025-09-21,40.77871922767223,-81.77835198940367,LOC_053,4.93,70.3,19.08,17.7,-5.8,-18.17,0.0,66.2,0.4,Sample Data
2025-09-21,27.159862411871686,-169.99261172225692,LOC_054,10.54,75.0,4.6,119.7,-3.99,2.28,0.0,208.7,2.9,Sample Data
2025-09-21,31.731358968532604,-159.04123265697942,LOC_055,15.75,84.3,1.47,181.2,0.03,1.47,0.0,238.8,2.4,Sample Data
2025-09-21,79.72732392569299,-74.9443506566258,LOC_056,-19.39,84.1,1.59,217.0,0.96,1.27,0.0,0.0,0.0,Sample Data
2025-09-21,57.50528173828176,-66.7101232755967,LOC_057,9.41,100.0,0.69,250.3,0.65,0.23,0.0,83.0,0.0,Sample Data
2025-09-21,70.27540576743358,-155.74589234481533,LOC_058,-6.75,100.0,4.73,276.8,4.7,-0.56,0.0,18.1,0.7,Sample Data
2025-09-21,76.94192488674834,-109.88550855096541,LOC_059,-1.52,72.8,3.16,64.0,-2.84,-1.38,2.3,74.6,0.0,Sample Data
2025-09-21,70.55801163730469,-63.508131009945885,LOC_060,-3.45,100.0,0.26,66.8,-0.24,-0.1,0.6,100.1,4.1,Sample Data
2025-09-21,33.85026062288979,-165.693249811402,LOC_061,18.38,63.9,5.67,184.1,0.41,5.65,0.0,199.4,1.5,Sample Data
2025-09-21,27.095137190645627,-124.47598747858669,LOC_062,20.1,56.0,0.26,278.3,0.26,-0.04,4.26,230.6,1.6,Sample Data
2025-09-21,71.351107444187,-68.10502417667536,LOC_063,-17.29,90.6,3.11,341.1,1.01,-2.94,5.02,151.0,2.3,Sample Data
2025-09-21,10.521409789839304,-113.60285066491646,LOC_064,21.73,27.7,6.09,149.3,-3.11,5.24,0.0,261.4,4.2,Sample Data
2025-09-21,41.30582523615843,-151.12598463880508,LOC_065,3.72,80.8,1.77,127.8,-1.4,1.08,0.0,173.9,2.6,Sample Data
2025-09-21,18.98990255002621,-136.11002771752837,LOC_066,28.69,54.1,0.45,241.5,0.4,0.22,1.15,177.8,1.9,Sample Data
2025-09-21,80.71822779343894,-137.98361883730183,LOC_067,-9.06,77.9,0.09,222.4,0.06,0.07,5.81,48.0,0.7,Sample Data
2025-09-21,48.90929663075246,-88.60753534362688,LOC_068,5.55,87.0,0.13,123.3,-0.11,0.07,1.0,124.4,3.6,Sample Data
2025-09-21,37.27222017844705,-53.66832924627511,LOC_069,6.61,70.5,0.84,36.1,-0.5,-0.68,0.0,177.5,1.2,Sample Data
2025-09-21,82.18354712065835,-147.26830154270266,LOC_070,-17.16,83.6,3.06,164.5,-0.82,2.95,0.0,48.4,3.2,Sample Data
2025-09-21,47.29363794192891,-140.88581972381994,LOC_071,8.88,45.8,3.32,9.6,-0.55,-3.27,0.0,199.5,2.7,Sample Data
2025-09-21,31.36303707831007,-175.20469684391074,LOC_072,22.78,36.5,0.48,275.6,0.47,-0.05,0.0,201.9,2.0,Sample Data
2025-09-21,55.71732504849226,-114.651726980248,LOC_073,5.52,80.2,0.18,214.9,0.1,0.14,0.0,128.4,1.1,Sample Data
2025-09-21,13.860906343749201,-143.77595964924052,LOC_074,16.75,73.1,0.96,230.5,0.74,0.61,0.0,171.6,3.1,Sample Data
2025-09-21,78.11994144749903,-148.8569542132936,LOC_075,-11.13,92.8,0.08,98.5,-0.08,0.01,3.42,39.5,2.2,Sample Data
2025-09-21,20.867115406841734,-116.3711411639168,LOC_076,24.3,72.4,8.36,40.9,-5.47,-6.32,0.0,186.8,0.9,Sample Data
2025-09-21,83.92378405829506,-148.53281470350495,LOC_077,-17.77,100.0,2.75,92.7,-2.75,0.13,0.0,119.5,0.0,Sample Data
2025-09-21,60.41016605544089,-80.98945000726671,LOC_078,-2.41,37.0,1.06,57.2,-0.89,-0.58,0.44,185.9,2.7,Sample Data
2025-09-21,27.822815799429975,-85.33187468045826,LOC_079,11.73,86.6,9.08,257.2,8.85,2.02,0.0,188.4,0.5,Sample Data
2025-09-21,37.58373495394399,-97.80024202283467,LOC_080,13.62,59.9,2.16,3.8,-0.14,-2.16,0.0,182.8,0.0,Sample Data
2025-09-21,57.5147283070671,-110.3492910702814,LOC_081,2.36,56.4,11.61,26.4,-5.17,-10.4,0.56,90.3,0.0,Sample Data
2025-09-21,16.771732754080624,-71.41067557339906,LOC_082,22.44,40.9,3.04,187.9,0.42,3.01,0.0,186.8,0.9,Sample Data
2025-09-21,34.05850487288019,-155.75259364801894,LOC_083,19.3,58.0,4.33,48.2,-3.23,-2.88,4.78,226.4,2.9,Sample Data
2025-09-21,13.058135616607293,-103.18391738552856,LOC_084,23.49,50.8,2.33,309.9,1.79,-1.49,0.55,243.4,2.8,Sample Data
2025-09-21,60.81732713817118,-177.8435822393787,LOC_085,4.54,69.3,6.7,67.3,-6.17,-2.59,0.0,112.1,2.2,Sample Data
2025-09-21,48.406979372446074,-150.55554922426808,LOC_086,5.1,61.7,1.41,208.0,0.66,1.25,0.0,65.1,3.4,Sample Data
2025-09-21,58.38795928070874,-157.33236422935113,LOC_087,3.18,69.7,0.91,287.7,0.86,-0.28,0.07,51.0,0.7,Sample Data
2025-09-21,61.820330357684945,-129.72440498093013,LOC_088,2.4,97.3,7.72,281.9,7.55,-1.59,3.22,182.6,3.4,Sample Data
2025-09-21,80.25474915525508,-162.12227726102088,LOC_089,-8.98,100.0,1.88,229.2,1.42,1.23,0.0,87.3,0.0,Sample Data
2025-09-21,35.57997632876939,-165.2484422387234,LOC_090,11.39,69.7,0.0,219.0,0.0,0.0,0.0,133.2,3.0,Sample Data
2025-09-21,79.3520213708922,-65.94588406047247,LOC_091,-22.65,92.3,3.15,128.2,-2.48,1.95,0.0,63.3,1.6,Sample Data
2025-09-21,29.34562207863667,-94.20207401555672,LOC_092,23.49,65.0,3.57,320.6,2.27,-2.76,0.0,201.8,3.4,Sample Data
2025-09-21,71.29166501509118,-107.8238944920699,LOC_093,-11.3,100.0,4.62,324.1,2.71,-3.74,1.96,11.9,0.0,Sample Data
2025-09-21,49.723793376700485,-148.55920218294128,LOC_094,12.66,52.1,0.24,217.3,0.14,0.19,0.0,158.0,1.6,Sample Data
2025-09-21,16.98270758544244,-63.361951466067524,LOC_095,23.8,83.2,4.58,268.6,4.58,0.11,4.46,204.0,1.0,Sample Data
2025-09-21,77.53135428724978,-97.69681055447516,LOC_096,-14.18,98.2,11.22,175.7,-0.83,11.19,5.54,156.9,2.7,Sample Data
2025-09-21,35.42723432865255,-134.6027553003541,LOC_097,18.39,66.7,0.1,96.6,-0.1,0.01,0.0,177.8,1.8,Sample Data
2025-09-21,64.44667591526795,-63.37566620616498,LOC_098,-9.94,77.4,0.01,259.1,0.01,0.0,0.0,168.7,0.1,Sample Data
2025-09-21,76.5314818198838,-78.6161790385089,LOC_099,-5.52,64.8,0.04,175.9,-0.0,0.04,0.0,65.6,1.5,Sample Data
2025-09-22,38.090508913552185,-56.4071401667109,LOC_000,13.11,90.8,7.85,143.4,-4.68,6.31,0.0,150.9,3.0,Sample Data
2025-09-22,64.89954563585539,-102.17439705438524,LOC_001,-0.58,63.0,3.41,175.5,-0.27,3.4,2.13,127.6,2.4,Sample Data
2025-09-22,21.70139803318274,-159.72071235629366,LOC_002,16.42,74.4,6.59,116.0,-5.93,2.89,3.71,188.6,2.8,Sample Data
2025-09-22,14.35627091261496,-67.39710104925842,LOC_003,18.57,52.8,1.89,323.2,1.13,-1.51,3.5,231.1,2.3,Sample Data
2025-09-22,55.08362588074066,-87.95056488651409,LOC_004,1.33,90.7,1.36,288.8,1.29,-0.44,0.0,175.6,3.7,Sample Data
2025-09-22,11.543837072185184,-53.91171921894073,LOC_005,24.82,57.0,0.65,335.6,0.27,-0.6,2.65,139.0,0.6,Sample Data
2025-09-22,72.43319806003163,-152.3959156118241,LOC_006,-1.22,68.5,2.44,317.9,1.64,-1.81,0.0,138.0,2.5,Sample Data
2025-09-22,23.636872540532547,-156.1574137190536,LOC_007,16.17,50.7,1.98,128.0,-1.56,1.22,0.0,126.2,2.3,Sample Data
2025-09-22,32.81816822196533,-111.78166388780907,LOC_008,14.82,70.6,2.5,220.1,1.61,1.91,4.0,206.7,1.1,Sample Data
2025-09-22,42.395876398158684,-142.14021177425457,LOC_009,8.65,77.6,3.87,160.3,-1.3,3.64,3.2,153.6,0.7,Sample Data
2025-09-22,55.88896710417846,-161.86579811523455,LOC_010,-3.38,100.0,1.25,168.4,-0.25,1.22,0.0,24.5,0.0,Sample Data
2025-09-22,31.91084864014136,-132.37296037182008,LOC_011,5.99,81.0,13.44,180.3,0.07,13.44,1.3,193.6,4.3,Sample Data
2025-09-22,44.205248816277695,-77.92712501890823,LOC_012,9.49,66.0,1.38,105.8,-1.33,0.38,0.0,186.7,2.6,Sample Data
2025-09-22,24.97553366187698,-113.1495230062305,LOC_013,23.89,71.9,5.43,19.7,-1.83,-5.11,0.0,143.8,2.0,Sample Data
2025-09-22,54.431092664653185,-173.9614463464003,LOC_014,-1.91,81.8,3.99,196.7,1.15,3.83,0.0,147.2,0.6,Sample Data
2025-09-22,55.56586389260788,-157.8318639206521,LOC_015,4.31,57.3,3.85,260.0,3.79,0.67,0.0,189.5,1.3,Sample Data
2025-09-22,14.878869473895964,-56.64488015706668,LOC_016,15.18,67.8,2.41,146.7,-1.33,2.02,0.0,167.0,3.4,Sample Data
2025-09-22,82.42240248059196,-74.90834474486006,LOC_017,-16.78,100.0,8.37,238.6,7.15,4.36,0.0,28.0,1.7,Sample Data
2025-09-22,32.8460326880028,-167.3026251791701,LOC_018,6.33,73.6,1.04,280.1,1.02,-0.18,0.0,152.9,3.7,Sample Data
2025-09-22,61.31747698841177,-122.78017581385183,LOC_019,-4.31,50.1,2.82,2.3,-0.11,-2.82,0.0,161.8,1.6,Sample Data
2025-09-22,19.15286761335841,-115.62700168553488,LOC_020,14.54,69.9,4.79,255.5,4.64,1.2,0.0,138.8,1.8,Sample Data
2025-09-22,12.57913908364138,-61.78834772975833,LOC_021,26.61,62.5,0.29,94.9,-0.29,0.02,0.0,233.6,1.6,Sample Data
2025-09-22,29.408498620001268,-93.87210303398234,LOC_022,26.69,71.5,1.61,108.0,-1.53,0.5,2.73,212.1,3.8,Sample Data
2025-09-22,33.378330706705825,-112.39115724688459,LOC_023,6.5,85.5,0.07,291.1,0.06,-0.02,0.0,134.3,1.4,Sample Data
2025-09-22,51.00327095074597,-155.96892078168148,LOC_024,3.14,69.6,4.9,330.7,2.4,-4.28,0.0,59.0,0.9,Sample Data
2025-09-22,82.7188470823419,-79.23273296305511,LOC_025,-14.83,100.0,0.93,84.0,-0.93,-0.1,0.0,13.0,0.0,Sample Data
2025-09-22,80.46242061731418,-63.672444444405656,LOC_026,-5.41,82.3,2.54,316.2,1.76,-1.83,0.37,5.2,2.5,Sample Data
2025-09-22,54.84249841083138,-60.15634944699481,LOC_027,7.68,82.9,4.17,339.2,1.48,-3.9,0.0,138.5,0.3,Sample Data
2025-09-22,16.636937653893963,-154.5222278855111,LOC_028,19.57,55.2,0.7,142.8,-0.42,0.56,0.06,240.9,4.6,Sample Data
2025-09-22,13.392046668290355,-137.70705700077565,LOC_029,27.74,76.9,0.36,104.8,-0.35,0.09,3.7,147.9,2.5,Sample Data
2025-09-22,39.15079672671115,-144.72462586939355,LOC_030,11.11,70.0,2.71,288.4,2.57,-0.85,0.47,190.8,3.4,Sample Data
2025-09-22,72.1553131863947,-133.6220675298334,LOC_031,-3.77,100.0,2.49,264.9,2.48,0.22,0.87,65.6,1.6,Sample Data
2025-09-22,31.07008822655356,-109.4495091894277,LOC_032,23.15,67.7,28.49,156.7,-11.27,26.16,0.0,188.5,2.8,Sample Data
2025-09-22,20.569316873107198,-75.71439250197484,LOC_033,17.89,91.5,1.17,219.1,0.74,0.91,0.0,121.4,0.0,Sample Data
2025-09-22,15.591298275982812,-51.70469824193276,LOC_034,19.92,63.0,2.5,34.6,-1.42,-2.06,0.0,172.7,3.8,Sample Data
2025-09-22,67.9183576972493,-154.1669614005576,LOC_035,0.15,77.4,1.02,89.6,-1.02,-0.01,0.0,120.1,2.0,Sample Data
2025-09-22,10.41415878427018,-73.99001430087156,LOC_036,22.42,57.1,0.08,85.3,-0.08,-0.01,0.0,228.5,1.9,Sample Data
2025-09-22,63.01430078857128,-85.22906815467165,LOC_037,-5.02,62.3,12.25,88.1,-12.25,-0.4,0.0,75.1,0.6,Sample Data
2025-09-22,67.84527600144594,-170.37419527456825,LOC_038,-16.22,90.0,3.56,294.3,3.24,-1.47,0.0,100.4,0.9,Sample Data
2025-09-22,36.884929640820445,-164.93702226173315,LOC_039,11.84,62.1,3.47,71.2,-3.28,-1.12,0.0,197.9,0.8,Sample Data
2025-09-22,74.73275694066952,-98.97124351241747,LOC_040,-9.08,96.0,5.14,3.4,-0.31,-5.14,2.85,115.4,2.1,Sample Data
2025-09-22,34.81735186394869,-171.73741446281693,LOC_041,13.61,66.2,0.59,245.6,0.53,0.24,0.0,152.0,1.4,Sample Data
2025-09-22,33.32367412867467,-137.7261681365229,LOC_042,18.78,66.0,3.69,223.9,2.56,2.66,0.0,131.7,1.3,Sample Data
2025-09-22,64.7204633753548,-97.11752872382229,LOC_043,-4.79,82.7,0.71,155.7,-0.29,0.65,0.0,108.6,0.8,Sample Data
2025-09-22,76.54095569322449,-118.61205972894659,LOC_044,-12.73,91.6,8.6,35.8,-5.03,-6.98,0.0,140.5,1.0,Sample Data
2025-09-22,18.96956844537263,-87.27817766101064,LOC_045,16.58,64.3,4.38,25.7,-1.89,-3.95,0.0,181.2,1.6,Sample Data
2025-09-22,67.05887864626732,-107.03396431596549,LOC_046,-7.6,100.0,0.73,273.3,0.73,-0.04,0.0,87.7,1.8,Sample Data
2025-09-22,67.82253849659207,-115.8065724726292,LOC_047,-15.73,94.1,0.89,270.4,0.89,-0.01,0.0,0.2,0.0,Sample Data
2025-09-22,49.20496220364956,-124.41966761338855,LOC_048,7.21,77.7,3.3,169.8,-0.59,3.24,0.0,111.0,1.6,Sample Data
2025-09-22,11.90643450580714,-165.97411449087042,LOC_049,30.02,53.4,1.13,138.3,-0.75,0.84,0.0,211.3,3.6,Sample Data
2025-09-22,12.357188926505069,-97.26664653570855,LOC_050,20.55,58.4,0.05,38.5,-0.03,-0.04,0.0,151.6,2.0,Sample Data
2025-09-22,33.576698580724496,-113.88581014858865,LOC_051,11.56,66.7,3.0,221.7,1.99,2.24,0.0,130.6,0.3,Sample Data
2025-09-22,78.06748554445697,-147.59201021064627,LOC_052,-10.39,84.3,6.84,352.7,0.87,-6.78,0.0,81.3,1.7,Sample Data
2025-09-22,40.77871922767223,-81.77835198940367,LOC_053,10.63,61.8,0.87,141.1,-0.55,0.68,0.0,74.9,0.5,Sample Data
2025-09-22,27.159862411871686,-169.99261172225692,LOC_054,9.86,53.0,9.61,287.5,9.16,-2.89,0.0,201.6,2.0,Sample Data
2025-09-22,31.731358968532604,-159.04123265697942,LOC_055,11.56,63.2,1.37,316.9,0.93,-1.0,0.26,78.5,0.9,Sample Data
2025-09-22,79.72732392569299,-74.9443506566258,LOC_056,-18.0,100.0,1.71,40.3,-1.11,-1.31,3.44,50.9,1.1,Sample Data
2025-09-22,57.50528173828176,-66.7101232755967,LOC_057,8.43,84.8,1.4,244.7,1.27,0.6,0.0,135.7,2.1,Sample Data
2025-09-22,70.27540576743358,-155.74589234481533,LOC_058,-9.62,89.9,0.96,107.2,-0.92,0.28,0.0,77.9,0.8,Sample Data
2025-09-22,76.94192488674834,-109.88550855096541,LOC_059,-13.52,100.0,1.81,46.0,-1.3,-1.26,0.0,117.5,1.6,Sample Data
2025-09-22,70.55801163730469,-63.508131009945885,LOC_060,-2.2,81.7,6.67,207.5,3.08,5.92,0.0,34.6,0.0,Sample Data
2025-09-22,33.85026062288979,-165.693249811402,LOC_061,13.16,61.3,3.84,278.5,3.8,-0.57,1.17,190.6,1.4,Sample Data
2025-09-22,27.095137190645627,-124.47598747858669,LOC_062,12.21,55.5,5.71,165.0,-1.47,5.52,1.36,97.9,1.8,Sample Data
2025-09-22,71.351107444187,-68.10502417667536,LOC_063,-10.03,89.8,4.83,333.1,2.18,-4.31,0.0,22.8,0.0,Sample Data
2025-09-22,10.521409789839304,-113.60285066491646,LOC_064,24.75,55.9,2.3,165.4,-0.58,2.22,0.0,188.6,1.8,Sample Data
2025-09-22,41.30582523615843,-151.12598463880508,LOC_065,4.15,68.4,4.16,73.6,-3.99,-1.17,0.0,161.5,0.0,Sample Data
2025-09-22,18.98990255002621,-136.11002771752837,LOC_066,25.92,59.3,2.66,99.7,-2.62,0.45,0.0,217.8,3.0,Sample Data
2025-09-22,80.71822779343894,-137.98361883730183,LOC_067,-16.41,82.1,0.92,79.7,-0.91,-0.17,0.28,30.3,0.0,Sample Data
2025-09-22,48.90929663075246,-88.60753534362688,LOC_068,3.95,79.4,5.43,146.9,-2.96,4.55,1.71,164.8,2.7,Sample Data
2025-09-22,37.27222017844705,-53.66832924627511,LOC_069,8.74,50.6,0.04,316.6,0.03,-0.03,3.95,103.7,0.0,Sample Data
2025-09-22,82.18354712065835,-147.26830154270266,LOC_070,-11.98,86.1,6.58,9.2,-1.05,-6.49,0.0,54.5,0.4,Sample Data
2025-09-22,47.29363794192891,-140.88581972381994,LOC_071,3.22,66.8,6.3,157.0,-2.46,5.8,1.78,120.4,0.9,Sample Data
2025-09-22,31.36303707831007,-175.20469684391074,LOC_072,6.06,79.3,3.41,176.9,-0.18,3.41,0.0,106.3,0.2,Sample Data
2025-09-22,55.71732504849226,-114.651726980248,LOC_073,3.43,71.4,4.28,174.4,-0.42,4.26,0.0,128.6,0.9,Sample Data
2025-09-22,13.860906343749201,-143.77595964924052,LOC_074,24.37,81.3,0.92,240.3,0.8,0.46,0.0,145.4,4.8,Sample Data
2025-09-22,78.11994144749903,-148.8569542132936,LOC_075,-2.17,69.8,6.46,1.9,-0.21,-6.46,0.0,164.9,2.2,Sample Data
2025-09-22,20.867115406841734,-116.3711411639168,LOC_076,18.58,82.5,5.4,63.9,-4.86,-2.37,2.14,200.3,4.7,Sample Data
2025-09-22,83.92378405829506,-148.53281470350495,LOC_077,-6.73,72.8,2.28,219.1,1.44,1.77,0.0,58.1,1.2,Sample Data
2025-09-22,60.41016605544089,-80.98945000726671,LOC_078,7.72,82.2,4.1,325.8,2.31,-3.39,0.0,89.5,1.1,Sample Data
2025-09-22,27.822815799429975,-85.33187468045826,LOC_079,12.06,69.7,2.21,136.8,-1.52,1.61,0.82,184.3,0.9,Sample Data
2025-09-22,37.58373495394399,-97.80024202283467,LOC_080,20.4,62.1,0.35,158.8,-0.13,0.33,0.0,254.2,3.2,Sample Data
2025-09-22,57.5147283070671,-110.3492910702814,LOC_081,-3.47,95.5,6.26,165.5,-1.56,6.06,4.01,196.3,2.0,Sample Data
2025-09-22,16.771732754080624,-71.41067557339906,LOC_082,10.33,84.9,4.98,210.4,2.52,4.3,0.0,252.4,1.8,Sample Data
2025-09-22,34.05850487288019,-155.75259364801894,LOC_083,20.07,69.7,4.25,189.2,0.68,4.2,0.0,196.4,2.9,Sample Data
2025-09-22,13.058135616607293,-103.18391738552856,LOC_084,19.54,83.1,17.17,156.4,-6.87,15.73,0.9,180.3,2.2,Sample Data
2025-09-22,60.81732713817118,-177.8435822393787,LOC_085,-3.29,85.9,0.68,33.4,-0.38,-0.57,0.62,137.2,1.8,Sample Data
2025-09-22,48.406979372446074,-150.55554922426808,LOC_086,2.57,66.5,0.24,280.2,0.23,-0.04,1.63,98.7,0.4,Sample Data
2025-09-22,58.38795928070874,-157.33236422935113,LOC_087,1.63,96.6,6.14,232.4,4.87,3.75,0.0,152.6,0.3,Sample Data
2025-09-22,61.820330357684945,-129.72440498093013,LOC_088,-5.83,100.0,6.35,352.7,0.8,-6.3,0.0,80.0,0.0,Sample Data
2025-09-22,80.25474915525508,-162.12227726102088,LOC_089,-8.6,100.0,0.14,195.2,0.04,0.13,3.01,47.5,0.0,Sample Data
2025-09-22,35.57997632876939,-165.2484422387234,LOC_090,10.09,55.2,0.78,121.6,-0.67,0.41,0.0,153.2,2.4,Sample Data
2025-09-22,79.3520213708922,-65.94588406047247,LOC_091,-15.17,80.6,5.32,244.6,4.81,2.28,0.95,230.6,3.7,Sample Data
2025-09-22,29.34562207863667,-94.20207401555672,LOC_092,13.54,82.2,7.18,158.9,-2.58,6.69,0.0,39.6,0.0,Sample Data
2025-09-22,71.29166501509118,-107.8238944920699,LOC_093,-3.59,85.3,0.36,162.7,-0.11,0.34,4.49,86.0,1.6,Sample Data
2025-09-22,49.723793376700485,-148.55920218294128,LOC_094,5.6,71.7,3.58,127.7,-2.84,2.19,0.0,139.4,2.2,Sample Data
2025-09-22,16.98270758544244,-63.361951466067524,LOC_095,12.27,78.7,2.63,158.3,-0.98,2.45,0.0,181.6,2.2,Sample Data
2025-09-22,77.53135428724978,-97.69681055447516,LOC_096,-8.25,65.7,2.76,219.1,1.74,2.14,0.0,130.8,1.4,Sample Data
2025-09-22,35.42723432865255,-134.6027553003541,LOC_097,13.37,69.1,1.74,233.8,1.4,1.02,2.12,91.0,3.3,Sample Data
2025-09-22,64.44667591526795,-63.37566620616498,LOC_098,-8.58,90.2,5.82,327.4,3.13,-4.9,0.0,68.7,0.4,Sample Data
2025-09-22,76.5314818198838,-78.6161790385089,LOC_099,-14.45,100.0,7.21,241.6,6.34,3.43,0.0,44.4,0.6,Sample Data
2025-09-23,38.090508913552185,-56.4071401667109,LOC_000,11.16,80.4,15.38,193.4,3.58,14.96,0.0,162.0,1.5,Sample Data
2025-09-23,64.89954563585539,-102.17439705438524,LOC_001,0.56,90.2,4.41,81.5,-4.36,-0.65,0.0,92.5,1.5,Sample Data
2025-09-23,21.70139803318274,-159.72071235629366,LOC_002,13.01,88.6,10.3,36.5,-6.13,-8.28,0.0,83.9,0.3,Sample Data
2025-09-23,14.35627091261496,-67.39710104925842,LOC_003,17.63,71.2,3.78,353.0,0.46,-3.76,0.0,162.7,3.0,Sample Data
2025-09-23,55.08362588074066,-87.95056488651409,LOC_004,2.74,47.3,0.14,340.3,0.05,-0.13,4.67,73.4,1.9,Sample Data
2025-09-23,11.543837072185184,-53.91171921894073,LOC_005,25.76,85.6,0.35,335.6,0.14,-0.31,0.0,183.2,4.0,Sample Data
2025-09-23,72.43319806003163,-152.3959156118241,LOC_006,-14.87,100.0,0.67,195.3,0.18,0.65,0.0,161.8,1.0,Sample Data
2025-09-23,23.636872540532547,-156.1574137190536,LOC_007,16.33,68.4,1.24,148.2,-0.65,1.05,0.54,153.9,2.1,Sample Data
2025-09-23,32.81816822196533,-111.78166388780907,LOC_008,20.03,59.4,7.71,215.7,4.5,6.26,3.05,166.9,2.6,Sample Data
2025-09-23,42.395876398158684,-142.14021177425457,LOC_009,2.45,97.0,1.44,264.5,1.43,0.14,0.0,208.6,3.2,Sample Data
2025-09-23,55.88896710417846,-161.86579811523455,LOC_010,-1.08,72.6,2.28,63.6,-2.04,-1.01,0.0,167.5,1.4,Sample Data
2025-09-23,31.91084864014136,-132.37296037182008,LOC_011,12.53,90.6,0.6,232.8,0.48,0.36,0.0,143.9,1.9,Sample Data
2025-09-23,44.205248816277695,-77.92712501890823,LOC_012,9.83,64.4,5.59,93.1,-5.58,0.3,0.0,157.8,1.8,Sample Data
2025-09-23,24.97553366187698,-113.1495230062305,LOC_013,27.59,58.5,1.61,227.2,1.18,1.1,0.0,231.9,1.5,Sample Data
2025-09-23,54.431092664653185,-173.9614463464003,LOC_014,-6.09,95.7,0.49,132.7,-0.36,0.33,0.0,159.5,2.2,Sample Data
2025-09-23,55.56586389260788,-157.8318639206521,LOC_015,1.56,57.8,1.68,262.5,1.67,0.22,1.81,111.7,1.7,Sample Data
2025-09-23,14.878869473895964,-56.64488015706668,LOC_016,23.49,63.5,0.62,229.3,0.47,0.4,0.0,191.1,3.0,Sample Data
2025-09-23,82.42240248059196,-74.90834474486006,LOC_017,-12.23,92.6,1.29,195.5,0.34,1.25,0.0,98.1,2.1,Sample Data
2025-09-23,32.8460326880028,-167.3026251791701,LOC_018,14.4,36.5,1.34,5.8,-0.13,-1.33,0.0,163.0,2.6,Sample Data
2025-09-23,61.31747698841177,-122.78017581385183,LOC_019,-10.4,100.0,5.56,130.0,-4.26,3.58,3.9,104.5,1.3,Sample Data
2025-09-23,19.15286761335841,-115.62700168553488,LOC_020,27.75,40.7,0.88,155.5,-0.36,0.8,1.77,152.5,3.4,Sample Data
2025-09-23,12.57913908364138,-61.78834772975833,LOC_021,18.88,62.5,0.68,55.7,-0.56,-0.38,0.0,214.7,2.7,Sample Data
2025-09-23,29.408498620001268,-93.87210303398234,LOC_022,15.41,57.1,2.24,185.8,0.23,2.23,0.0,108.0,2.7,Sample Data
2025-09-23,33.378330706705825,-112.39115724688459,LOC_023,17.29,43.2,0.57,148.7,-0.3,0.49,0.0,183.5,2.3,Sample Data
2025-09-23,51.00327095074597,-155.96892078168148,LOC_024,10.52,77.2,1.69,163.4,-0.48,1.62,0.0,118.1,1.9,Sample Data
2025-09-23,82.7188470823419,-79.23273296305511,LOC_025,-12.16,68.3,6.92,116.0,-6.21,3.04,0.0,104.3,2.0,Sample Data
2025-09-23,80.46242061731418,-63.672444444405656,LOC_026,-21.03,100.0,10.24,220.1,6.59,7.83,0.0,126.9,0.4,Sample Data
2025-09-23,54.84249841083138,-60.15634944699481,LOC_027,-2.43,69.7,3.76,187.7,0.5,3.73,0.0,155.4,0.4,Sample Data
2025-09-23,16.636937653893963,-154.5222278855111,LOC_028,31.56,36.4,1.03,257.6,1.01,0.22,0.0,135.7,0.6,Sample Data
2025-09-23,13.392046668290355,-137.70705700077565,LOC_029,28.96,72.6,3.65,245.8,3.33,1.5,0.0,108.9,0.7,Sample Data
2025-09-23,39.15079672671115,-144.72462586939355,LOC_030,12.11,57.5,0.29,337.6,0.11,-0.27,0.0,208.2,2.3,Sample Data
2025-09-23,72.1553131863947,-133.6220675298334,LOC_031,-10.86,100.0,3.36,15.6,-0.9,-3.24,0.0,109.0,0.5,Sample Data
2025-09-23,31.07008822655356,-109.4495091894277,LOC_032,7.35,73.0,3.92,85.5,-3.91,-0.31,0.0,79.3,1.5,Sample Data
2025-09-23,20.569316873107198,-75.71439250197484,LOC_033,24.83,53.4,0.59,29.6,-0.29,-0.52,0.0,241.3,0.7,Sample Data
2025-09-23,15.591298275982812,-51.70469824193276,LOC_034,27.68,49.7,0.12,155.4,-0.05,0.11,0.0,194.5,2.5,Sample Data
2025-09-23,67.9183576972493,-154.1669614005576,LOC_035,-3.05,82.5,1.08,11.1,-0.21,-1.06,1.01,61.3,0.5,Sample Data
2025-09-23,10.41415878427018,-73.99001430087156,LOC_036,14.63,56.5,0.39,106.6,-0.38,0.11,0.0,237.3,2.0,Sample Data
2025-09-23,63.01430078857128,-85.22906815467165,LOC_037,-8.48,100.0,0.82,132.8,-0.6,0.56,0.0,45.8,0.0,Sample Data
2025-09-23,67.84527600144594,-170.37419527456825,LOC_038,5.59,60.9,2.02,314.1,1.45,-1.41,0.0,133.5,1.6,Sample Data
2025-09-23,36.884929640820445,-164.93702226173315,LOC_039,7.91,78.6,0.59,283.4,0.57,-0.14,0.0,263.7,5.1,Sample Data
2025-09-23,74.73275694066952,-98.97124351241747,LOC_040,-12.73,100.0,3.42,39.1,-2.15,-2.66,0.0,111.4,2.7,Sample Data
2025-09-23,34.81735186394869,-171.73741446281693,LOC_041,7.4,66.8,1.58,238.2,1.34,0.83,0.0,232.7,1.4,Sample Data
2025-09-23,33.32367412867467,-137.7261681365229,LOC_042,20.5,59.1,2.37,234.5,1.93,1.38,0.0,116.5,1.4,Sample Data
2025-09-23,64.7204633753548,-97.11752872382229,LOC_043,-4.94,67.7,0.51,346.9,0.11,-0.49,0.0,160.2,0.6,Sample Data
2025-09-23,76.54095569322449,-118.61205972894659,LOC_044,-2.28,84.0,2.96,0.1,-0.0,-2.96,0.0,75.1,2.6,Sample Data
2025-09-23,18.96956844537263,-87.27817766101064,LOC_045,31.8,62.5,16.98,107.6,-16.19,5.13,0.0,154.5,2.2,Sample Data
2025-09-23,67.05887864626732,-107.03396431596549,LOC_046,5.37,76.4,2.35,240.0,2.03,1.17,0.0,146.6,1.5,Sample Data
2025-09-23,67.82253849659207,-115.8065724726292,LOC_047,-7.16,74.5,0.13,131.2,-0.1,0.09,0.0,121.0,2.6,Sample Data
2025-09-23,49.20496220364956,-124.41966761338855,LOC_048,14.42,56.3,0.16,64.9,-0.15,-0.07,0.0,196.1,3.1,Sample Data
2025-09-23,11.90643450580714,-165.97411449087042,LOC_049,31.13,44.9,3.46,346.8,0.79,-3.36,1.6,188.1,0.9,Sample Data
2025-09-23,12.357188926505069,-97.26664653570855,LOC_050,24.9,28.1,0.79,17.1,-0.23,-0.76,0.0,131.0,1.1,Sample Data
2025-09-23,33.576698580724496,-113.88581014858865,LOC_051,10.82,69.4,9.01,209.2,4.4,7.87,0.0,204.6,2.4,Sample Data
2025-09-23,78.06748554445697,-147.59201021064627,LOC_052,3.65,68.0,2.03,264.0,2.02,0.21,0.0,33.2,0.0,Sample Data
2025-09-23,40.77871922767223,-81.77835198940367,LOC_053,7.64,100.0,0.3,142.4,-0.18,0.24,0.0,202.4,2.0,Sample Data
2025-09-23,27.159862411871686,-169.99261172225692,LOC_054,9.05,86.9,5.6,177.6,-0.24,5.59,0.0,122.1,1.2,Sample Data
2025-09-23,31.731358968532604,-159.04123265697942,LOC_055,13.13,65.4,8.49,313.7,6.14,-5.87,0.0,157.9,2.0,Sample Data
2025-09-23,79.72732392569299,-74.9443506566258,LOC_056,-13.57,97.3,6.1,231.6,4.78,3.79,0.34,103.3,1.5,Sample Data
2025-09-23,57.50528173828176,-66.7101232755967,LOC_057,-3.99,100.0,2.66,111.9,-2.46,0.99,0.0,149.4,3.3,Sample Data
2025-09-23,70.27540576743358,-155.74589234481533,LOC_058,3.59,58.7,1.25,10.4,-0.23,-1.23,0.0,96.6,1.8,Sample Data
2025-09-23,76.94192488674834,-109.88550855096541,LOC_059,-13.7,78.7,1.06,207.8,0.49,0.94,0.0,161.9,2.0,Sample Data
2025-09-23,70.55801163730469,-63.508131009945885,LOC_060,-0.71,70.3,0.58,281.7,0.57,-0.12,0.0,76.6,2.9,Sample Data
2025-09-23,33.85026062288979,-165.693249811402,LOC_061,9.42,76.0,5.72,20.0,-1.96,-5.38,1.72,146.3,2.0,Sample Data
2025-09-23,27.095137190645627,-124.47598747858669,LOC_062,13.58,100.0,4.06,118.2,-3.58,1.92,0.0,162.1,2.3,Sample Data
2025-09-23,71.351107444187,-68.10502417667536,LOC_063,-10.2,73.0,1.75,113.1,-1.61,0.69,0.0,152.0,2.5,Sample Data
2025-09-23,10.521409789839304,-113.60285066491646,LOC_064,27.96,66.5,0.1,17.2,-0.03,-0.09,0.0,305.9,4.9,Sample Data
2025-09-23,41.30582523615843,-151.12598463880508,LOC_065,13.41,74.8,7.47,180.2,0.02,7.47,0.0,155.9,3.2,Sample Data
2025-09-23,18.98990255002621,-136.11002771752837,LOC_066,24.37,61.1,4.68,327.3,2.53,-3.94,1.49,149.9,2.4,Sample Data
2025-09-23,80.71822779343894,-137.98361883730183,LOC_067,-8.85,100.0,0.64,170.4,-0.11,0.64,0.0,9.1,2.0,Sample Data
2025-09-23,48.90929663075246,-88.60753534362688,LOC_068,5.06,90.1,2.11,22.4,-0.81,-1.96,0.0,140.6,0.4,Sample Data
2025-09-23,37.27222017844705,-53.66832924627511,LOC_069,7.72,83.2,2.25,86.6,-2.24,-0.13,0.0,211.4,2.8,Sample Data
2025-09-23,82.18354712065835,-147.26830154270266,LOC_070,-10.35,99.9,3.88,197.7,1.18,3.69,0.0,92.7,1.4,Sample Data
2025-09-23,47.29363794192891,-140.88581972381994,LOC_071,-3.01,70.8,1.48,156.7,-0.58,1.36,1.38,269.2,3.2,Sample Data
2025-09-23,31.36303707831007,-175.20469684391074,LOC_072,20.08,40.4,6.32,344.0,1.74,-6.07,0.0,114.2,2.7,Sample Data
2025-09-23,55.71732504849226,-114.651726980248,LOC_073,1.9,92.2,3.61,298.1,3.19,-1.7,0.0,151.5,1.8,Sample Data
2025-09-23,13.860906343749201,-143.77595964924052,LOC_074,20.76,65.9,3.44,247.2,3.17,1.33,0.0,242.0,1.2,Sample Data
2025-09-23,78.11994144749903,-148.8569542132936,LOC_075,-9.59,76.8,5.1,74.3,-4.91,-1.38,0.0,52.3,0.4,Sample Data
2025-09-23,20.867115406841734,-116.3711411639168,LOC_076,14.71,68.6,2.66,11.3,-0.52,-2.6,1.6,156.1,2.0,Sample Data
2025-09-23,83.92378405829506,-148.53281470350495,LOC_077,-6.75,89.3,3.84,47.2,-2.82,-2.61,0.0,42.4,0.6,Sample Data
2025-09-23,60.41016605544089,-80.98945000726671,LOC_078,0.54,84.3,4.1,228.0,3.05,2.74,0.0,138.9,2.8,Sample Data
2025-09-23,27.822815799429975,-85.33187468045826,LOC_079,9.97,49.5,6.82,6.2,-0.73,-6.78,0.0,170.1,2.2,Sample Data
2025-09-23,37.58373495394399,-97.80024202283467,LOC_080,8.31,47.1,1.12,96.7,-1.11,0.13,0.0,229.7,1.5,Sample Data
2025-09-23,57.5147283070671,-110.3492910702814,LOC_081,-2.41,95.5,0.72,240.1,0.63,0.36,0.0,120.5,2.7,Sample Data
2025-09-23,16.771732754080624,-71.41067557339906,LOC_082,17.07,69.8,1.7,81.8,-1.68,-0.24,1.4,209.1,3.4,Sample Data
2025-09-23,34.05850487288019,-155.75259364801894,LOC_083,17.32,100.0,1.67,350.2,0.29,-1.65,0.0,118.9,0.7,Sample Data
2025-09-23,13.058135616607293,-103.18391738552856,LOC_084,25.21,95.6,0.02,298.8,0.02,-0.01,0.0,155.1,2.1,Sample Data
2025-09-23,60.81732713817118,-177.8435822393787,LOC_085,1.75,75.9,5.95,102.8,-5.81,1.32,1.19,178.3,1.1,Sample Data
2025-09-23,48.406979372446074,-150.55554922426808,LOC_086,4.61,81.1,0.19,323.1,0.12,-0.15,6.11,158.6,2.2,Sample Data
2025-09-23,58.38795928070874,-157.33236422935113,LOC_087,-14.61,81.2,1.21,344.8,0.32,-1.17,0.0,66.5,1.3,Sample Data
2025-09-23,61.820330357684945,-129.72440498093013,LOC_088,2.93,91.7,1.66,332.9,0.76,-1.48,0.62,32.0,1.4,Sample Data
2025-09-23,80.25474915525508,-162.12227726102088,LOC_089,-11.71,70.7,0.85,93.2,-0.85,0.05,0.0,150.3,2.0,Sample Data
2025-09-23,35.57997632876939,-165.2484422387234,LOC_090,10.99,65.9,1.96,67.1,-1.8,-0.76,4.09,176.0,2.1,Sample Data
2025-09-23,79.3520213708922,-65.94588406047247,LOC_091,-9.23,77.3,10.75,352.2,1.47,-10.65,0.0,43.1,0.1,Sample Data
2025-09-23,29.34562207863667,-94.20207401555672,LOC_092,21.52,71.2,4.04,238.3,3.44,2.13,0.0,184.5,4.2,Sample Data
2025-09-23,71.29166501509118,-107.8238944920699,LOC_093,-2.44,69.3,1.92,106.1,-1.85,0.53,0.0,103.5,1.5,Sample Data
2025-09-23,49.723793376700485,-148.55920218294128,LOC_094,6.7,59.4,0.84,325.3,0.48,-0.69,2.14,104.0,2.5,Sample Data
2025-09-23,16.98270758544244,-63.361951466067524,LOC_095,15.54,52.9,6.62,348.2,1.36,-6.48,1.27,135.1,1.8,Sample Data
2025-09-23,77.53135428724978,-97.69681055447516,LOC_096,-17.0,78.5,2.3,238.0,1.95,1.22,0.0,82.6,0.7,Sample Data
2025-09-23,35.42723432865255,-134.6027553003541,LOC_097,15.16,72.8,1.79,321.8,1.11,-1.41,0.0,56.4,0.0,Sample Data
2025-09-23,64.44667591526795,-63.37566620616498,LOC_098,-2.11,86.6,7.9,286.9,7.56,-2.3,0.0,83.8,0.4,Sample Data
2025-09-23,76.5314818198838,-78.6161790385089,LOC_099,-7.61,78.0,3.97,102.8,-3.87,0.88,0.0,51.2,0.6,Sample Data
2025-09-24,38.090508913552185,-56.4071401667109,LOC_000,6.7,90.3,5.77,288.9,5.46,-1.87,0.0,159.4,0.0,Sample Data
2025-09-24,64.89954563585539,-102.17439705438524,LOC_001,-13.24,80.5,5.65,174.1,-0.58,5.62,0.0,100.6,1.6,Sample Data
2025-09-24,21.70139803318274,-159.72071235629366,LOC_002,34.11,72.9,0.73,258.7,0.71,0.14,1.7,211.5,2.8,Sample Data
2025-09-24,14.35627091261496,-67.39710104925842,LOC_003,16.23,68.2,2.55,32.9,-1.38,-2.14,0.06,133.2,1.7,Sample Data
2025-09-24,55.08362588074066,-87.95056488651409,LOC_004,5.24,75.0,3.82,27.9,-1.78,-3.37,2.24,131.9,3.0,Sample Data
2025-09-24,11.543837072185184,-53.91171921894073,LOC_005,26.13,60.0,4.13,306.0,3.34,-2.43,0.0,283.5,4.5,Sample Data
2025-09-24,72.43319806003163,-152.3959156118241,LOC_006,-3.6,55.6,0.81,51.6,-0.64,-0.5,0.0,97.2,1.4,Sample Data
2025-09-24,23.636872540532547,-156.1574137190536,LOC_007,27.77,48.4,0.33,325.6,0.18,-0.27,0.0,201.5,3.1,Sample Data
2025-09-24,32.81816822196533,-111.78166388780907,LOC_008,13.63,44.0,9.69,32.3,-5.17,-8.2,0.0,116.3,2.2,Sample Data
2025-09-24,42.395876398158684,-142.14021177425457,LOC_009,6.71,73.4,5.34,305.9,4.33,-3.13,0.0,111.6,1.2,Sample Data
2025-09-24,55.88896710417846,-161.86579811523455,LOC_010,5.24,89.7,7.31,263.0,7.26,0.89,0.0,153.1,3.3,Sample Data
2025-09-24,31.91084864014136,-132.37296037182008,LOC_011,17.5,63.6,3.16,143.4,-1.88,2.54,0.69,72.0,1.2,Sample Data
2025-09-24,44.205248816277695,-77.92712501890823,LOC_012,7.67,51.1,0.56,288.1,0.53,-0.17,0.0,83.7,1.3,Sample Data
2025-09-24,24.97553366187698,-113.1495230062305,LOC_013,12.14,44.5,4.95,277.3,4.91,-0.63,1.92,171.3,2.7,Sample Data
2025-09-24,54.431092664653185,-173.9614463464003,LOC_014,6.58,84.2,3.83,251.9,3.64,1.19,0.0,205.7,3.8,Sample Data
2025-09-24,55.56586389260788,-157.8318639206521,LOC_015,3.45,90.8,3.96,84.3,-3.94,-0.39,0.0,118.8,0.3,Sample Data
2025-09-24,14.878869473895964,-56.64488015706668,LOC_016,22.01,62.3,2.83,283.1,2.76,-0.64,0.0,195.3,3.6,Sample Data
2025-09-24,82.42240248059196,-74.90834474486006,LOC_017,-17.6,100.0,2.39,228.3,1.78,1.59,0.0,55.8,0.7,Sample Data
2025-09-24,32.8460326880028,-167.3026251791701,LOC_018,10.03,47.5,0.82,1.5,-0.02,-0.82,0.01,129.4,3.3,Sample Data
2025-09-24,61.31747698841177,-122.78017581385183,LOC_019,3.77,65.4,5.36,351.1,0.83,-5.3,0.0,11.2,0.0,Sample Data
2025-09-24,19.15286761335841,-115.62700168553488,LOC_020,16.05,57.3,1.58,357.0,0.08,-1.58,0.44,202.6,1.7,Sample Data
2025-09-24,12.57913908364138,-61.78834772975833,LOC_021,19.72,32.9,0.48,145.8,-0.27,0.4,1.52,182.4,2.1,Sample Data
2025-09-24,29.408498620001268,-93.87210303398234,LOC_022,22.69,69.3,1.63,137.3,-1.1,1.2,1.48,13.6,1.5,Sample Data
2025-09-24,33.378330706705825,-112.39115724688459,LOC_023,15.94,75.1,4.17,51.8,-3.28,-2.58,0.0,168.5,1.6,Sample Data
2025-09-24,51.00327095074597,-155.96892078168148,LOC_024,-1.31,76.4,5.94,221.0,3.9,4.48,0.0,129.0,1.1,Sample Data
2025-09-24,82.7188470823419,-79.23273296305511,LOC_025,-11.49,100.0,10.69,49.1,-8.08,-7.0,0.0,60.6,2.2,Sample Data
2025-09-24,80.46242061731418,-63.672444444405656,LOC_026,-10.35,75.8,2.84,262.3,2.81,0.38,0.0,95.0,2.3,Sample Data
2025-09-24,54.84249841083138,-60.15634944699481,LOC_027,-0.67,60.2,4.49,343.2,1.3,-4.3,1.53,66.6,0.1,Sample Data
2025-09-24,16.636937653893963,-154.5222278855111,LOC_028,33.14,55.5,0.03,280.9,0.03,-0.01,0.0,101.3,3.2,Sample Data
2025-09-24,13.392046668290355,-137.70705700077565,LOC_029,26.09,30.8,4.58,8.3,-0.66,-4.53,0.0,206.6,3.3,Sample Data
2025-09-24,39.15079672671115,-144.72462586939355,LOC_030,6.5,95.6,4.18,139.2,-2.73,3.16,0.0,120.4,0.6,Sample Data
2025-09-24,72.1553131863947,-133.6220675298334,LOC_031,-16.56,100.0,1.66,177.3,-0.08,1.65,0.0,0.0,0.4,Sample Data
2025-09-24,31.07008822655356,-109.4495091894277,LOC_032,10.81,49.1,2.18,268.6,2.17,0.05,0.5,84.3,0.0,Sample Data
2025-09-24,20.569316873107198,-75.71439250197484,LOC_033,25.17,52.8,1.18,180.7,0.01,1.18,0.0,209.8,1.7,Sample Data
2025-09-24,15.591298275982812,-51.70469824193276,LOC_034,10.78,99.2,4.98,87.7,-4.97,-0.2,0.0,278.1,4.6,Sample Data
2025-09-24,67.9183576972493,-154.1669614005576,LOC_035,-4.08,86.3,2.76,271.1,2.76,-0.06,0.0,55.1,0.8,Sample Data
2025-09-24,10.41415878427018,-73.99001430087156,LOC_036,26.97,34.0,2.71,279.8,2.68,-0.46,0.0,267.4,3.4,Sample Data
2025-09-24,63.01430078857128,-85.22906815467165,LOC_037,9.88,71.6,6.84,144.5,-3.97,5.57,0.0,101.9,0.8,Sample Data
2025-09-24,67.84527600144594,-170.37419527456825,LOC_038,-3.76,100.0,0.94,283.0,0.92,-0.21,2.64,33.5,0.8,Sample Data
2025-09-24,36.884929640820445,-164.93702226173315,LOC_039,6.52,65.2,0.04,263.7,0.04,0.0,0.0,118.3,2.3,Sample Data
2025-09-24,74.73275694066952,-98.97124351241747,LOC_040,1.51,68.5,1.74,251.0,1.64,0.56,0.0,87.0,0.7,Sample Data
2025-09-24,34.81735186394869,-171.73741446281693,LOC_041,16.15,86.3,0.51,96.5,-0.5,0.06,0.0,108.3,0.6,Sample Data
2025-09-24,33.32367412867467,-137.7261681365229,LOC_042,14.98,85.3,2.5,81.3,-2.47,-0.38,0.0,184.3,1.7,Sample Data
2025-09-24,64.7204633753548,-97.11752872382229,LOC_043,-6.56,76.0,1.18,2.6,-0.05,-1.18,0.0,137.8,1.1,Sample Data
2025-09-24,76.54095569322449,-118.61205972894659,LOC_044,-10.82,55.4,10.12,87.2,-10.1,-0.5,0.0,30.7,1.1,Sample Data
2025-09-24,18.96956844537263,-87.27817766101064,LOC_045,8.57,73.4,4.43,224.1,3.09,3.18,0.0,137.6,2.5,Sample Data
2025-09-24,67.05887864626732,-107.03396431596549,LOC_046,-1.69,87.2,6.33,282.1,6.19,-1.33,0.0,90.5,1.3,Sample Data
2025-09-24,67.82253849659207,-115.8065724726292,LOC_047,-10.04,94.4,11.8,253.4,11.31,3.37,0.0,125.6,2.7,Sample Data
2025-09-24,49.20496220364956,-124.41966761338855,LOC_048,3.97,48.8,0.35,169.8,-0.06,0.35,0.86,106.7,0.7,Sample Data
2025-09-24,11.90643450580714,-165.97411449087042,LOC_049,11.19,81.6,2.3,226.2,1.66,1.59,0.0,149.5,1.0,Sample Data
2025-09-24,12.357188926505069,-97.26664653570855,LOC_050,22.54,65.4,0.07,53.2,-0.05,-0.04,9.2,196.2,2.3,Sample Data
2025-09-24,33.576698580724496,-113.88581014858865,LOC_051,-0.38,72.9,2.8,158.0,-1.05,2.59,0.0,251.6,3.5,Sample Data
2025-09-24,78.06748554445697,-147.59201021064627,LOC_052,-11.8,85.7,0.45,184.5,0.04,0.45,0.0,81.0,1.0,Sample Data
2025-09-24,40.77871922767223,-81.77835198940367,LOC_053,9.36,54.4,0.31,114.7,-0.28,0.13,0.0,138.7,2.3,Sample Data
2025-09-24,27.159862411871686,-169.99261172225692,LOC_054,14.64,58.8,0.47,82.8,-0.47,-0.06,0.0,161.7,1.3,Sample Data
2025-09-24,31.731358968532604,-159.04123265697942,LOC_055,6.51,100.0,0.06,354.8,0.01,-0.06,0.0,124.7,2.7,Sample Data
2025-09-24,79.72732392569299,-74.9443506566258,LOC_056,-22.69,90.2,1.26,7.9,-0.17,-1.25,0.0,78.5,1.7,Sample Data
2025-09-24,57.50528173828176,-66.7101232755967,LOC_057,1.67,62.4,6.68,252.0,6.36,2.06,4.05,92.4,0.0,Sample Data
2025-09-24,70.27540576743358,-155.74589234481533,LOC_058,-0.18,81.5,8.05,334.7,3.44,-7.27,5.1,0.0,2.1,Sample Data
2025-09-24,76.94192488674834,-109.88550855096541,LOC_059,-11.83,100.0,8.17,86.6,-8.16,-0.48,5.07,78.0,0.3,Sample Data
2025-09-24,70.55801163730469,-63.508131009945885,LOC_060,-5.94,100.0,3.55,62.2,-3.14,-1.66,0.0,69.9,0.0,Sample Data
2025-09-24,33.85026062288979,-165.693249811402,LOC_061,12.53,58.1,3.32,338.8,1.2,-3.1,0.0,193.4,2.5,Sample Data
2025-09-24,27.095137190645627,-124.47598747858669,LOC_062,28.96,42.6,2.72,147.6,-1.46,2.3,0.0,176.3,0.9,Sample Data
2025-09-24,71.351107444187,-68.10502417667536,LOC_063,-4.15,87.4,6.46,183.1,0.35,6.45,0.0,46.9,0.0,Sample Data
2025-09-24,10.521409789839304,-113.60285066491646,LOC_064,25.27,26.2,4.53,202.3,1.72,4.19,0.0,267.3,3.0,Sample Data
2025-09-24,41.30582523615843,-151.12598463880508,LOC_065,8.23,95.4,5.83,196.6,1.67,5.59,0.0,132.8,0.8,Sample Data
2025-09-24,18.98990255002621,-136.11002771752837,LOC_066,21.22,65.8,0.87,127.9,-0.69,0.53,2.35,178.5,2.6,Sample Data
2025-09-24,80.71822779343894,-137.98361883730183,LOC_067,-6.49,100.0,0.28,262.6,0.28,0.04,0.0,95.4,1.5,Sample Data
2025-09-24,48.90929663075246,-88.60753534362688,LOC_068,7.91,83.8,7.86,356.4,0.5,-7.84,0.0,126.0,0.6,Sample Data
2025-09-24,37.27222017844705,-53.66832924627511,LOC_069,10.44,98.0,1.38,38.0,-0.85,-1.09,0.0,93.4,0.3,Sample Data
2025-09-24,82.18354712065835,-147.26830154270266,LOC_070,-8.24,100.0,1.35,230.9,1.05,0.85,3.17,26.7,0.0,Sample Data
2025-09-24,47.29363794192891,-140.88581972381994,LOC_071,8.92,87.3,0.61,41.8,-0.4,-0.45,0.0,99.5,2.4,Sample Data
2025-09-24,31.36303707831007,-175.20469684391074,LOC_072,9.19,77.9,2.12,6.7,-0.25,-2.11,0.0,157.2,1.2,Sample Data
2025-09-24,55.71732504849226,-114.651726980248,LOC_073,-6.26,53.6,0.14,130.2,-0.11,0.09,0.0,188.2,1.5,Sample Data
2025-09-24,13.860906343749201,-143.77595964924052,LOC_074,16.56,38.5,2.49,342.2,0.76,-2.37,0.07,203.8,2.7,Sample Data
2025-09-24,78.11994144749903,-148.8569542132936,LOC_075,-10.07,92.3,1.89,232.2,1.5,1.16,0.0,111.0,1.7,Sample Data
2025-09-24,20.867115406841734,-116.3711411639168,LOC_076,18.49,90.4,1.86,230.3,1.43,1.19,0.0,154.1,1.9,Sample Data
2025-09-24,83.92378405829506,-148.53281470350495,LOC_077,-13.16,70.9,5.19,100.3,-5.1,0.93,0.0,13.8,0.0,Sample Data
2025-09-24,60.41016605544089,-80.98945000726671,LOC_078,-0.13,74.1,1.28,358.1,0.04,-1.28,0.0,127.2,0.1,Sample Data
2025-09-24,27.822815799429975,-85.33187468045826,LOC_079,13.04,76.4,3.71,22.1,-1.4,-3.43,0.0,16.2,0.0,Sample Data
2025-09-24,37.58373495394399,-97.80024202283467,LOC_080,5.91,80.5,2.12,190.5,0.39,2.08,0.0,134.1,1.7,Sample Data
2025-09-24,57.5147283070671,-110.3492910702814,LOC_081,5.35,90.9,0.37,205.3,0.16,0.33,0.0,85.0,1.3,Sample Data
2025-09-24,16.771732754080624,-71.41067557339906,LOC_082,13.5,81.6,2.12,278.4,2.1,-0.31,0.0,186.0,1.4,Sample Data
2025-09-24,34.05850487288019,-155.75259364801894,LOC_083,14.26,80.4,4.46,101.5,-4.37,0.89,0.0,143.1,2.5,Sample Data
2025-09-24,13.058135616607293,-103.18391738552856,LOC_084,23.24,51.8,0.4,286.8,0.38,-0.12,0.0,191.8,2.8,Sample Data
2025-09-24,60.81732713817118,-177.8435822393787,LOC_085,-2.72,69.1,4.47,150.2,-2.22,3.88,0.0,127.9,0.9,Sample Data
2025-09-24,48.406979372446074,-150.55554922426808,LOC_086,5.38,92.3,1.02,126.5,-0.82,0.61,0.0,74.7,0.2,Sample Data
2025-09-24,58.38795928070874,-157.33236422935113,LOC_087,4.01,80.2,1.1,67.2,-1.01,-0.43,0.0,121.4,1.6,Sample Data
2025-09-24,61.820330357684945,-129.72440498093013,LOC_088,-3.0,79.2,2.34,221.2,1.54,1.76,0.0,43.8,0.9,Sample Data
2025-09-24,80.25474915525508,-162.12227726102088,LOC_089,-0.49,76.3,1.7,244.6,1.54,0.73,0.0,0.0,0.0,Sample Data
2025-09-24,35.57997632876939,-165.2484422387234,LOC_090,9.54,71.4,3.31,304.2,2.74,-1.86,0.0,124.0,1.2,Sample Data
2025-09-24,79.3520213708922,-65.94588406047247,LOC_091,-3.79,71.8,1.04,206.9,0.47,0.93,0.0,45.7,0.0,Sample Data
2025-09-24,29.34562207863667,-94.20207401555672,LOC_092,18.06,87.8,0.38,58.8,-0.33,-0.2,0.0,136.0,2.8,Sample Data
2025-09-24,71.29166501509118,-107.8238944920699,LOC_093,-12.51,95.1,1.12,7.3,-0.14,-1.11,0.0,143.7,1.4,Sample Data
2025-09-24,49.723793376700485,-148.55920218294128,LOC_094,8.4,81.3,1.01,66.6,-0.93,-0.4,0.0,169.5,2.6,Sample Data
2025-09-24,16.98270758544244,-63.361951466067524,LOC_095,19.13,67.1,2.51,154.5,-1.08,2.27,0.54,144.1,1.5,Sample Data
2025-09-24,77.53135428724978,-97.69681055447516,LOC_096,-16.32,100.0,0.98,323.4,0.58,-0.78,0.0,142.7,1.1,Sample Data
2025-09-24,35.42723432865255,-134.6027553003541,LOC_097,22.07,47.3,1.15,278.1,1.14,-0.16,0.0,81.9,0.8,Sample Data
2025-09-24,64.44667591526795,-63.37566620616498,LOC_098,-8.37,100.0,0.93,316.5,0.64,-0.68,0.13,133.0,0.2,Sample Data
2025-09-24,76.5314818198838,-78.6161790385089,LOC_099,-9.63,71.9,2.96,305.5,2.41,-1.72,3.4,107.0,0.2,Sample Data
2025-09-25,38.090508913552185,-56.4071401667109,LOC_000,4.86,73.5,3.76,78.4,-3.68,-0.76,0.89,85.1,1.8,Sample Data
2025-09-25,64.89954563585539,-102.17439705438524,LOC_001,-16.4,78.0,0.8,19.3,-0.26,-0.75,0.0,129.0,2.5,Sample Data
2025-09-25,21.70139803318274,-159.72071235629366,LOC_002,17.53,69.4,13.94,90.9,-13.94,0.23,0.0,99.3,0.0,Sample Data
2025-09-25,14.35627091261496,-67.39710104925842,LOC_003,24.01,70.8,14.54,220.9,9.51,11.0,0.0,262.1,3.7,Sample Data
2025-09-25,55.08362588074066,-87.95056488651409,LOC_004,6.93,41.1,8.57,59.9,-7.42,-4.3,0.0,135.4,1.2,Sample Data
2025-09-25,11.543837072185184,-53.91171921894073,LOC_005,23.67,32.6,1.56,16.1,-0.43,-1.5,0.0,199.8,4.1,Sample Data
2025-09-25,72.43319806003163,-152.3959156118241,LOC_006,-11.38,76.1,2.03,150.9,-0.98,1.77,0.0,73.3,2.3,Sample Data
2025-09-25,23.636872540532547,-156.1574137190536,LOC_007,11.55,78.8,2.29,114.5,-2.08,0.95,0.0,198.4,3.2,Sample Data
2025-09-25,32.81816822196533,-111.78166388780907,LOC_008,19.16,49.4,8.51,225.2,6.04,5.99,2.28,33.5,0.8,Sample Data
2025-09-25,42.395876398158684,-142.14021177425457,LOC_009,6.81,66.0,7.01,7.6,-0.92,-6.94,0.0,130.6,2.3,Sample Data
2025-09-25,55.88896710417846,-161.86579811523455,LOC_010,10.01,46.8,1.86,60.7,-1.63,-0.91,1.88,86.2,0.0,Sample Data
2025-09-25,31.91084864014136,-132.37296037182008,LOC_011,9.77,84.4,6.41,19.8,-2.17,-6.03,0.0,251.3,3.9,Sample Data
2025-09-25,44.205248816277695,-77.92712501890823,LOC_012,12.9,60.9,0.55,17.6,-0.17,-0.52,0.0,157.4,2.6,Sample Data
2025-09-25,24.97553366187698,-113.1495230062305,LOC_013,29.73,65.8,0.42,302.6,0.35,-0.23,0.0,139.8,3.8,Sample Data
2025-09-25,54.431092664653185,-173.9614463464003,LOC_014,-4.92,100.0,2.89,207.2,1.32,2.57,0.0,76.9,0.0,Sample Data
2025-09-25,55.56586389260788,-157.8318639206521,LOC_015,-7.77,100.0,0.92,273.9,0.92,-0.06,0.0,105.2,0.7,Sample Data
2025-09-25,14.878869473895964,-56.64488015706668,LOC_016,22.89,68.7,1.17,337.7,0.44,-1.08,6.5,73.0,0.0,Sample Data
2025-09-25,82.42240248059196,-74.90834474486006,LOC_017,-5.33,87.1,5.54,144.4,-3.22,4.51,0.0,25.4,0.5,Sample Data
2025-09-25,32.8460326880028,-167.3026251791701,LOC_018,13.78,94.5,0.66,194.2,0.16,0.64,1.16,144.1,3.2,Sample Data
2025-09-25,61.31747698841177,-122.78017581385183,LOC_019,0.41,68.9,0.62,265.9,0.62,0.04,0.0,160.6,1.9,Sample Data
2025-09-25,19.15286761335841,-115.62700168553488,LOC_020,22.78,55.9,0.06,196.3,0.02,0.05,0.0,235.1,3.6,Sample Data
2025-09-25,12.57913908364138,-61.78834772975833,LOC_021,27.17,74.8,5.17,232.4,4.1,3.15,0.0,262.3,3.0,Sample Data
2025-09-25,29.408498620001268,-93.87210303398234,LOC_022,12.22,79.4,1.26,335.1,0.53,-1.14,0.0,183.4,1.3,Sample Data
2025-09-25,33.378330706705825,-112.39115724688459,LOC_023,8.11,83.6,6.27,189.3,1.01,6.18,0.0,129.1,1.4,Sample Data
2025-09-25,51.00327095074597,-155.96892078168148,LOC_024,-5.46,81.6,3.77,344.6,1.0,-3.63,0.0,117.4,2.5,Sample Data
2025-09-25,82.7188470823419,-79.23273296305511,LOC_025,-9.72,94.6,3.72,182.8,0.18,3.72,0.0,0.7,0.9,Sample Data
2025-09-25,80.46242061731418,-63.672444444405656,LOC_026,-2.13,76.9,4.01,238.4,3.41,2.1,0.0,51.6,1.7,Sample Data
2025-09-25,54.84249841083138,-60.15634944699481,LOC_027,5.81,82.0,0.45,11.1,-0.09,-0.44,0.0,132.6,1.3,Sample Data
2025-09-25,16.636937653893963,-154.5222278855111,LOC_028,23.23,74.3,0.42,240.3,0.37,0.21,0.0,77.5,0.0,Sample Data
2025-09-25,13.392046668290355,-137.70705700077565,LOC_029,17.99,63.9,6.68,312.9,4.89,-4.55,0.0,247.1,3.6,Sample Data
2025-09-25,39.15079672671115,-144.72462586939355,LOC_030,12.23,54.1,3.15,324.4,1.83,-2.56,0.0,160.8,3.1,Sample Data
2025-09-25,72.1553131863947,-133.6220675298334,LOC_031,-10.12,85.8,3.4,118.2,-2.99,1.6,0.0,107.8,1.6,Sample Data
2025-09-25,31.07008822655356,-109.4495091894277,LOC_032,12.27,89.4,1.47,86.3,-1.47,-0.09,0.0,103.8,1.5,Sample Data
2025-09-25,20.569316873107198,-75.71439250197484,LOC_033,21.79,31.6,2.28,12.8,-0.51,-2.23,0.0,173.7,1.4,Sample Data
2025-09-25,15.591298275982812,-51.70469824193276,LOC_034,28.36,35.6,0.36,112.8,-0.33,0.14,0.0,171.4,0.9,Sample Data
2025-09-25,67.9183576972493,-154.1669614005576,LOC_035,-13.42,92.7,0.3,152.6,-0.14,0.27,0.0,129.1,2.2,Sample Data
2025-09-25,10.41415878427018,-73.99001430087156,LOC_036,26.43,79.7,1.36,65.4,-1.24,-0.57,0.0,172.6,2.3,Sample Data
2025-09-25,63.01430078857128,-85.22906815467165,LOC_037,-2.93,100.0,1.7,147.7,-0.91,1.43,0.0,165.5,1.4,Sample Data
2025-09-25,67.84527600144594,-170.37419527456825,LOC_038,-3.5,79.4,1.25,111.4,-1.17,0.46,0.0,73.7,0.8,Sample Data
2025-09-25,36.884929640820445,-164.93702226173315,LOC_039,17.46,53.8,1.19,226.6,0.86,0.82,0.0,172.0,2.4,Sample Data
2025-09-25,74.73275694066952,-98.97124351241747,LOC_040,-14.67,88.0,1.15,155.6,-0.48,1.05,0.0,105.9,2.4,Sample Data
2025-09-25,34.81735186394869,-171.73741446281693,LOC_041,15.4,76.7,4.59,245.6,4.18,1.9,0.0,152.5,2.2,Sample Data
2025-09-25,33.32367412867467,-137.7261681365229,LOC_042,8.87,58.9,3.55,332.9,1.62,-3.16,0.17,112.9,0.0,Sample Data
2025-09-25,64.7204633753548,-97.11752872382229,LOC_043,-9.93,100.0,6.29,38.7,-3.94,-4.91,0.47,64.4,0.5,Sample Data
2025-09-25,76.54095569322449,-118.61205972894659,LOC_044,-2.24,65.0,0.77,86.5,-0.76,-0.05,0.0,143.1,2.1,Sample Data
2025-09-25,18.96956844537263,-87.27817766101064,LOC_045,23.12,78.8,1.79,320.6,1.13,-1.38,0.0,162.6,1.8,Sample Data
2025-09-25,67.05887864626732,-107.03396431596549,LOC_046,3.56,85.2,2.4,283.0,2.34,-0.54,0.0,178.5,2.9,Sample Data
2025-09-25,67.82253849659207,-115.8065724726292,LOC_047,-0.01,56.5,0.16,35.7,-0.09,-0.13,0.0,160.6,0.9,Sample Data
2025-09-25,49.20496220364956,-124.41966761338855,LOC_048,5.48,79.3,0.57,175.1,-0.05,0.56,0.0,161.8,2.7,Sample Data
2025-09-25,11.90643450580714,-165.97411449087042,LOC_049,19.49,55.6,2.67,266.8,2.67,0.15,0.0,187.9,1.8,Sample Data
2025-09-25,12.357188926505069,-97.26664653570855,LOC_050,18.3,57.6,0.48,113.4,-0.44,0.19,0.0,170.4,2.1,Sample Data
2025-09-25,33.576698580724496,-113.88581014858865,LOC_051,10.56,63.3,3.23,35.5,-1.88,-2.63,0.0,139.0,1.4,Sample Data
2025-09-25,78.06748554445697,-147.59201021064627,LOC_052,-12.4,100.0,5.33,35.6,-3.11,-4.34,0.73,26.0,1.4,Sample Data
2025-09-25,40.77871922767223,-81.77835198940367,LOC_053,0.12,68.5,0.25,338.2,0.09,-0.23,0.0,172.7,3.3,Sample Data
2025-09-25,27.159862411871686,-169.99261172225692,LOC_054,10.76,71.9,3.09,55.9,-2.56,-1.73,0.0,222.8,3.4,Sample Data
2025-09-25,31.731358968532604,-159.04123265697942,LOC_055,18.53,83.4,0.48,124.6,-0.4,0.27,2.54,151.9,1.0,Sample Data
2025-09-25,79.72732392569299,-74.9443506566258,LOC_056,-10.26,100.0,0.14,350.7,0.02,-0.14,0.0,0.0,0.0,Sample Data
2025-09-25,57.50528173828176,-66.7101232755967,LOC_057,6.27,72.8,3.23,21.3,-1.18,-3.01,0.0,132.8,1.0,Sample Data
2025-09-25,70.27540576743358,-155.74589234481533,LOC_058,-12.04,97.0,0.56,313.3,0.41,-0.39,0.0,85.3,3.2,Sample Data
2025-09-25,76.94192488674834,-109.88550855096541,LOC_059,-10.5,100.0,1.02,130.8,-0.77,0.66,0.0,0.0,0.0,Sample Data
2025-09-25,70.55801163730469,-63.508131009945885,LOC_060,-10.79,96.0,0.81,249.3,0.76,0.29,0.0,42.2,0.0,Sample Data
2025-09-25,33.85026062288979,-165.693249811402,LOC_061,16.0,42.7,0.57,37.5,-0.34,-0.45,0.0,152.0,3.4,Sample Data
2025-09-25,27.095137190645627,-124.47598747858669,LOC_062,10.36,42.4,1.48,345.6,0.37,-1.43,0.0,134.9,0.4,Sample Data
2025-09-25,71.351107444187,-68.10502417667536,LOC_063,4.19,89.6,1.89,291.6,1.76,-0.7,0.0,138.6,1.8,Sample Data
2025-09-25,10.521409789839304,-113.60285066491646,LOC_064,27.5,68.8,9.4,95.9,-9.35,0.97,4.4,181.7,1.7,Sample Data
2025-09-25,41.30582523615843,-151.12598463880508,LOC_065,8.19,55.9,0.51,46.1,-0.37,-0.35,1.99,101.0,1.0,Sample Data
2025-09-25,18.98990255002621,-136.11002771752837,LOC_066,14.56,60.8,8.53,115.2,-7.71,3.63,0.0,189.7,3.4,Sample Data
2025-09-25,80.71822779343894,-137.98361883730183,LOC_067,-7.07,100.0,8.77,74.5,-8.45,-2.34,0.0,73.7,2.1,Sample Data
2025-09-25,48.90929663075246,-88.60753534362688,LOC_068,10.44,91.7,0.18,78.5,-0.18,-0.04,0.0,14.5,0.8,Sample Data
2025-09-25,37.27222017844705,-53.66832924627511,LOC_069,10.89,95.2,0.04,265.0,0.04,0.0,0.0,135.3,0.2,Sample Data
2025-09-25,82.18354712065835,-147.26830154270266,LOC_070,-11.09,75.1,1.41,127.1,-1.13,0.85,0.0,67.3,0.9,Sample Data
2025-09-25,47.29363794192891,-140.88581972381994,LOC_071,2.07,80.2,0.16,317.9,0.1,-0.12,0.0,189.5,0.8,Sample Data
2025-09-25,31.36303707831007,-175.20469684391074,LOC_072,15.69,67.3,8.98,354.2,0.91,-8.94,0.0,151.1,2.0,Sample Data
2025-09-25,55.71732504849226,-114.651726980248,LOC_073,3.56,89.7,9.87,205.7,4.27,8.9,1.82,61.8,1.5,Sample Data
2025-09-25,13.860906343749201,-143.77595964924052,LOC_074,29.43,32.0,1.41,135.0,-0.99,0.99,5.65,210.2,3.5,Sample Data
2025-09-25,78.11994144749903,-148.8569542132936,LOC_075,-15.17,100.0,4.52,153.2,-2.04,4.03,7.49,104.4,0.3,Sample Data
2025-09-25,20.867115406841734,-116.3711411639168,LOC_076,16.25,53.9,1.75,69.2,-1.64,-0.62,0.0,176.5,1.0,Sample Data
2025-09-25,83.92378405829506,-148.53281470350495,LOC_077,-15.63,95.2,6.15,66.7,-5.64,-2.44,2.17,46.7,0.0,Sample Data
2025-09-25,60.41016605544089,-80.98945000726671,LOC_078,-0.19,75.6,2.88,48.7,-2.16,-1.9,0.0,118.9,2.8,Sample Data
2025-09-25,27.822815799429975,-85.33187468045826,LOC_079,13.5,56.6,0.83,186.3,0.09,0.83,0.0,65.3,0.0,Sample Data
2025-09-25,37.58373495394399,-97.80024202283467,LOC_080,10.79,84.3,2.51,94.3,-2.5,0.19,0.0,52.4,2.0,Sample Data
2025-09-25,57.5147283070671,-110.3492910702814,LOC_081,1.24,100.0,1.86,66.6,-1.71,-0.74,0.0,97.7,2.7,Sample Data
2025-09-25,16.771732754080624,-71.41067557339906,LOC_082,31.43,56.7,2.18,320.1,1.4,-1.67,0.0,188.9,1.6,Sample Data
2025-09-25,34.05850487288019,-155.75259364801894,LOC_083,18.72,53.6,1.56,225.9,1.12,1.08,0.0,242.9,5.3,Sample Data
2025-09-25,13.058135616607293,-103.18391738552856,LOC_084,21.37,50.8,2.37,166.3,-0.56,2.3,0.0,244.0,2.2,Sample Data
2025-09-25,60.81732713817118,-177.8435822393787,LOC_085,-8.57,78.7,1.26,25.5,-0.54,-1.14,0.0,133.4,1.6,Sample Data
2025-09-25,48.406979372446074,-150.55554922426808,LOC_086,7.71,69.5,0.78,68.7,-0.73,-0.28,0.0,113.3,1.5,Sample Data
2025-09-25,58.38795928070874,-157.33236422935113,LOC_087,-1.6,58.9,1.21,256.5,1.17,0.28,0.0,160.1,1.1,Sample Data
2025-09-25,61.820330357684945,-129.72440498093013,LOC_088,9.96,71.6,1.22,244.1,1.1,0.53,0.0,157.6,1.8,Sample Data
2025-09-25,80.25474915525508,-162.12227726102088,LOC_089,-11.25,100.0,2.02,130.3,-1.54,1.31,0.0,69.6,0.0,Sample Data
2025-09-25,35.57997632876939,-165.2484422387234,LOC_090,13.25,72.2,4.55,231.8,3.57,2.81,0.94,190.7,3.2,Sample Data
2025-09-25,79.3520213708922,-65.94588406047247,LOC_091,-10.4,100.0,0.49,118.7,-0.43,0.23,2.58,85.8,0.2,Sample Data
2025-09-25,29.34562207863667,-94.20207401555672,LOC_092,12.1,98.7,0.44,113.3,-0.4,0.17,0.0,124.4,1.9,Sample Data
2025-09-25,71.29166501509118,-107.8238944920699,LOC_093,-4.28,93.2,0.62,258.9,0.61,0.12,0.0,42.8,1.1,Sample Data
2025-09-25,49.723793376700485,-148.55920218294128,LOC_094,1.58,69.6,1.37,285.7,1.32,-0.37,0.0,79.6,0.0,Sample Data
2025-09-25,16.98270758544244,-63.361951466067524,LOC_095,15.6,69.2,3.09,117.1,-2.75,1.4,0.0,151.6,2.3,Sample Data
2025-09-25,77.53135428724978,-97.69681055447516,LOC_096,-9.72,99.2,7.69,74.8,-7.42,-2.02,0.0,134.9,1.2,Sample Data
2025-09-25,35.42723432865255,-134.6027553003541,LOC_097,10.42,100.0,7.33,135.8,-5.11,5.25,1.87,99.5,3.3,Sample Data
2025-09-25,64.44667591526795,-63.37566620616498,LOC_098,-0.55,80.2,3.96,39.8,-2.53,-3.04,7.42,116.4,1.7,Sample Data
2025-09-25,76.5314818198838,-78.6161790385089,LOC_099,-4.15,70.3,3.76,106.1,-3.61,1.04,0.0,50.7,2.9,Sample Data
2025-09-26,38.090508913552185,-56.4071401667109,LOC_000,11.34,76.4,5.7,289.2,5.39,-1.88,0.0,197.1,2.1,Sample Data
2025-09-26,64.89954563585539,-102.17439705438524,LOC_001,-12.16,88.8,2.12,51.1,-1.65,-1.33,0.0,31.0,0.0,Sample Data
2025-09-26,21.70139803318274,-159.72071235629366,LOC_002,20.38,82.6,5.48,273.3,5.47,-0.32,0.0,154.0,2.5,Sample Data
2025-09-26,14.35627091261496,-67.39710104925842,LOC_003,16.07,68.3,2.33,220.0,1.5,1.78,0.0,224.2,2.7,Sample Data
2025-09-26,55.08362588074066,-87.95056488651409,LOC_004,1.13,56.5,10.15,340.9,3.31,-9.59,0.0,85.7,1.6,Sample Data
2025-09-26,11.543837072185184,-53.91171921894073,LOC_005,26.65,80.7,0.29,40.7,-0.19,-0.22,2.58,162.5,0.9,Sample Data
2025-09-26,72.43319806003163,-152.3959156118241,LOC_006,-4.06,52.4,3.68,246.5,3.37,1.47,0.0,0.0,0.0,Sample Data
2025-09-26,23.636872540532547,-156.1574137190536,LOC_007,14.69,81.1,0.9,267.6,0.9,0.04,0.0,136.5,2.6,Sample Data
2025-09-26,32.81816822196533,-111.78166388780907,LOC_008,11.49,71.6,1.46,123.6,-1.22,0.81,0.0,146.5,2.3,Sample Data
2025-09-26,42.395876398158684,-142.14021177425457,LOC_009,10.05,85.3,10.27,292.0,9.52,-3.85,2.5,117.2,1.5,Sample Data
2025-09-26,55.88896710417846,-161.86579811523455,LOC_010,1.82,76.3,7.81,287.6,7.45,-2.36,0.0,104.1,1.1,Sample Data
2025-09-26,31.91084864014136,-132.37296037182008,LOC_011,18.59,65.3,5.94,221.8,3.96,4.43,0.0,199.9,2.5,Sample Data
2025-09-26,44.205248816277695,-77.92712501890823,LOC_012,-2.28,76.4,7.45,139.7,-4.82,5.67,0.0,191.5,1.1,Sample Data
2025-09-26,24.97553366187698,-113.1495230062305,LOC_013,10.68,64.9,4.25,18.2,-1.33,-4.04,0.0,121.1,1.1,Sample Data
2025-09-26,54.431092664653185,-173.9614463464003,LOC_014,-2.25,92.1,0.76,99.0,-0.75,0.12,0.0,92.9,0.0,Sample Data
2025-09-26,55.56586389260788,-157.8318639206521,LOC_015,4.58,71.3,4.65,225.3,3.31,3.27,0.0,152.4,2.4,Sample Data
2025-09-26,14.878869473895964,-56.64488015706668,LOC_016,27.86,64.5,4.15,205.8,1.81,3.73,0.0,126.1,2.2,Sample Data
2025-09-26,82.42240248059196,-74.90834474486006,LOC_017,-9.48,96.4,5.18,170.2,-0.88,5.11,0.21,77.6,1.3,Sample Data
2025-09-26,32.8460326880028,-167.3026251791701,LOC_018,7.42,80.0,8.2,356.1,0.56,-8.18,0.0,217.7,3.2,Sample Data
2025-09-26,61.31747698841177,-122.78017581385183,LOC_019,-1.14,66.5,3.53,320.4,2.25,-2.72,0.0,100.0,1.7,Sample Data
2025-09-26,19.15286761335841,-115.62700168553488,LOC_020,17.6,84.2,1.65,91.2,-1.65,0.03,0.0,184.6,2.4,Sample Data
2025-09-26,12.57913908364138,-61.78834772975833,LOC_021,21.39,61.4,2.03,30.8,-1.04,-1.75,0.27,150.9,1.7,Sample Data
2025-09-26,29.408498620001268,-93.87210303398234,LOC_022,18.42,63.3,3.39,222.5,2.29,2.5,0.0,193.3,2.7,Sample Data
2025-09-26,33.378330706705825,-112.39115724688459,LOC_023,3.02,81.8,6.36,194.9,1.64,6.15,0.0,142.6,1.3,Sample Data
2025-09-26,51.00327095074597,-155.96892078168148,LOC_024,3.85,91.9,3.12,313.1,2.28,-2.13,0.0,122.9,1.6,Sample Data
2025-09-26,82.7188470823419,-79.23273296305511,LOC_025,-23.69,85.2,4.58,57.8,-3.88,-2.44,0.0,16.8,0.0,Sample Data
2025-09-26,80.46242061731418,-63.672444444405656,LOC_026,-8.86,62.8,0.18,53.9,-0.15,-0.11,0.0,28.0,0.0,Sample Data
2025-09-26,54.84249841083138,-60.15634944699481,LOC_027,-0.85,79.9,1.28,251.6,1.21,0.4,4.38,200.1,1.3,Sample Data
2025-09-26,16.636937653893963,-154.5222278855111,LOC_028,24.97,52.9,3.78,126.1,-3.06,2.23,0.0,146.7,0.0,Sample Data
2025-09-26,13.392046668290355,-137.70705700077565,LOC_029,37.52,47.7,1.07,240.2,0.93,0.53,0.0,118.8,1.7,Sample Data
2025-09-26,39.15079672671115,-144.72462586939355,LOC_030,-2.03,76.3,2.03,331.9,0.96,-1.79,0.0,138.0,1.4,Sample Data
2025-09-26,72.1553131863947,-133.6220675298334,LOC_031,-4.92,93.0,2.16,89.9,-2.16,-0.0,0.0,144.3,2.8,Sample Data
2025-09-26,31.07008822655356,-109.4495091894277,LOC_032,1.9,76.5,5.03,178.2,-0.16,5.03,0.0,113.4,1.3,Sample Data
2025-09-26,20.569316873107198,-75.71439250197484,LOC_033,16.83,68.2,0.87,127.3,-0.69,0.52,0.0,137.4,1.7,Sample Data
2025-09-26,15.591298275982812,-51.70469824193276,LOC_034,14.03,95.3,7.65,179.8,-0.02,7.65,0.0,200.4,1.7,Sample Data
2025-09-26,67.9183576972493,-154.1669614005576,LOC_035,-2.93,86.5,0.1,161.1,-0.03,0.1,0.0,76.0,0.1,Sample Data
2025-09-26,10.41415878427018,-73.99001430087156,LOC_036,22.83,71.7,12.68,20.5,-4.43,-11.88,0.0,169.0,4.8,Sample Data
2025-09-26,63.01430078857128,-85.22906815467165,LOC_037,-1.43,90.8,0.9,324.6,0.52,-0.73,0.0,74.7,2.1,Sample Data
2025-09-26,67.84527600144594,-170.37419527456825,LOC_038,-3.47,97.7,0.46,233.9,0.37,0.27,1.06,94.7,0.0,Sample Data
2025-09-26,36.884929640820445,-164.93702226173315,LOC_039,11.54,16.5,0.85,246.7,0.78,0.34,0.0,185.6,2.0,Sample Data
2025-09-26,74.73275694066952,-98.97124351241747,LOC_040,-2.09,95.4,0.97,0.2,-0.0,-0.97,0.0,63.1,0.9,Sample Data
2025-09-26,34.81735186394869,-171.73741446281693,LOC_041,18.56,47.7,3.17,309.7,2.44,-2.02,1.12,134.7,0.9,Sample Data
2025-09-26,33.32367412867467,-137.7261681365229,LOC_042,17.79,67.1,0.19,81.9,-0.18,-0.03,0.98,124.8,2.8,Sample Data
2025-09-26,64.7204633753548,-97.11752872382229,LOC_043,-3.29,79.9,1.77,261.4,1.75,0.26,0.0,133.3,2.6,Sample Data
2025-09-26,76.54095569322449,-118.61205972894659,LOC_044,-13.19,87.6,0.04,103.7,-0.04,0.01,0.52,16.3,0.0,Sample Data
2025-09-26,18.96956844537263,-87.27817766101064,LOC_045,22.45,64.1,1.27,243.8,1.14,0.56,1.93,167.7,2.8,Sample Data
2025-09-26,67.05887864626732,-107.03396431596549,LOC_046,-6.08,93.1,1.19,144.2,-0.7,0.97,0.0,125.4,1.7,Sample Data
2025-09-26,67.82253849659207,-115.8065724726292,LOC_047,-10.41,80.3,2.14,181.8,0.07,2.14,0.45,3.6,0.0,Sample Data
2025-09-26,49.20496220364956,-124.41966761338855,LOC_048,-0.37,73.6,0.01,349.3,0.0,-0.01,0.0,132.8,1.7,Sample Data
2025-09-26,11.90643450580714,-165.97411449087042,LOC_049,20.06,67.0,0.38,329.8,0.19,-0.32,0.0,136.7,1.6,Sample Data
2025-09-26,12.357188926505069,-97.26664653570855,LOC_050,20.52,44.6,0.38,60.0,-0.33,-0.19,0.0,146.2,0.0,Sample Data
2025-09-26,33.576698580724496,-113.88581014858865,LOC_051,21.29,48.9,8.3,38.8,-5.21,-6.47,3.83,226.9,2.9,Sample Data
2025-09-26,78.06748554445697,-147.59201021064627,LOC_052,-7.69,78.8,7.73,228.8,5.81,5.09,4.51,95.5,2.0,Sample Data
2025-09-26,40.77871922767223,-81.77835198940367,LOC_053,6.29,67.8,2.58,95.4,-2.57,0.24,0.0,93.4,1.4,Sample Data
2025-09-26,27.159862411871686,-169.99261172225692,LOC_054,17.93,69.0,0.53,214.9,0.3,0.43,0.0,65.5,0.5,Sample Data
2025-09-26,31.731358968532604,-159.04123265697942,LOC_055,11.53,69.7,11.98,224.9,8.46,8.48,0.0,188.0,0.1,Sample Data
2025-09-26,79.72732392569299,-74.9443506566258,LOC_056,-18.93,75.7,1.87,99.4,-1.85,0.3,1.63,47.2,0.8,Sample Data
2025-09-26,57.50528173828176,-66.7101232755967,LOC_057,3.26,79.7,1.77,354.0,0.19,-1.76,0.0,141.5,0.5,Sample Data
2025-09-26,70.27540576743358,-155.74589234481533,LOC_058,0.74,58.1,1.09,222.5,0.74,0.81,0.1,110.1,3.2,Sample Data
2025-09-26,76.94192488674834,-109.88550855096541,LOC_059,-11.02,85.0,1.03,320.5,0.65,-0.79,5.12,155.8,2.1,Sample Data
2025-09-26,70.55801163730469,-63.508131009945885,LOC_060,-8.36,78.6,9.55,95.8,-9.5,0.97,0.0,63.2,0.5,Sample Data
2025-09-26,33.85026062288979,-165.693249811402,LOC_061,14.93,49.3,1.82,199.4,0.6,1.72,3.24,114.8,1.3,Sample Data
2025-09-26,27.095137190645627,-124.47598747858669,LOC_062,18.33,77.7,6.97,85.1,-6.94,-0.59,0.0,132.0,0.5,Sample Data
2025-09-26,71.351107444187,-68.10502417667536,LOC_063,-10.49,88.9,3.76,195.6,1.01,3.63,0.0,101.6,1.0,Sample Data
2025-09-26,10.521409789839304,-113.60285066491646,LOC_064,26.42,67.3,2.56,68.5,-2.38,-0.94,0.0,81.9,1.3,Sample Data
2025-09-26,41.30582523615843,-151.12598463880508,LOC_065,5.22,61.1,2.34,61.3,-2.05,-1.13,0.82,211.8,2.2,Sample Data
2025-09-26,18.98990255002621,-136.11002771752837,LOC_066,21.97,60.9,0.11,268.5,0.11,0.0,0.0,165.4,0.4,Sample Data
2025-09-26,80.71822779343894,-137.98361883730183,LOC_067,-5.31,62.2,0.52,74.2,-0.5,-0.14,0.0,14.1,0.0,Sample Data
2025-09-26,48.90929663075246,-88.60753534362688,LOC_068,-14.11,100.0,0.58,264.0,0.57,0.06,0.0,96.1,0.2,Sample Data
2025-09-26,37.27222017844705,-53.66832924627511,LOC_069,18.24,72.5,1.97,189.2,0.32,1.95,4.92,152.9,2.4,Sample Data
2025-09-26,82.18354712065835,-147.26830154270266,LOC_070,-12.43,84.5,2.98,358.1,0.1,-2.97,0.0,58.9,1.2,Sample Data
2025-09-26,47.29363794192891,-140.88581972381994,LOC_071,2.87,97.2,1.16,166.8,-0.26,1.12,0.88,112.4,1.1,Sample Data
2025-09-26,31.36303707831007,-175.20469684391074,LOC_072,18.82,75.4,2.05,356.9,0.11,-2.04,0.53,97.5,0.0,Sample Data
2025-09-26,55.71732504849226,-114.651726980248,LOC_073,1.22,90.9,0.14,146.8,-0.08,0.12,0.0,115.5,1.9,Sample Data
2025-09-26,13.860906343749201,-143.77595964924052,LOC_074,28.56,70.5,4.41,228.6,3.31,2.92,4.14,212.0,3.5,Sample Data
2025-09-26,78.11994144749903,-148.8569542132936,LOC_075,-10.58,70.5,2.61,118.5,-2.29,1.25,0.0,101.7,2.2,Sample Data
2025-09-26,20.867115406841734,-116.3711411639168,LOC_076,19.91,89.1,1.13,57.8,-0.95,-0.6,0.0,221.3,3.1,Sample Data
2025-09-26,83.92378405829506,-148.53281470350495,LOC_077,-20.88,100.0,1.24,137.4,-0.84,0.91,0.0,75.6,0.9,Sample Data
2025-09-26,60.41016605544089,-80.98945000726671,LOC_078,-3.39,81.6,0.76,340.3,0.26,-0.72,1.58,91.2,0.7,Sample Data
2025-09-26,27.822815799429975,-85.33187468045826,LOC_079,18.89,67.8,3.5,349.6,0.63,-3.44,0.0,206.3,4.5,Sample Data
2025-09-26,37.58373495394399,-97.80024202283467,LOC_080,15.78,66.5,3.1,288.5,2.94,-0.98,0.0,168.9,1.0,Sample Data
2025-09-26,57.5147283070671,-110.3492910702814,LOC_081,1.6,58.8,3.39,359.0,0.06,-3.39,0.19,98.5,0.5,Sample Data
2025-09-26,16.771732754080624,-71.41067557339906,LOC_082,21.92,67.5,4.01,322.9,2.42,-3.19,0.0,187.3,3.0,Sample Data
2025-09-26,34.05850487288019,-155.75259364801894,LOC_083,6.34,94.1,1.43,344.9,0.37,-1.38,2.97,142.3,1.7,Sample Data
2025-09-26,13.058135616607293,-103.18391738552856,LOC_084,17.84,83.6,3.84,254.8,3.71,1.01,0.0,187.6,3.8,Sample Data
2025-09-26,60.81732713817118,-177.8435822393787,LOC_085,3.1,63.9,2.67,4.6,-0.21,-2.66,0.0,154.6,2.1,Sample Data
2025-09-26,48.406979372446074,-150.55554922426808,LOC_086,3.59,92.2,2.13,149.7,-1.07,1.83,0.0,133.3,1.9,Sample Data
2025-09-26,58.38795928070874,-157.33236422935113,LOC_087,0.74,65.0,16.5,214.4,9.32,13.61,0.0,71.7,2.1,Sample Data
2025-09-26,61.820330357684945,-129.72440498093013,LOC_088,4.67,64.2,2.08,205.4,0.89,1.88,0.0,61.9,1.7,Sample Data
2025-09-26,80.25474915525508,-162.12227726102088,LOC_089,-13.87,79.6,2.13,123.2,-1.78,1.16,0.0,57.9,0.1,Sample Data
2025-09-26,35.57997632876939,-165.2484422387234,LOC_090,13.62,36.0,1.65,102.3,-1.61,0.35,0.0,173.0,1.2,Sample Data
2025-09-26,79.3520213708922,-65.94588406047247,LOC_091,-10.8,100.0,6.27,44.9,-4.43,-4.44,0.0,48.1,0.6,Sample Data
2025-09-26,29.34562207863667,-94.20207401555672,LOC_092,3.57,63.8,3.32,337.8,1.26,-3.08,0.79,65.7,0.0,Sample Data
2025-09-26,71.29166501509118,-107.8238944920699,LOC_093,-8.66,100.0,0.08,255.6,0.08,0.02,0.0,210.2,3.1,Sample Data
2025-09-26,49.723793376700485,-148.55920218294128,LOC_094,1.33,70.5,0.8,155.1,-0.34,0.73,0.0,52.9,0.8,Sample Data
2025-09-26,16.98270758544244,-63.361951466067524,LOC_095,16.45,45.2,2.93,158.4,-1.08,2.72,0.0,87.4,1.5,Sample Data
2025-09-26,77.53135428724978,-97.69681055447516,LOC_096,-12.05,86.3,1.23,278.3,1.22,-0.18,0.0,115.9,1.8,Sample Data
2025-09-26,35.42723432865255,-134.6027553003541,LOC_097,13.85,63.8,1.53,144.3,-0.89,1.24,0.0,125.6,0.7,Sample Data
2025-09-26,64.44667591526795,-63.37566620616498,LOC_098,-6.29,81.7,0.5,16.1,-0.14,-0.48,0.0,73.9,1.8,Sample Data
2025-09-26,76.5314818198838,-78.6161790385089,LOC_099,-8.08,73.5,17.05,83.6,-16.95,-1.89,0.0,0.0,0.1,Sample Data
2025-09-27,38.090508913552185,-56.4071401667109,LOC_000,6.37,89.4,1.55,87.2,-1.55,-0.07,0.0,129.2,2.4,Sample Data
2025-09-27,64.89954563585539,-102.17439705438524,LOC_001,-9.18,94.3,1.71,227.3,1.26,1.16,0.0,97.7,1.4,Sample Data
2025-09-27,21.70139803318274,-159.72071235629366,LOC_002,8.93,78.2,21.79,212.3,11.65,18.42,0.0,199.8,3.0,Sample Data
2025-09-27,14.35627091261496,-67.39710104925842,LOC_003,24.71,64.8,3.47,148.9,-1.79,2.97,0.0,205.5,3.4,Sample Data
2025-09-27,55.08362588074066,-87.95056488651409,LOC_004,-7.02,97.5,7.78,198.7,2.49,7.37,0.0,77.3,0.0,Sample Data
2025-09-27,11.543837072185184,-53.91171921894073,LOC_005,7.83,100.0,4.17,101.5,-4.09,0.83,5.21,116.5,1.6,Sample Data
2025-09-27,72.43319806003163,-152.3959156118241,LOC_006,-5.71,66.0,1.63,318.8,1.08,-1.23,0.0,68.1,0.9,Sample Data
2025-09-27,23.636872540532547,-156.1574137190536,LOC_007,15.7,82.7,8.05,178.4,-0.23,8.04,0.0,158.8,1.8,Sample Data
2025-09-27,32.81816822196533,-111.78166388780907,LOC_008,5.72,55.4,0.38,52.9,-0.3,-0.23,0.8,130.2,2.5,Sample Data
2025-09-27,42.395876398158684,-142.14021177425457,LOC_009,5.02,79.3,2.68,173.5,-0.3,2.67,0.0,122.9,2.7,Sample Data
2025-09-27,55.88896710417846,-161.86579811523455,LOC_010,-2.96,91.2,2.48,26.9,-1.12,-2.21,0.0,144.3,0.9,Sample Data
2025-09-27,31.91084864014136,-132.37296037182008,LOC_011,20.59,62.5,2.17,31.1,-1.12,-1.86,0.0,222.2,3.2,Sample Data
2025-09-27,44.205248816277695,-77.92712501890823,LOC_012,2.94,84.7,0.54,25.5,-0.23,-0.49,0.0,133.1,1.7,Sample Data
2025-09-27,24.97553366187698,-113.1495230062305,LOC_013,24.05,53.2,3.55,73.6,-3.4,-1.0,1.58,192.0,2.1,Sample Data
2025-09-27,54.431092664653185,-173.9614463464003,LOC_014,8.67,58.8,2.74,19.1,-0.89,-2.59,0.04,177.8,1.5,Sample Data
2025-09-27,55.56586389260788,-157.8318639206521,LOC_015,2.36,60.7,1.02,286.9,0.98,-0.3,0.0,114.7,3.0,Sample Data
2025-09-27,14.878869473895964,-56.64488015706668,LOC_016,25.18,50.7,0.62,104.3,-0.6,0.15,2.24,215.0,4.0,Sample Data
2025-09-27,82.42240248059196,-74.90834474486006,LOC_017,-17.35,91.1,7.26,182.8,0.35,7.25,0.0,0.0,0.4,Sample Data
2025-09-27,32.8460326880028,-167.3026251791701,LOC_018,10.53,56.3,0.77,87.9,-0.77,-0.03,0.0,66.9,3.7,Sample Data
2025-09-27,61.31747698841177,-122.78017581385183,LOC_019,-1.07,82.5,0.36,300.1,0.31,-0.18,0.0,74.0,0.1,Sample Data
2025-09-27,19.15286761335841,-115.62700168553488,LOC_020,28.43,54.6,0.83,192.6,0.18,0.81,0.0,213.1,2.5,Sample Data
2025-09-27,12.57913908364138,-61.78834772975833,LOC_021,21.54,79.1,10.83,27.2,-4.95,-9.63,0.96,245.2,4.4,Sample Data
2025-09-27,29.408498620001268,-93.87210303398234,LOC_022,8.22,72.4,0.56,306.8,0.45,-0.34,0.0,207.1,3.8,Sample Data
2025-09-27,33.378330706705825,-112.39115724688459,LOC_023,5.06,82.4,1.68,250.5,1.58,0.56,0.0,119.6,2.2,Sample Data
2025-09-27,51.00327095074597,-155.96892078168148,LOC_024,6.24,77.9,0.3,181.1,0.01,0.3,0.0,174.5,1.9,Sample Data
2025-09-27,82.7188470823419,-79.23273296305511,LOC_025,-16.15,90.4,0.2,15.4,-0.05,-0.2,0.0,5.2,0.7,Sample Data
2025-09-27,80.46242061731418,-63.672444444405656,LOC_026,-5.18,100.0,0.88,216.2,0.52,0.71,0.0,0.0,0.0,Sample Data
2025-09-27,54.84249841083138,-60.15634944699481,LOC_027,2.03,79.3,1.67,141.0,-1.05,1.3,0.0,114.1,0.6,Sample Data
2025-09-27,16.636937653893963,-154.5222278855111,LOC_028,16.02,61.9,1.88,1.2,-0.04,-1.88,0.0,169.4,0.7,Sample Data
2025-09-27,13.392046668290355,-137.70705700077565,LOC_029,21.3,35.9,1.72,96.9,-1.71,0.21,0.0,197.4,3.6,Sample Data
2025-09-27,39.15079672671115,-144.72462586939355,LOC_030,-7.85,84.0,2.06,157.3,-0.8,1.9,0.0,304.8,3.8,Sample Data
2025-09-27,72.1553131863947,-133.6220675298334,LOC_031,-2.27,96.9,1.42,148.9,-0.74,1.22,0.0,0.0,1.8,Sample Data
2025-09-27,31.07008822655356,-109.4495091894277,LOC_032,14.39,78.4,6.87,255.3,6.64,1.74,0.0,164.1,2.2,Sample Data
2025-09-27,20.569316873107198,-75.71439250197484,LOC_033,19.38,65.2,1.62,76.3,-1.58,-0.38,0.0,89.5,2.2,Sample Data
2025-09-27,15.591298275982812,-51.70469824193276,LOC_034,18.93,73.6,1.19,133.8,-0.86,0.82,0.0,172.0,1.8,Sample Data
2025-09-27,67.9183576972493,-154.1669614005576,LOC_035,-1.32,76.4,7.85,8.8,-1.2,-7.76,0.0,91.7,3.0,Sample Data
2025-09-27,10.41415878427018,-73.99001430087156,LOC_036,25.08,23.8,1.18,224.2,0.82,0.84,1.94,270.2,4.8,Sample Data
2025-09-27,63.01430078857128,-85.22906815467165,LOC_037,-6.96,83.7,6.71,220.1,4.33,5.13,1.43,57.1,0.7,Sample Data
2025-09-27,67.84527600144594,-170.37419527456825,LOC_038,0.51,86.0,4.15,73.1,-3.97,-1.21,0.0,104.9,1.2,Sample Data
2025-09-27,36.884929640820445,-164.93702226173315,LOC_039,9.69,60.5,2.73,89.2,-2.73,-0.04,0.0,133.2,1.7,Sample Data
2025-09-27,74.73275694066952,-98.97124351241747,LOC_040,-10.07,100.0,0.65,358.5,0.02,-0.65,0.0,85.9,0.0,Sample Data
2025-09-27,34.81735186394869,-171.73741446281693,LOC_041,16.2,56.4,7.99,129.2,-6.2,5.05,0.0,16.0,0.2,Sample Data
2025-09-27,33.32367412867467,-137.7261681365229,LOC_042,11.69,81.5,1.89,242.1,1.67,0.89,0.79,153.4,2.4,Sample Data
2025-09-27,64.7204633753548,-97.11752872382229,LOC_043,-6.83,97.1,2.35,349.7,0.42,-2.32,0.0,91.5,0.0,Sample Data
2025-09-27,76.54095569322449,-118.61205972894659,LOC_044,-15.49,87.0,6.58,356.7,0.38,-6.57,0.0,89.0,1.5,Sample Data
2025-09-27,18.96956844537263,-87.27817766101064,LOC_045,18.22,66.2,0.51,25.6,-0.22,-0.46,0.73,87.8,0.5,Sample Data
2025-09-27,67.05887864626732,-107.03396431596549,LOC_046,-5.02,73.0,0.96,286.6,0.92,-0.27,3.7,95.4,1.3,Sample Data
2025-09-27,67.82253849659207,-115.8065724726292,LOC_047,-1.92,95.0,1.34,196.5,0.38,1.29,0.0,157.3,2.8,Sample Data
2025-09-27,49.20496220364956,-124.41966761338855,LOC_048,2.51,68.0,1.71,93.8,-1.7,0.11,0.3,113.8,0.0,Sample Data
2025-09-27,11.90643450580714,-165.97411449087042,LOC_049,26.2,72.5,0.57,217.4,0.35,0.45,0.0,218.7,3.0,Sample Data
2025-09-27,12.357188926505069,-97.26664653570855,LOC_050,18.98,69.2,0.37,268.1,0.37,0.01,1.98,149.9,2.4,Sample Data
2025-09-27,33.576698580724496,-113.88581014858865,LOC_051,10.03,68.9,0.42,22.4,-0.16,-0.39,1.13,201.9,1.5,Sample Data
2025-09-27,78.06748554445697,-147.59201021064627,LOC_052,-9.18,93.6,2.27,36.9,-1.36,-1.82,0.0,25.4,0.1,Sample Data
2025-09-27,40.77871922767223,-81.77835198940367,LOC_053,5.62,89.8,0.74,313.7,0.53,-0.51,0.0,71.9,0.0,Sample Data
2025-09-27,27.159862411871686,-169.99261172225692,LOC_054,22.64,70.0,0.2,213.6,0.11,0.16,0.0,171.0,1.9,Sample Data
2025-09-27,31.731358968532604,-159.04123265697942,LOC_055,8.37,85.1,4.01,287.1,3.84,-1.18,2.52,120.1,2.6,Sample Data
2025-09-27,79.72732392569299,-74.9443506566258,LOC_056,-9.82,88.7,5.19,156.9,-2.04,4.78,0.0,17.7,0.0,Sample Data
2025-09-27,57.50528173828176,-66.7101232755967,LOC_057,-14.71,70.8,2.21,343.0,0.65,-2.12,0.0,55.3,1.0,Sample Data
2025-09-27,70.27540576743358,-155.74589234481533,LOC_058,-8.0,100.0,2.09,188.0,0.29,2.07,2.34,88.4,0.7,Sample Data
2025-09-27,76.94192488674834,-109.88550855096541,LOC_059,-6.32,63.7,3.57,115.9,-3.21,1.56,0.0,116.7,1.6,Sample Data
2025-09-27,70.55801163730469,-63.508131009945885,LOC_060,-4.46,89.0,0.06,87.7,-0.06,-0.0,1.17,72.9,1.9,Sample Data
2025-09-27,33.85026062288979,-165.693249811402,LOC_061,9.13,86.1,1.24,322.4,0.76,-0.99,0.0,109.6,2.1,Sample Data
2025-09-27,27.095137190645627,-124.47598747858669,LOC_062,15.22,76.9,4.27,32.2,-2.28,-3.61,0.0,146.3,1.6,Sample Data
2025-09-27,71.351107444187,-68.10502417667536,LOC_063,-13.71,87.7,3.93,66.4,-3.6,-1.57,0.0,63.8,2.9,Sample Data
2025-09-27,10.521409789839304,-113.60285066491646,LOC_064,24.76,50.5,0.79,149.2,-0.4,0.67,0.29,106.5,0.0,Sample Data
2025-09-27,41.30582523615843,-151.12598463880508,LOC_065,8.96,79.5,10.75,215.7,6.27,8.73,0.79,74.6,0.0,Sample Data
2025-09-27,18.98990255002621,-136.11002771752837,LOC_066,20.56,93.8,1.46,53.7,-1.18,-0.87,0.49,168.2,1.8,Sample Data
2025-09-27,80.71822779343894,-137.98361883730183,LOC_067,-10.43,79.7,1.46,26.4,-0.65,-1.31,0.0,0.0,0.4,Sample Data
2025-09-27,48.90929663075246,-88.60753534362688,LOC_068,7.02,63.0,3.71,104.1,-3.59,0.91,3.9,70.4,0.3,Sample Data
2025-09-27,37.27222017844705,-53.66832924627511,LOC_069,14.06,69.3,0.13,275.7,0.13,-0.01,0.0,216.7,2.2,Sample Data
2025-09-27,82.18354712065835,-147.26830154270266,LOC_070,-16.31,100.0,2.55,268.4,2.55,0.07,0.0,44.2,1.3,Sample Data
2025-09-27,47.29363794192891,-140.88581972381994,LOC_071,9.29,51.8,1.61,214.1,0.9,1.34,0.0,117.4,0.3,Sample Data
2025-09-27,31.36303707831007,-175.20469684391074,LOC_072,17.51,75.4,2.04,59.5,-1.76,-1.04,0.0,125.0,2.9,Sample Data
2025-09-27,55.71732504849226,-114.651726980248,LOC_073,0.76,100.0,0.83,286.6,0.79,-0.24,1.49,74.1,5.4,Sample Data
2025-09-27,13.860906343749201,-143.77595964924052,LOC_074,26.42,71.8,3.9,147.4,-2.1,3.29,0.0,73.5,2.6,Sample Data
2025-09-27,78.11994144749903,-148.8569542132936,LOC_075,-7.89,88.2,0.64,326.1,0.36,-0.53,0.74,103.3,0.0,Sample Data
2025-09-27,20.867115406841734,-116.3711411639168,LOC_076,20.21,79.3,1.84,335.9,0.75,-1.68,0.0,251.8,3.1,Sample Data
2025-09-27,83.92378405829506,-148.53281470350495,LOC_077,-3.92,100.0,1.21,166.4,-0.28,1.17,0.88,57.4,0.8,Sample Data
2025-09-27,60.41016605544089,-80.98945000726671,LOC_078,-1.63,89.2,2.8,66.9,-2.57,-1.1,0.0,89.3,0.8,Sample Data
2025-09-27,27.822815799429975,-85.33187468045826,LOC_079,8.19,89.9,0.15,299.5,0.13,-0.08,0.0,113.9,0.9,Sample Data
2025-09-27,37.58373495394399,-97.80024202283467,LOC_080,5.92,91.6,4.9,62.6,-4.35,-2.26,0.0,191.4,3.7,Sample Data
2025-09-27,57.5147283070671,-110.3492910702814,LOC_081,3.08,80.1,0.78,177.7,-0.03,0.78,0.0,136.1,0.4,Sample Data
2025-09-27,16.771732754080624,-71.41067557339906,LOC_082,15.97,58.1,1.84,220.9,1.21,1.39,0.72,187.6,2.5,Sample Data
2025-09-27,34.05850487288019,-155.75259364801894,LOC_083,16.67,76.7,1.37,98.0,-1.36,0.19,0.0,132.8,3.0,Sample Data
2025-09-27,13.058135616607293,-103.18391738552856,LOC_084,20.0,48.3,0.42,313.4,0.31,-0.29,0.76,193.2,2.7,Sample Data
2025-09-27,60.81732713817118,-177.8435822393787,LOC_085,-2.16,88.9,0.8,69.7,-0.75,-0.28,2.47,178.2,3.5,Sample Data
2025-09-27,48.406979372446074,-150.55554922426808,LOC_086,-1.66,100.0,4.92,192.1,1.03,4.81,3.19,106.7,0.0,Sample Data
2025-09-27,58.38795928070874,-157.33236422935113,LOC_087,3.7,66.4,3.34,215.3,1.93,2.72,0.5,152.7,1.4,Sample Data
2025-09-27,61.820330357684945,-129.72440498093013,LOC_088,3.94,66.5,1.74,282.6,1.69,-0.38,0.0,122.9,1.1,Sample Data
2025-09-27,80.25474915525508,-162.12227726102088,LOC_089,-6.07,91.5,3.16,152.6,-1.45,2.81,0.15,68.4,0.9,Sample Data
2025-09-27,35.57997632876939,-165.2484422387234,LOC_090,6.19,92.7,5.27,276.8,5.23,-0.63,0.0,88.3,0.1,Sample Data
2025-09-27,79.3520213708922,-65.94588406047247,LOC_091,-8.87,100.0,0.83,189.3,0.13,0.82,3.3,113.5,1.0,Sample Data
2025-09-27,29.34562207863667,-94.20207401555672,LOC_092,19.31,58.3,1.22,158.4,-0.45,1.13,0.0,162.9,4.8,Sample Data
2025-09-27,71.29166501509118,-107.8238944920699,LOC_093,-7.05,86.6,2.22,333.8,0.98,-1.99,0.24,0.0,1.1,Sample Data
2025-09-27,49.723793376700485,-148.55920218294128,LOC_094,-6.62,79.0,1.56,296.2,1.4,-0.69,0.0,71.4,0.0,Sample Data
2025-09-27,16.98270758544244,-63.361951466067524,LOC_095,24.49,53.6,0.08,82.9,-0.08,-0.01,0.0,97.3,1.9,Sample Data
2025-09-27,77.53135428724978,-97.69681055447516,LOC_096,-8.18,81.1,6.73,92.2,-6.72,0.26,0.0,85.9,1.7,Sample Data
2025-09-27,35.42723432865255,-134.6027553003541,LOC_097,10.95,91.6,7.28,117.3,-6.46,3.34,2.47,198.5,2.6,Sample Data
2025-09-27,64.44667591526795,-63.37566620616498,LOC_098,0.91,59.8,0.12,219.4,0.08,0.09,0.0,28.0,0.0,Sample Data
2025-09-27,76.5314818198838,-78.6161790385089,LOC_099,-3.72,85.1,1.17,90.9,-1.17,0.02,0.0,56.5,1.2,Sample Data
2025-09-28,38.090508913552185,-56.4071401667109,LOC_000,5.32,81.6,12.58,218.9,7.9,9.79,0.0,174.0,1.9,Sample Data
2025-09-28,64.89954563585539,-102.17439705438524,LOC_001,-8.52,72.2,0.39,273.3,0.39,-0.02,0.0,20.1,0.8,Sample Data
2025-09-28,21.70139803318274,-159.72071235629366,LOC_002,23.25,71.8,1.33,288.5,1.26,-0.42,0.0,174.7,2.2,Sample Data
2025-09-28,14.35627091261496,-67.39710104925842,LOC_003,17.31,64.7,6.2,204.7,2.59,5.63,0.0,66.1,1.1,Sample Data
2025-09-28,55.08362588074066,-87.95056488651409,LOC_004,-6.03,72.1,2.76,334.8,1.18,-2.5,0.0,169.6,2.0,Sample Data
2025-09-28,11.543837072185184,-53.91171921894073,LOC_005,14.5,61.2,12.3,109.4,-11.6,4.08,0.0,150.6,1.9,Sample Data
2025-09-28,72.43319806003163,-152.3959156118241,LOC_006,-12.5,85.9,1.61,284.4,1.56,-0.4,0.0,154.9,0.0,Sample Data
2025-09-28,23.636872540532547,-156.1574137190536,LOC_007,21.64,66.4,1.11,295.8,1.0,-0.48,0.0,95.8,0.2,Sample Data
2025-09-28,32.81816822196533,-111.78166388780907,LOC_008,18.19,43.0,0.79,331.3,0.38,-0.69,0.0,173.1,1.7,Sample Data
2025-09-28,42.395876398158684,-142.14021177425457,LOC_009,6.45,67.2,0.38,150.1,-0.19,0.33,0.0,196.9,3.2,Sample Data
2025-09-28,55.88896710417846,-161.86579811523455,LOC_010,2.44,75.6,3.71,151.8,-1.75,3.27,0.0,111.1,2.2,Sample Data
2025-09-28,31.91084864014136,-132.37296037182008,LOC_011,8.69,98.1,0.76,260.5,0.75,0.13,0.0,258.8,3.3,Sample Data
2025-09-28,44.205248816277695,-77.92712501890823,LOC_012,8.98,63.6,8.88,320.8,5.61,-6.88,0.0,187.2,2.0,Sample Data
2025-09-28,24.97553366187698,-113.1495230062305,LOC_013,21.11,96.4,7.84,193.0,1.76,7.64,0.0,106.5,0.0,Sample Data
2025-09-28,54.431092664653185,-173.9614463464003,LOC_014,2.5,94.2,2.82,106.8,-2.7,0.81,0.0,75.9,0.1,Sample Data
2025-09-28,55.56586389260788,-157.8318639206521,LOC_015,4.97,57.8,0.74,243.6,0.66,0.33,0.32,145.6,1.8,Sample Data
2025-09-28,14.878869473895964,-56.64488015706668,LOC_016,27.23,75.3,2.94,224.2,2.05,2.11,1.57,103.2,0.0,Sample Data
2025-09-28,82.42240248059196,-74.90834474486006,LOC_017,-18.62,95.9,1.34,22.8,-0.52,-1.23,0.0,31.8,0.0,Sample Data
2025-09-28,32.8460326880028,-167.3026251791701,LOC_018,11.36,85.7,0.44,138.3,-0.29,0.33,0.45,135.3,1.1,Sample Data
2025-09-28,61.31747698841177,-122.78017581385183,LOC_019,-0.84,100.0,2.8,72.2,-2.66,-0.85,0.0,90.9,2.3,Sample Data
2025-09-28,19.15286761335841,-115.62700168553488,LOC_020,15.98,80.8,1.24,270.6,1.24,-0.01,0.0,231.2,3.6,Sample Data
2025-09-28,12.57913908364138,-61.78834772975833,LOC_021,21.22,70.3,0.08,217.0,0.05,0.06,0.0,133.1,0.0,Sample Data
2025-09-28,29.408498620001268,-93.87210303398234,LOC_022,13.18,58.3,1.67,256.5,1.62,0.39,0.0,117.2,0.9,Sample Data
2025-09-28,33.378330706705825,-112.39115724688459,LOC_023,7.72,65.5,3.21,358.0,0.11,-3.21,0.0,66.1,2.6,Sample Data
2025-09-28,51.00327095074597,-155.96892078168148,LOC_024,5.4,71.7,10.42,178.8,-0.21,10.42,0.0,88.2,1.5,Sample Data
2025-09-28,82.7188470823419,-79.23273296305511,LOC_025,-10.04,96.3,0.4,351.7,0.06,-0.4,0.0,47.9,1.3,Sample Data
2025-09-28,80.46242061731418,-63.672444444405656,LOC_026,-9.79,65.2,1.63,74.1,-1.57,-0.45,0.0,26.0,0.5,Sample Data
2025-09-28,54.84249841083138,-60.15634944699481,LOC_027,4.25,96.1,0.19,347.3,0.04,-0.19,1.78,140.0,2.4,Sample Data
2025-09-28,16.636937653893963,-154.5222278855111,LOC_028,20.28,75.9,1.97,16.2,-0.55,-1.9,0.0,225.3,2.3,Sample Data
2025-09-28,13.392046668290355,-137.70705700077565,LOC_029,29.62,43.2,0.32,47.9,-0.24,-0.22,0.09,228.1,3.1,Sample Data
2025-09-28,39.15079672671115,-144.72462586939355,LOC_030,14.88,96.6,3.42,122.3,-2.9,1.83,0.0,188.3,1.4,Sample Data
2025-09-28,72.1553131863947,-133.6220675298334,LOC_031,-4.99,86.0,2.82,281.9,2.76,-0.58,0.0,162.3,2.0,Sample Data
2025-09-28,31.07008822655356,-109.4495091894277,LOC_032,9.86,81.3,1.23,80.5,-1.21,-0.2,0.0,125.6,2.4,Sample Data
2025-09-28,20.569316873107198,-75.71439250197484,LOC_033,22.63,56.8,2.17,192.8,0.48,2.12,0.0,252.4,3.0,Sample Data
2025-09-28,15.591298275982812,-51.70469824193276,LOC_034,19.52,25.9,10.12,349.4,1.86,-9.95,0.0,158.8,2.0,Sample Data
2025-09-28,67.9183576972493,-154.1669614005576,LOC_035,-10.44,100.0,3.63,5.9,-0.38,-3.61,3.54,14.7,1.6,Sample Data
2025-09-28,10.41415878427018,-73.99001430087156,LOC_036,27.38,58.1,3.0,143.3,-1.79,2.4,0.7,155.5,2.3,Sample Data
2025-09-28,63.01430078857128,-85.22906815467165,LOC_037,-4.35,32.7,6.47,217.4,3.93,5.14,0.0,72.4,0.8,Sample Data
2025-09-28,67.84527600144594,-170.37419527456825,LOC_038,-3.09,97.0,5.58,216.2,3.3,4.51,0.99,77.1,1.2,Sample Data
2025-09-28,36.884929640820445,-164.93702226173315,LOC_039,3.55,57.1,0.16,42.9,-0.11,-0.12,3.64,126.2,1.2,Sample Data
2025-09-28,74.73275694066952,-98.97124351241747,LOC_040,-1.76,100.0,1.41,75.0,-1.36,-0.36,0.0,49.3,0.9,Sample Data
2025-09-28,34.81735186394869,-171.73741446281693,LOC_041,2.32,76.8,0.55,264.4,0.55,0.05,0.0,102.8,0.3,Sample Data
2025-09-28,33.32367412867467,-137.7261681365229,LOC_042,10.8,86.8,2.93,135.6,-2.05,2.1,1.03,59.0,1.4,Sample Data
2025-09-28,64.7204633753548,-97.11752872382229,LOC_043,-5.21,86.7,1.37,45.0,-0.97,-0.97,0.0,59.6,0.0,Sample Data
2025-09-28,76.54095569322449,-118.61205972894659,LOC_044,-18.94,100.0,2.22,183.2,0.13,2.22,0.0,70.5,2.1,Sample Data
2025-09-28,18.96956844537263,-87.27817766101064,LOC_045,20.52,61.3,5.6,353.7,0.61,-5.56,0.0,80.5,0.2,Sample Data
2025-09-28,67.05887864626732,-107.03396431596549,LOC_046,-1.09,85.3,1.2,146.5,-0.66,1.0,0.0,67.9,2.3,Sample Data
2025-09-28,67.82253849659207,-115.8065724726292,LOC_047,-1.24,82.1,2.41,91.9,-2.41,0.08,0.0,34.1,0.5,Sample Data
2025-09-28,49.20496220364956,-124.41966761338855,LOC_048,0.97,83.8,1.56,289.7,1.47,-0.52,0.0,93.4,2.1,Sample Data
2025-09-28,11.90643450580714,-165.97411449087042,LOC_049,18.02,77.0,12.55,180.8,0.18,12.55,0.0,0.0,0.6,Sample Data
2025-09-28,12.357188926505069,-97.26664653570855,LOC_050,11.97,61.3,2.29,162.9,-0.67,2.19,0.6,178.0,1.9,Sample Data
2025-09-28,33.576698580724496,-113.88581014858865,LOC_051,18.31,73.3,9.43,231.9,7.41,5.82,0.0,90.8,0.6,Sample Data
2025-09-28,78.06748554445697,-147.59201021064627,LOC_052,-14.69,55.4,6.77,201.6,2.49,6.3,0.0,60.5,2.5,Sample Data
2025-09-28,40.77871922767223,-81.77835198940367,LOC_053,8.96,55.1,7.27,303.3,6.07,-4.0,0.0,92.0,0.9,Sample Data
2025-09-28,27.159862411871686,-169.99261172225692,LOC_054,22.6,59.0,1.34,84.8,-1.33,-0.12,0.0,169.6,3.2,Sample Data
2025-09-28,31.731358968532604,-159.04123265697942,LOC_055,13.37,56.8,0.37,303.3,0.31,-0.2,0.0,104.1,0.0,Sample Data
2025-09-28,79.72732392569299,-74.9443506566258,LOC_056,-10.33,90.5,6.74,20.7,-2.38,-6.3,2.81,15.9,0.6,Sample Data
2025-09-28,57.50528173828176,-66.7101232755967,LOC_057,6.85,74.7,0.74,313.7,0.54,-0.51,3.05,23.6,1.3,Sample Data
2025-09-28,70.27540576743358,-155.74589234481533,LOC_058,-2.59,92.7,8.15,132.4,-6.02,5.5,0.0,105.0,3.7,Sample Data
2025-09-28,76.94192488674834,-109.88550855096541,LOC_059,-8.9,60.4,0.59,326.8,0.32,-0.49,0.0,128.7,1.5,Sample Data
2025-09-28,70.55801163730469,-63.508131009945885,LOC_060,3.23,51.0,0.01,131.7,-0.01,0.01,2.34,0.0,0.0,Sample Data
2025-09-28,33.85026062288979,-165.693249811402,LOC_061,3.79,74.5,7.77,19.4,-2.59,-7.33,0.0,257.5,3.4,Sample Data
2025-09-28,27.095137190645627,-124.47598747858669,LOC_062,17.73,41.7,15.07,317.2,10.24,-11.06,0.0,124.5,0.2,Sample Data
2025-09-28,71.351107444187,-68.10502417667536,LOC_063,-13.76,71.6,4.29,210.3,2.17,3.7,4.2,44.7,1.2,Sample Data
2025-09-28,10.521409789839304,-113.60285066491646,LOC_064,15.13,70.6,0.9,219.9,0.58,0.69,6.98,147.7,2.6,Sample Data
2025-09-28,41.30582523615843,-151.12598463880508,LOC_065,-7.32,100.0,6.42,247.9,5.94,2.41,0.0,23.0,0.0,Sample Data
2025-09-28,18.98990255002621,-136.11002771752837,LOC_066,29.16,58.9,2.49,25.0,-1.05,-2.25,0.0,143.7,2.2,Sample Data
2025-09-28,80.71822779343894,-137.98361883730183,LOC_067,-7.28,63.8,4.3,180.5,0.04,4.3,0.0,64.0,0.6,Sample Data
2025-09-28,48.90929663075246,-88.60753534362688,LOC_068,9.34,67.4,3.34,63.3,-2.99,-1.5,0.0,75.7,0.1,Sample Data
2025-09-28,37.27222017844705,-53.66832924627511,LOC_069,9.47,49.4,5.32,53.1,-4.26,-3.2,0.0,170.5,2.6,Sample Data
2025-09-28,82.18354712065835,-147.26830154270266,LOC_070,-17.26,100.0,0.36,255.5,0.35,0.09,0.0,170.7,2.1,Sample Data
2025-09-28,47.29363794192891,-140.88581972381994,LOC_071,9.94,86.5,2.45,80.4,-2.42,-0.41,0.0,67.0,1.6,Sample Data
2025-09-28,31.36303707831007,-175.20469684391074,LOC_072,15.06,64.5,6.55,145.9,-3.68,5.42,0.1,183.9,0.9,Sample Data
2025-09-28,55.71732504849226,-114.651726980248,LOC_073,9.23,89.8,3.79,6.9,-0.45,-3.76,0.89,159.7,2.5,Sample Data
2025-09-28,13.860906343749201,-143.77595964924052,LOC_074,24.66,68.8,3.29,264.7,3.27,0.3,0.0,121.6,0.6,Sample Data
2025-09-28,78.11994144749903,-148.8569542132936,LOC_075,-8.39,100.0,2.2,349.4,0.4,-2.16,0.0,50.9,1.0,Sample Data
2025-09-28,20.867115406841734,-116.3711411639168,LOC_076,22.04,56.1,0.49,340.5,0.16,-0.46,0.0,140.9,2.3,Sample Data
2025-09-28,83.92378405829506,-148.53281470350495,LOC_077,-14.68,100.0,2.96,181.6,0.08,2.96,0.0,0.0,0.8,Sample Data
2025-09-28,60.41016605544089,-80.98945000726671,LOC_078,-3.52,90.7,1.39,36.8,-0.83,-1.12,0.0,45.7,0.0,Sample Data
2025-09-28,27.822815799429975,-85.33187468045826,LOC_079,16.07,59.3,7.33,28.3,-3.47,-6.45,0.0,243.8,3.6,Sample Data
2025-09-28,37.58373495394399,-97.80024202283467,LOC_080,18.83,63.9,0.1,274.6,0.1,-0.01,1.22,148.6,1.5,Sample Data
2025-09-28,57.5147283070671,-110.3492910702814,LOC_081,-3.09,54.0,1.68,278.1,1.66,-0.24,0.0,112.1,0.0,Sample Data
2025-09-28,16.771732754080624,-71.41067557339906,LOC_082,13.63,94.2,5.24,25.9,-2.29,-4.71,0.71,228.5,3.9,Sample Data
2025-09-28,34.05850487288019,-155.75259364801894,LOC_083,17.35,51.9,2.23,80.2,-2.2,-0.38,0.0,118.5,2.7,Sample Data
2025-09-28,13.058135616607293,-103.18391738552856,LOC_084,13.83,77.3,3.51,111.2,-3.27,1.27,0.0,116.1,0.8,Sample Data
2025-09-28,60.81732713817118,-177.8435822393787,LOC_085,-9.63,88.3,4.32,86.9,-4.32,-0.23,0.0,106.6,1.4,Sample Data
2025-09-28,48.406979372446074,-150.55554922426808,LOC_086,0.79,100.0,4.2,344.4,1.13,-4.04,1.54,132.0,0.2,Sample Data
2025-09-28,58.38795928070874,-157.33236422935113,LOC_087,11.07,54.9,2.4,345.6,0.6,-2.33,0.0,76.2,1.8,Sample Data
2025-09-28,61.820330357684945,-129.72440498093013,LOC_088,-8.98,49.0,0.98,136.7,-0.67,0.71,0.0,185.0,3.4,Sample Data
2025-09-28,80.25474915525508,-162.12227726102088,LOC_089,-18.87,78.8,2.84,47.8,-2.1,-1.9,0.09,50.9,0.5,Sample Data
2025-09-28,35.57997632876939,-165.2484422387234,LOC_090,7.69,76.5,1.72,328.7,0.89,-1.47,0.0,159.9,1.8,Sample Data
2025-09-28,79.3520213708922,-65.94588406047247,LOC_091,-14.35,88.3,15.38,313.2,11.21,-10.53,0.0,117.3,2.7,Sample Data
2025-09-28,29.34562207863667,-94.20207401555672,LOC_092,10.57,63.1,1.9,328.2,1.0,-1.62,3.05,142.0,1.1,Sample Data
2025-09-28,71.29166501509118,-107.8238944920699,LOC_093,-0.59,96.1,0.18,150.7,-0.09,0.16,0.0,86.9,3.2,Sample Data
2025-09-28,49.723793376700485,-148.55920218294128,LOC_094,3.79,58.4,7.31,5.6,-0.72,-7.28,0.0,102.3,0.1,Sample Data
2025-09-28,16.98270758544244,-63.361951466067524,LOC_095,16.34,80.1,2.95,148.0,-1.56,2.5,1.44,179.7,2.7,Sample Data
2025-09-28,77.53135428724978,-97.69681055447516,LOC_096,-12.95,100.0,4.73,76.4,-4.6,-1.11,0.0,158.8,1.2,Sample Data
2025-09-28,35.42723432865255,-134.6027553003541,LOC_097,5.88,83.5,10.75,221.5,7.12,8.05,0.04,147.7,0.8,Sample Data
2025-09-28,64.44667591526795,-63.37566620616498,LOC_098,3.85,90.3,1.5,278.6,1.48,-0.22,0.0,133.8,0.6,Sample Data
2025-09-28,76.5314818198838,-78.6161790385089,LOC_099,-9.22,94.5,3.43,80.6,-3.38,-0.56,0.0,150.8,2.4,Sample Data
2025-09-29,38.090508913552185,-56.4071401667109,LOC_000,5.66,81.6,2.92,116.9,-2.61,1.32,0.0,150.3,1.5,Sample Data
2025-09-29,64.89954563585539,-102.17439705438524,LOC_001,-1.61,83.1,2.56,44.6,-1.8,-1.83,9.03,47.9,2.3,Sample Data
2025-09-29,21.70139803318274,-159.72071235629366,LOC_002,12.68,62.8,5.5,23.0,-2.15,-5.06,0.0,103.0,0.8,Sample Data
2025-09-29,14.35627091261496,-67.39710104925842,LOC_003,19.04,64.8,1.07,336.1,0.44,-0.98,0.0,129.9,0.0,Sample Data
2025-09-29,55.08362588074066,-87.95056488651409,LOC_004,6.88,78.5,0.63,313.8,0.46,-0.44,0.0,79.8,1.2,Sample Data
2025-09-29,11.543837072185184,-53.91171921894073,LOC_005,22.28,57.5,5.97,210.4,3.02,5.15,0.19,205.9,3.5,Sample Data
2025-09-29,72.43319806003163,-152.3959156118241,LOC_006,-0.55,54.1,3.67,291.6,3.42,-1.35,0.0,84.9,0.4,Sample Data
2025-09-29,23.636872540532547,-156.1574137190536,LOC_007,13.98,79.8,4.17,306.4,3.36,-2.47,0.0,91.0,1.0,Sample Data
2025-09-29,32.81816822196533,-111.78166388780907,LOC_008,12.84,57.8,1.73,34.0,-0.97,-1.43,0.0,167.5,3.0,Sample Data
2025-09-29,42.395876398158684,-142.14021177425457,LOC_009,9.72,57.3,0.03,109.8,-0.03,0.01,0.0,104.2,2.4,Sample Data
2025-09-29,55.88896710417846,-161.86579811523455,LOC_010,3.08,77.5,8.49,65.1,-7.7,-3.57,0.36,106.0,0.3,Sample Data
2025-09-29,31.91084864014136,-132.37296037182008,LOC_011,10.05,68.7,1.34,98.7,-1.32,0.2,0.0,167.3,1.9,Sample Data
2025-09-29,44.205248816277695,-77.92712501890823,LOC_012,4.31,90.8,3.6,31.6,-1.89,-3.07,0.0,121.7,2.0,Sample Data
2025-09-29,24.97553366187698,-113.1495230062305,LOC_013,8.41,73.2,3.01,212.6,1.62,2.54,0.0,145.6,1.4,Sample Data
2025-09-29,54.431092664653185,-173.9614463464003,LOC_014,-6.1,91.3,0.7,99.4,-0.69,0.11,0.0,157.5,2.3,Sample Data
2025-09-29,55.56586389260788,-157.8318639206521,LOC_015,2.55,74.1,4.08,142.2,-2.5,3.23,0.59,97.1,1.4,Sample Data
2025-09-29,14.878869473895964,-56.64488015706668,LOC_016,15.16,59.4,4.93,99.2,-4.87,0.79,0.0,75.1,0.0,Sample Data
2025-09-29,82.42240248059196,-74.90834474486006,LOC_017,-12.91,50.9,5.05,294.9,4.58,-2.13,0.0,50.2,0.6,Sample Data
2025-09-29,32.8460326880028,-167.3026251791701,LOC_018,16.55,69.0,13.63,219.8,8.73,10.47,0.0,95.3,1.9,Sample Data
2025-09-29,61.31747698841177,-122.78017581385183,LOC_019,-0.38,70.6,1.27,48.6,-0.95,-0.84,0.0,106.5,1.2,Sample Data
2025-09-29,19.15286761335841,-115.62700168553488,LOC_020,19.65,92.6,10.41,325.1,5.95,-8.54,0.0,138.3,2.6,Sample Data
2025-09-29,12.57913908364138,-61.78834772975833,LOC_021,17.76,54.6,3.26,180.4,0.02,3.26,0.0,154.4,1.3,Sample Data
2025-09-29,29.408498620001268,-93.87210303398234,LOC_022,15.53,50.2,2.41,210.9,1.24,2.07,0.0,192.2,2.9,Sample Data
2025-09-29,33.378330706705825,-112.39115724688459,LOC_023,4.31,80.4,3.43,337.6,1.31,-3.17,0.59,157.3,1.3,Sample Data
2025-09-29,51.00327095074597,-155.96892078168148,LOC_024,-1.02,78.7,6.24,200.8,2.21,5.83,0.0,44.4,0.0,Sample Data
2025-09-29,82.7188470823419,-79.23273296305511,LOC_025,-23.66,90.7,2.38,278.5,2.36,-0.35,0.0,59.7,0.0,Sample Data
2025-09-29,80.46242061731418,-63.672444444405656,LOC_026,-11.95,77.6,3.06,76.1,-2.97,-0.73,0.0,82.9,1.3,Sample Data
2025-09-29,54.84249841083138,-60.15634944699481,LOC_027,2.93,67.4,0.26,203.5,0.1,0.24,0.0,156.4,1.6,Sample Data
2025-09-29,16.636937653893963,-154.5222278855111,LOC_028,19.47,61.8,0.73,267.7,0.73,0.03,3.56,165.9,2.4,Sample Data
2025-09-29,13.392046668290355,-137.70705700077565,LOC_029,22.97,46.3,0.04,305.3,0.04,-0.03,0.0,238.3,3.2,Sample Data
2025-09-29,39.15079672671115,-144.72462586939355,LOC_030,8.49,59.6,1.03,350.1,0.18,-1.02,0.0,138.0,1.8,Sample Data
2025-09-29,72.1553131863947,-133.6220675298334,LOC_031,-4.68,79.6,1.18,263.8,1.17,0.13,0.0,74.9,0.0,Sample Data
2025-09-29,31.07008822655356,-109.4495091894277,LOC_032,9.15,81.6,1.99,218.7,1.24,1.55,3.02,88.5,0.4,Sample Data
2025-09-29,20.569316873107198,-75.71439250197484,LOC_033,7.05,94.7,7.59,316.8,5.19,-5.53,0.0,77.4,0.0,Sample Data
2025-09-29,15.591298275982812,-51.70469824193276,LOC_034,21.58,37.3,4.9,111.9,-4.55,1.83,1.29,159.9,1.6,Sample Data
2025-09-29,67.9183576972493,-154.1669614005576,LOC_035,-9.72,100.0,1.07,325.7,0.6,-0.89,4.08,122.5,1.2,Sample Data
2025-09-29,10.41415878427018,-73.99001430087156,LOC_036,19.95,68.5,5.34,245.6,4.87,2.21,0.29,224.1,4.0,Sample Data
2025-09-29,63.01430078857128,-85.22906815467165,LOC_037,0.52,94.0,3.23,275.8,3.22,-0.33,0.0,106.1,1.1,Sample Data
2025-09-29,67.84527600144594,-170.37419527456825,LOC_038,-6.21,84.6,3.92,153.8,-1.73,3.51,0.14,92.6,1.3,Sample Data
2025-09-29,36.884929640820445,-164.93702226173315,LOC_039,11.25,100.0,1.15,92.4,-1.15,0.05,0.64,61.1,0.5,Sample Data
2025-09-29,74.73275694066952,-98.97124351241747,LOC_040,-8.39,79.7,6.75,337.2,2.61,-6.22,0.0,79.7,0.3,Sample Data
2025-09-29,34.81735186394869,-171.73741446281693,LOC_041,13.96,82.2,9.1,265.7,9.08,0.68,0.0,146.9,1.7,Sample Data
2025-09-29,33.32367412867467,-137.7261681365229,LOC_042,7.23,68.4,5.26,0.9,-0.08,-5.26,0.0,161.6,1.7,Sample Data
2025-09-29,64.7204633753548,-97.11752872382229,LOC_043,0.79,98.0,1.36,21.4,-0.5,-1.27,0.0,62.6,0.0,Sample Data
2025-09-29,76.54095569322449,-118.61205972894659,LOC_044,-12.72,100.0,0.66,50.6,-0.51,-0.42,3.98,50.2,0.5,Sample Data
2025-09-29,18.96956844537263,-87.27817766101064,LOC_045,14.36,70.7,2.77,306.2,2.23,-1.64,3.22,92.7,0.8,Sample Data
2025-09-29,67.05887864626732,-107.03396431596549,LOC_046,-8.54,87.6,1.87,294.3,1.71,-0.77,0.0,136.6,1.7,Sample Data
2025-09-29,67.82253849659207,-115.8065724726292,LOC_047,-3.79,94.9,5.11,195.8,1.39,4.92,0.0,0.0,0.8,Sample Data
2025-09-29,49.20496220364956,-124.41966761338855,LOC_048,-4.81,90.6,1.74,101.1,-1.71,0.33,0.78,94.6,2.2,Sample Data
2025-09-29,11.90643450580714,-165.97411449087042,LOC_049,18.23,73.6,1.66,41.3,-1.09,-1.24,1.92,86.7,1.6,Sample Data
2025-09-29,12.357188926505069,-97.26664653570855,LOC_050,27.19,57.1,0.57,6.9,-0.07,-0.57,0.0,120.4,3.9,Sample Data
2025-09-29,33.576698580724496,-113.88581014858865,LOC_051,20.09,37.7,0.28,334.8,0.12,-0.26,0.0,147.2,0.5,Sample Data
2025-09-29,78.06748554445697,-147.59201021064627,LOC_052,-4.05,100.0,2.63,66.1,-2.4,-1.07,0.0,63.8,0.2,Sample Data
2025-09-29,40.77871922767223,-81.77835198940367,LOC_053,17.32,76.5,6.78,306.1,5.47,-3.99,0.0,107.9,1.5,Sample Data
2025-09-29,27.159862411871686,-169.99261172225692,LOC_054,20.97,62.6,1.13,143.2,-0.68,0.9,0.0,158.2,2.4,Sample Data
2025-09-29,31.731358968532604,-159.04123265697942,LOC_055,6.51,54.3,0.14,5.7,-0.01,-0.14,0.0,148.2,3.0,Sample Data
2025-09-29,79.72732392569299,-74.9443506566258,LOC_056,-17.83,100.0,5.29,312.5,3.9,-3.57,0.0,99.1,2.1,Sample Data
2025-09-29,57.50528173828176,-66.7101232755967,LOC_057,-2.52,74.2,0.21,3.1,-0.01,-0.21,4.25,26.2,0.9,Sample Data
2025-09-29,70.27540576743358,-155.74589234481533,LOC_058,-14.98,91.8,12.4,305.0,10.16,-7.12,5.9,51.8,0.9,Sample Data
2025-09-29,76.94192488674834,-109.88550855096541,LOC_059,-4.89,100.0,0.74,273.0,0.74,-0.04,1.34,26.3,0.8,Sample Data
2025-09-29,70.55801163730469,-63.508131009945885,LOC_060,-12.4,83.1,4.37,21.2,-1.58,-4.07,0.0,80.5,1.4,Sample Data
2025-09-29,33.85026062288979,-165.693249811402,LOC_061,7.89,55.6,1.95,217.7,1.19,1.54,0.0,33.2,1.1,Sample Data
2025-09-29,27.095137190645627,-124.47598747858669,LOC_062,21.82,59.8,0.19,253.9,0.18,0.05,0.0,115.7,0.4,Sample Data
2025-09-29,71.351107444187,-68.10502417667536,LOC_063,-14.53,100.0,7.96,266.6,7.95,0.47,0.0,9.6,0.0,Sample Data
2025-09-29,10.521409789839304,-113.60285066491646,LOC_064,22.58,69.2,6.79,124.7,-5.58,3.87,0.0,141.1,2.5,Sample Data
2025-09-29,41.30582523615843,-151.12598463880508,LOC_065,10.76,83.4,6.95,110.6,-6.5,2.45,0.0,141.8,2.2,Sample Data
2025-09-29,18.98990255002621,-136.11002771752837,LOC_066,23.69,56.0,0.14,281.5,0.14,-0.03,0.67,0.0,0.0,Sample Data
2025-09-29,80.71822779343894,-137.98361883730183,LOC_067,1.22,98.1,1.21,63.1,-1.08,-0.55,0.0,58.4,0.0,Sample Data
2025-09-29,48.90929663075246,-88.60753534362688,LOC_068,6.83,78.3,3.69,16.4,-1.04,-3.54,0.0,111.7,1.7,Sample Data
2025-09-29,37.27222017844705,-53.66832924627511,LOC_069,9.35,79.7,1.85,119.3,-1.61,0.9,0.0,112.4,1.2,Sample Data
2025-09-29,82.18354712065835,-147.26830154270266,LOC_070,-7.95,54.0,1.04,354.3,0.1,-1.03,0.0,1.4,0.0,Sample Data
2025-09-29,47.29363794192891,-140.88581972381994,LOC_071,12.02,76.0,0.65,132.4,-0.48,0.44,3.66,136.8,1.6,Sample Data
2025-09-29,31.36303707831007,-175.20469684391074,LOC_072,14.96,32.3,1.32,214.6,0.75,1.08,0.0,129.4,0.0,Sample Data
2025-09-29,55.71732504849226,-114.651726980248,LOC_073,-2.31,100.0,0.04,187.4,0.0,0.04,0.0,33.8,0.5,Sample Data
2025-09-29,13.860906343749201,-143.77595964924052,LOC_074,20.73,62.5,7.51,358.8,0.16,-7.51,0.0,172.6,3.8,Sample Data
2025-09-29,78.11994144749903,-148.8569542132936,LOC_075,-6.28,100.0,3.68,150.8,-1.8,3.22,0.0,38.6,0.0,Sample Data
2025-09-29,20.867115406841734,-116.3711411639168,LOC_076,14.84,68.8,7.85,252.7,7.5,2.33,0.0,77.6,2.9,Sample Data
2025-09-29,83.92378405829506,-148.53281470350495,LOC_077,-9.21,86.0,0.53,37.3,-0.32,-0.42,0.75,24.0,0.0,Sample Data
2025-09-29,60.41016605544089,-80.98945000726671,LOC_078,-3.13,81.8,2.81,204.8,1.18,2.55,1.81,64.9,0.6,Sample Data
2025-09-29,27.822815799429975,-85.33187468045826,LOC_079,8.69,55.4,2.22,238.0,1.88,1.18,0.0,101.0,0.1,Sample Data
2025-09-29,37.58373495394399,-97.80024202283467,LOC_080,3.91,55.7,23.93,280.1,23.56,-4.18,0.0,89.1,2.8,Sample Data
2025-09-29,57.5147283070671,-110.3492910702814,LOC_081,-2.27,45.2,1.62,298.2,1.43,-0.76,0.0,146.9,1.1,Sample Data
2025-09-29,16.771732754080624,-71.41067557339906,LOC_082,18.13,82.0,3.31,21.2,-1.19,-3.08,0.0,72.6,1.8,Sample Data
2025-09-29,34.05850487288019,-155.75259364801894,LOC_083,13.04,73.8,0.45,260.8,0.44,0.07,0.0,149.3,1.1,Sample Data
2025-09-29,13.058135616607293,-103.18391738552856,LOC_084,22.96,98.1,7.83,187.6,1.03,7.76,0.0,100.5,1.3,Sample Data
2025-09-29,60.81732713817118,-177.8435822393787,LOC_085,-9.33,85.6,2.73,249.5,2.56,0.95,0.0,87.9,0.2,Sample Data
2025-09-29,48.406979372446074,-150.55554922426808,LOC_086,4.75,67.9,4.69,346.5,1.1,-4.56,1.52,152.3,2.0,Sample Data
2025-09-29,58.38795928070874,-157.33236422935113,LOC_087,-6.45,90.6,1.72,235.7,1.42,0.97,0.0,83.9,1.3,Sample Data
2025-09-29,61.820330357684945,-129.72440498093013,LOC_088,3.04,90.3,0.23,14.9,-0.06,-0.22,0.18,16.4,0.4,Sample Data
2025-09-29,80.25474915525508,-162.12227726102088,LOC_089,-13.22,100.0,3.57,235.0,2.92,2.04,0.0,14.8,0.0,Sample Data
2025-09-29,35.57997632876939,-165.2484422387234,LOC_090,11.9,90.5,0.88,294.4,0.8,-0.36,2.4,214.9,2.2,Sample Data
2025-09-29,79.3520213708922,-65.94588406047247,LOC_091,-11.43,91.7,1.75,54.4,-1.42,-1.02,0.0,14.2,0.1,Sample Data
2025-09-29,29.34562207863667,-94.20207401555672,LOC_092,8.19,88.9,0.15,325.0,0.09,-0.12,0.0,188.0,1.4,Sample Data
2025-09-29,71.29166501509118,-107.8238944920699,LOC_093,-2.56,93.3,0.71,176.3,-0.05,0.71,2.75,98.5,1.9,Sample Data
2025-09-29,49.723793376700485,-148.55920218294128,LOC_094,9.48,56.5,0.0,335.4,0.0,-0.0,0.0,187.6,3.5,Sample Data
2025-09-29,16.98270758544244,-63.361951466067524,LOC_095,24.86,63.0,2.82,326.8,1.55,-2.36,0.0,207.7,3.7,Sample Data
2025-09-29,77.53135428724978,-97.69681055447516,LOC_096,-18.58,88.7,2.99,290.5,2.8,-1.04,0.0,130.7,1.4,Sample Data
2025-09-29,35.42723432865255,-134.6027553003541,LOC_097,11.26,79.4,0.83,218.8,0.52,0.65,0.0,123.1,1.8,Sample Data
2025-09-29,64.44667591526795,-63.37566620616498,LOC_098,-5.85,79.8,1.64,212.3,0.87,1.38,0.0,107.1,1.1,Sample Data
2025-09-29,76.5314818198838,-78.6161790385089,LOC_099,-11.5,100.0,1.71,252.9,1.63,0.5,0.0,0.0,0.0,Sample Data
2025-09-30,38.090508913552185,-56.4071401667109,LOC_000,2.36,67.6,1.84,247.1,1.69,0.71,0.0,95.6,2.5,Sample Data
2025-09-30,64.89954563585539,-102.17439705438524,LOC_001,2.29,76.5,2.98,170.7,-0.48,2.94,0.0,87.9,2.0,Sample Data
2025-09-30,21.70139803318274,-159.72071235629366,LOC_002,19.7,90.0,0.11,134.8,-0.08,0.08,0.0,127.0,3.0,Sample Data
2025-09-30,14.35627091261496,-67.39710104925842,LOC_003,17.76,89.0,2.0,288.9,1.89,-0.65,0.0,148.5,0.9,Sample Data
2025-09-30,55.08362588074066,-87.95056488651409,LOC_004,7.1,76.4,10.36,19.9,-3.53,-9.74,0.0,104.5,1.5,Sample Data
2025-09-30,11.543837072185184,-53.91171921894073,LOC_005,15.51,68.8,1.45,210.6,0.74,1.25,0.0,217.1,3.6,Sample Data
2025-09-30,72.43319806003163,-152.3959156118241,LOC_006,-0.5,72.7,0.47,58.5,-0.4,-0.24,4.43,56.9,0.0,Sample Data
2025-09-30,23.636872540532547,-156.1574137190536,LOC_007,16.49,78.7,0.71,102.3,-0.69,0.15,0.0,233.2,1.4,Sample Data
2025-09-30,32.81816822196533,-111.78166388780907,LOC_008,-0.0,69.0,0.76,247.0,0.7,0.3,0.0,174.7,1.5,Sample Data
2025-09-30,42.395876398158684,-142.14021177425457,LOC_009,3.82,64.1,5.91,71.5,-5.6,-1.88,4.09,75.5,0.0,Sample Data
2025-09-30,55.88896710417846,-161.86579811523455,LOC_010,5.4,73.0,1.24,321.2,0.77,-0.96,0.0,0.0,0.3,Sample Data
2025-09-30,31.91084864014136,-132.37296037182008,LOC_011,14.81,47.9,1.78,327.8,0.95,-1.5,0.0,0.0,0.4,Sample Data
2025-09-30,44.205248816277695,-77.92712501890823,LOC_012,3.59,98.0,0.94,310.3,0.72,-0.61,0.0,202.0,3.9,Sample Data
2025-09-30,24.97553366187698,-113.1495230062305,LOC_013,10.18,88.8,0.1,291.8,0.1,-0.04,2.56,128.1,0.9,Sample Data
2025-09-30,54.431092664653185,-173.9614463464003,LOC_014,0.46,68.7,3.18,61.7,-2.8,-1.51,0.0,94.7,1.9,Sample Data
2025-09-30,55.56586389260788,-157.8318639206521,LOC_015,0.39,78.9,5.02,301.4,4.29,-2.61,6.17,133.0,2.4,Sample Data
2025-09-30,14.878869473895964,-56.64488015706668,LOC_016,19.61,62.2,9.83,180.2,0.04,9.83,0.0,54.5,0.0,Sample Data
2025-09-30,82.42240248059196,-74.90834474486006,LOC_017,-20.39,80.7,0.71,62.2,-0.63,-0.33,0.0,46.7,1.4,Sample Data
2025-09-30,32.8460326880028,-167.3026251791701,LOC_018,6.92,67.1,5.32,349.7,0.95,-5.23,0.0,168.9,0.5,Sample Data
2025-09-30,61.31747698841177,-122.78017581385183,LOC_019,-4.39,100.0,2.98,258.0,2.92,0.62,0.0,162.9,1.3,Sample Data
2025-09-30,19.15286761335841,-115.62700168553488,LOC_020,15.41,100.0,3.59,142.5,-2.19,2.85,1.34,71.7,1.0,Sample Data
2025-09-30,12.57913908364138,-61.78834772975833,LOC_021,15.59,63.1,2.3,110.7,-2.15,0.82,0.0,177.9,3.4,Sample Data
2025-09-30,29.408498620001268,-93.87210303398234,LOC_022,10.87,69.3,6.02,61.1,-5.27,-2.91,0.0,28.9,0.1,Sample Data
2025-09-30,33.378330706705825,-112.39115724688459,LOC_023,13.6,74.5,1.39,146.6,-0.76,1.16,0.0,141.4,2.3,Sample Data
2025-09-30,51.00327095074597,-155.96892078168148,LOC_024,-1.62,72.6,0.79,94.9,-0.78,0.07,2.15,92.2,0.2,Sample Data
2025-09-30,82.7188470823419,-79.23273296305511,LOC_025,-21.14,100.0,0.2,29.5,-0.1,-0.18,3.61,19.2,0.4,Sample Data
2025-09-30,80.46242061731418,-63.672444444405656,LOC_026,-20.28,85.1,2.59,188.2,0.37,2.56,0.0,9.5,0.0,Sample Data
2025-09-30,54.84249841083138,-60.15634944699481,LOC_027,2.79,83.0,8.66,21.1,-3.12,-8.07,0.0,141.5,0.9,Sample Data
2025-09-30,16.636937653893963,-154.5222278855111,LOC_028,19.94,56.2,1.3,276.8,1.29,-0.15,0.0,166.0,0.0,Sample Data
2025-09-30,13.392046668290355,-137.70705700077565,LOC_029,19.75,49.7,1.34,65.9,-1.23,-0.55,0.0,165.7,1.1,Sample Data
2025-09-30,39.15079672671115,-144.72462586939355,LOC_030,5.2,83.2,5.1,99.6,-5.03,0.85,0.0,170.4,2.8,Sample Data
2025-09-30,72.1553131863947,-133.6220675298334,LOC_031,-7.78,74.2,5.16,310.2,3.95,-3.33,5.6,72.7,0.4,Sample Data
2025-09-30,31.07008822655356,-109.4495091894277,LOC_032,8.69,77.9,0.15,282.6,0.14,-0.03,0.0,145.9,1.4,Sample Data
2025-09-30,20.569316873107198,-75.71439250197484,LOC_033,18.6,81.8,0.53,5.5,-0.05,-0.53,0.0,243.8,3.7,Sample Data
2025-09-30,15.591298275982812,-51.70469824193276,LOC_034,18.33,85.0,0.4,338.4,0.15,-0.37,0.0,177.3,2.4,Sample Data
2025-09-30,67.9183576972493,-154.1669614005576,LOC_035,-5.86,95.5,1.06,359.0,0.02,-1.06,0.0,142.5,0.0,Sample Data
2025-09-30,10.41415878427018,-73.99001430087156,LOC_036,26.97,55.4,1.98,296.5,1.77,-0.88,0.0,175.6,3.0,Sample Data
2025-09-30,63.01430078857128,-85.22906815467165,LOC_037,-5.66,100.0,0.37,303.3,0.31,-0.2,0.0,108.6,0.7,Sample Data
2025-09-30,67.84527600144594,-170.37419527456825,LOC_038,-11.03,98.6,5.63,101.3,-5.52,1.1,0.0,162.8,1.9,Sample Data
2025-09-30,36.884929640820445,-164.93702226173315,LOC_039,1.35,61.0,5.52,12.7,-1.22,-5.39,0.0,82.0,3.0,Sample Data
2025-09-30,74.73275694066952,-98.97124351241747,LOC_040,-14.39,96.1,2.16,354.6,0.2,-2.16,2.56,158.2,1.2,Sample Data
2025-09-30,34.81735186394869,-171.73741446281693,LOC_041,9.37,50.9,11.75,70.3,-11.06,-3.96,0.0,211.2,4.6,Sample Data
2025-09-30,33.32367412867467,-137.7261681365229,LOC_042,11.07,100.0,0.05,324.0,0.03,-0.04,0.0,114.0,0.2,Sample Data
2025-09-30,64.7204633753548,-97.11752872382229,LOC_043,-6.34,98.7,1.51,165.6,-0.38,1.46,0.0,71.9,0.0,Sample Data
2025-09-30,76.54095569322449,-118.61205972894659,LOC_044,-6.03,73.1,0.34,330.3,0.17,-0.29,0.0,69.6,1.3,Sample Data
2025-09-30,18.96956844537263,-87.27817766101064,LOC_045,17.27,52.0,0.42,355.6,0.03,-0.42,0.0,213.5,3.1,Sample Data
2025-09-30,67.05887864626732,-107.03396431596549,LOC_046,-5.38,87.5,3.37,167.8,-0.71,3.29,0.0,48.7,0.7,Sample Data
2025-09-30,67.82253849659207,-115.8065724726292,LOC_047,-6.52,97.7,6.09,308.5,4.77,-3.79,0.0,0.0,0.0,Sample Data
2025-09-30,49.20496220364956,-124.41966761338855,LOC_048,-0.13,71.7,3.24,87.4,-3.24,-0.15,0.0,0.0,1.4,Sample Data
2025-09-30,11.90643450580714,-165.97411449087042,LOC_049,21.44,44.0,1.59,320.5,1.01,-1.23,7.48,95.6,1.6,Sample Data
2025-09-30,12.357188926505069,-97.26664653570855,LOC_050,21.57,53.5,0.8,108.4,-0.76,0.25,2.1,107.2,1.4,Sample Data
2025-09-30,33.576698580724496,-113.88581014858865,LOC_051,18.0,67.6,0.25,320.3,0.16,-0.2,0.0,160.9,4.8,Sample Data
2025-09-30,78.06748554445697,-147.59201021064627,LOC_052,-15.12,95.9,0.06,18.3,-0.02,-0.06,0.0,54.4,3.1,Sample Data
2025-09-30,40.77871922767223,-81.77835198940367,LOC_053,8.67,44.4,2.18,7.0,-0.27,-2.16,0.0,156.0,1.6,Sample Data
2025-09-30,27.159862411871686,-169.99261172225692,LOC_054,8.87,100.0,0.76,265.8,0.75,0.06,0.0,104.0,0.8,Sample Data
2025-09-30,31.731358968532604,-159.04123265697942,LOC_055,7.42,88.7,1.63,138.4,-1.09,1.22,0.0,155.3,3.4,Sample Data
2025-09-30,79.72732392569299,-74.9443506566258,LOC_056,-11.27,87.3,3.18,349.4,0.59,-3.12,0.0,74.4,1.4,Sample Data
2025-09-30,57.50528173828176,-66.7101232755967,LOC_057,-0.04,78.7,0.07,276.7,0.07,-0.01,0.0,155.9,0.6,Sample Data
2025-09-30,70.27540576743358,-155.74589234481533,LOC_058,0.02,85.5,6.03,217.1,3.64,4.81,0.0,17.4,0.0,Sample Data
2025-09-30,76.94192488674834,-109.88550855096541,LOC_059,-1.83,70.8,0.62,244.9,0.56,0.26,0.0,116.5,2.8,Sample Data
2025-09-30,70.55801163730469,-63.508131009945885,LOC_060,-7.16,89.6,4.77,325.7,2.69,-3.94,0.0,104.9,0.9,Sample Data
2025-09-30,33.85026062288979,-165.693249811402,LOC_061,8.2,96.7,3.72,312.4,2.75,-2.51,0.0,123.3,1.9,Sample Data
2025-09-30,27.095137190645627,-124.47598747858669,LOC_062,9.27,69.8,0.85,317.7,0.57,-0.63,0.0,213.1,3.8,Sample Data
2025-09-30,71.351107444187,-68.10502417667536,LOC_063,-11.21,97.0,1.09,161.4,-0.35,1.03,0.0,120.7,1.5,Sample Data
2025-09-30,10.521409789839304,-113.60285066491646,LOC_064,28.05,48.3,0.76,278.0,0.75,-0.11,0.0,132.2,1.1,Sample Data
2025-09-30,41.30582523615843,-151.12598463880508,LOC_065,14.2,60.0,0.23,237.4,0.19,0.12,0.0,181.0,3.0,Sample Data
2025-09-30,18.98990255002621,-136.11002771752837,LOC_066,19.66,45.8,8.5,219.9,5.45,6.52,0.0,100.7,2.5,Sample Data
2025-09-30,80.71822779343894,-137.98361883730183,LOC_067,-10.33,91.9,0.03,313.2,0.02,-0.02,1.22,63.5,1.1,Sample Data
2025-09-30,48.90929663075246,-88.60753534362688,LOC_068,13.01,59.5,1.49,126.3,-1.2,0.88,0.0,109.3,3.1,Sample Data
2025-09-30,37.27222017844705,-53.66832924627511,LOC_069,11.79,81.8,0.06,226.9,0.05,0.04,0.0,191.3,2.2,Sample Data
2025-09-30,82.18354712065835,-147.26830154270266,LOC_070,-8.61,88.7,3.74,199.0,1.22,3.54,0.0,40.2,0.0,Sample Data
2025-09-30,47.29363794192891,-140.88581972381994,LOC_071,13.96,76.7,0.98,115.8,-0.88,0.43,0.0,98.8,3.1,Sample Data
2025-09-30,31.36303707831007,-175.20469684391074,LOC_072,24.52,67.7,4.39,32.5,-2.36,-3.7,0.0,226.9,3.5,Sample Data
2025-09-30,55.71732504849226,-114.651726980248,LOC_073,-4.88,58.1,0.79,352.5,0.1,-0.78,0.0,97.3,1.4,Sample Data
2025-09-30,13.860906343749201,-143.77595964924052,LOC_074,20.77,40.6,0.12,325.7,0.07,-0.1,0.0,182.7,3.8,Sample Data
2025-09-30,78.11994144749903,-148.8569542132936,LOC_075,-7.02,74.8,2.61,351.3,0.39,-2.58,0.0,55.6,0.0,Sample Data
2025-09-30,20.867115406841734,-116.3711411639168,LOC_076,21.87,73.6,0.0,181.8,0.0,0.0,4.16,164.1,1.1,Sample Data
2025-09-30,83.92378405829506,-148.53281470350495,LOC_077,-18.52,75.0,8.47,86.6,-8.45,-0.51,0.14,154.9,2.0,Sample Data
2025-09-30,60.41016605544089,-80.98945000726671,LOC_078,3.33,60.9,0.19,308.6,0.15,-0.12,0.0,30.5,0.0,Sample Data
2025-09-30,27.822815799429975,-85.33187468045826,LOC_079,10.64,77.4,1.13,42.7,-0.77,-0.83,0.0,64.2,1.1,Sample Data
2025-09-30,37.58373495394399,-97.80024202283467,LOC_080,12.06,53.3,1.71,21.5,-0.63,-1.59,0.0,183.4,2.3,Sample Data
2025-09-30,57.5147283070671,-110.3492910702814,LOC_081,-3.0,85.3,0.7,112.3,-0.65,0.27,1.22,94.9,1.5,Sample Data
2025-09-30,16.771732754080624,-71.41067557339906,LOC_082,23.37,78.2,5.69,77.7,-5.56,-1.22,0.0,154.8,1.9,Sample Data
2025-09-30,34.05850487288019,-155.75259364801894,LOC_083,6.88,88.4,2.49,145.6,-1.41,2.05,0.0,62.5,0.0,Sample Data
2025-09-30,13.058135616607293,-103.18391738552856,LOC_084,26.45,69.2,6.21,55.9,-5.15,-3.48,0.0,123.5,0.0,Sample Data
2025-09-30,60.81732713817118,-177.8435822393787,LOC_085,-3.43,96.5,0.66,57.6,-0.56,-0.35,0.0,106.8,1.6,Sample Data
2025-09-30,48.406979372446074,-150.55554922426808,LOC_086,5.52,79.8,0.24,334.8,0.1,-0.22,0.0,159.0,2.9,Sample Data
2025-09-30,58.38795928070874,-157.33236422935113,LOC_087,3.38,46.1,1.37,70.6,-1.29,-0.46,0.5,137.3,1.8,Sample Data
2025-09-30,61.820330357684945,-129.72440498093013,LOC_088,-4.1,79.9,0.88,34.2,-0.5,-0.73,0.0,166.7,3.9,Sample Data
2025-09-30,80.25474915525508,-162.12227726102088,LOC_089,-22.74,100.0,3.68,297.5,3.26,-1.7,0.0,37.8,0.0,Sample Data
2025-09-30,35.57997632876939,-165.2484422387234,LOC_090,9.2,55.8,0.51,166.6,-0.12,0.49,2.68,130.1,1.2,Sample Data
2025-09-30,79.3520213708922,-65.94588406047247,LOC_091,-10.27,100.0,0.31,239.1,0.27,0.16,0.0,0.0,0.0,Sample Data
2025-09-30,29.34562207863667,-94.20207401555672,LOC_092,11.31,77.9,1.52,118.5,-1.34,0.73,0.0,187.2,3.2,Sample Data
2025-09-30,71.29166501509118,-107.8238944920699,LOC_093,-1.39,92.5,7.5,318.2,5.0,-5.59,0.0,71.2,1.6,Sample Data
2025-09-30,49.723793376700485,-148.55920218294128,LOC_094,-8.56,100.0,1.8,144.1,-1.05,1.46,0.0,155.5,1.6,Sample Data
2025-09-30,16.98270758544244,-63.361951466067524,LOC_095,19.0,78.7,1.78,274.0,1.77,-0.12,0.0,109.8,1.1,Sample Data
2025-09-30,77.53135428724978,-97.69681055447516,LOC_096,-14.35,85.6,1.05,94.3,-1.04,0.08,0.0,61.0,1.0,Sample Data
2025-09-30,35.42723432865255,-134.6027553003541,LOC_097,6.79,98.4,1.18,304.7,0.97,-0.67,0.0,116.1,1.4,Sample Data
2025-09-30,64.44667591526795,-63.37566620616498,LOC_098,-8.08,100.0,0.03,289.8,0.03,-0.01,0.0,110.0,1.6,Sample Data
2025-09-30,76.5314818198838,-78.6161790385089,LOC_099,-9.55,100.0,1.03,109.9,-0.97,0.35,0.0,0.0,0.0,Sample Data
2025-10-01,38.090508913552185,-56.4071401667109,LOC_000,7.89,60.1,1.88,235.2,1.54,1.07,0.0,121.4,0.4,Sample Data
2025-10-01,64.89954563585539,-102.17439705438524,LOC_001,-1.1,100.0,4.14,54.2,-3.36,-2.42,0.0,130.5,2.0,Sample Data
2025-10-01,21.70139803318274,-159.72071235629366,LOC_002,20.51,50.5,4.56,143.1,-2.74,3.64,0.0,102.1,1.5,Sample Data
2025-10-01,14.35627091261496,-67.39710104925842,LOC_003,22.86,45.9,0.31,349.9,0.05,-0.31,0.0,198.2,2.9,Sample Data
2025-10-01,55.08362588074066,-87.95056488651409,LOC_004,-1.9,89.2,5.68,70.1,-5.34,-1.93,0.0,182.3,2.8,Sample Data
2025-10-01,11.543837072185184,-53.91171921894073,LOC_005,13.41,87.7,4.48,234.6,3.65,2.59,0.32,101.8,3.4,Sample Data
2025-10-01,72.43319806003163,-152.3959156118241,LOC_006,-11.48,74.9,1.08,38.9,-0.68,-0.84,0.0,85.2,2.6,Sample Data
2025-10-01,23.636872540532547,-156.1574137190536,LOC_007,14.68,70.2,1.72,219.4,1.09,1.33,0.0,189.2,3.3,Sample Data
2025-10-01,32.81816822196533,-111.78166388780907,LOC_008,7.28,78.2,3.57,260.9,3.52,0.56,0.0,181.0,3.4,Sample Data
2025-10-01,42.395876398158684,-142.14021177425457,LOC_009,11.57,71.4,17.27,280.5,16.98,-3.13,0.0,124.5,1.2,Sample Data
2025-10-01,55.88896710417846,-161.86579811523455,LOC_010,4.14,87.7,0.4,235.3,0.33,0.23,0.0,54.8,1.5,Sample Data
2025-10-01,31.91084864014136,-132.37296037182008,LOC_011,5.54,91.0,0.03,228.0,0.02,0.02,2.15,161.9,1.4,Sample Data
2025-10-01,44.205248816277695,-77.92712501890823,LOC_012,8.89,68.8,4.65,26.6,-2.08,-4.15,0.0,168.3,1.5,Sample Data
2025-10-01,24.97553366187698,-113.1495230062305,LOC_013,23.24,49.0,2.77,351.2,0.42,-2.73,0.0,216.6,2.2,Sample Data
2025-10-01,54.431092664653185,-173.9614463464003,LOC_014,-0.92,74.6,1.16,156.4,-0.46,1.06,1.37,94.6,3.3,Sample Data
2025-10-01,55.56586389260788,-157.8318639206521,LOC_015,-3.09,85.4,6.26,338.1,2.34,-5.81,0.0,79.9,1.2,Sample Data
2025-10-01,14.878869473895964,-56.64488015706668,LOC_016,11.29,57.6,2.64,108.5,-2.51,0.84,0.0,189.0,2.0,Sample Data
2025-10-01,82.42240248059196,-74.90834474486006,LOC_017,-20.13,100.0,1.23,305.1,1.01,-0.71,0.0,150.0,2.4,Sample Data
2025-10-01,32.8460326880028,-167.3026251791701,LOC_018,4.24,62.0,1.93,77.4,-1.89,-0.42,0.0,118.0,1.1,Sample Data
2025-10-01,61.31747698841177,-122.78017581385183,LOC_019,-2.52,81.0,2.67,283.5,2.6,-0.62,0.23,107.4,2.5,Sample Data
2025-10-01,19.15286761335841,-115.62700168553488,LOC_020,15.72,48.5,2.32,303.7,1.93,-1.29,1.82,107.5,2.2,Sample Data
2025-10-01,12.57913908364138,-61.78834772975833,LOC_021,25.87,71.1,3.93,295.3,3.55,-1.67,0.0,109.4,2.1,Sample Data
2025-10-01,29.408498620001268,-93.87210303398234,LOC_022,11.84,61.3,5.14,45.6,-3.67,-3.6,0.0,96.9,1.0,Sample Data
2025-10-01,33.378330706705825,-112.39115724688459,LOC_023,6.53,86.7,2.22,66.3,-2.03,-0.89,0.0,212.2,2.8,Sample Data
2025-10-01,51.00327095074597,-155.96892078168148,LOC_024,0.34,71.3,7.84,154.5,-3.38,7.07,0.0,102.5,1.5,Sample Data
2025-10-01,82.7188470823419,-79.23273296305511,LOC_025,-9.48,77.5,0.52,90.7,-0.52,0.01,0.0,0.0,0.0,Sample Data
2025-10-01,80.46242061731418,-63.672444444405656,LOC_026,-6.56,97.8,0.4,99.7,-0.4,0.07,0.96,87.4,2.1,Sample Data
2025-10-01,54.84249841083138,-60.15634944699481,LOC_027,-2.12,74.2,0.95,52.7,-0.76,-0.58,0.0,101.7,1.1,Sample Data
2025-10-01,16.636937653893963,-154.5222278855111,LOC_028,20.72,84.4,0.28,320.4,0.18,-0.22,0.0,172.3,1.2,Sample Data
2025-10-01,13.392046668290355,-137.70705700077565,LOC_029,21.25,81.2,1.17,172.3,-0.16,1.16,0.0,176.1,2.0,Sample Data
2025-10-01,39.15079672671115,-144.72462586939355,LOC_030,3.42,89.3,2.64,247.9,2.45,0.99,0.89,126.0,2.4,Sample Data
2025-10-01,72.1553131863947,-133.6220675298334,LOC_031,-10.77,84.3,2.19,197.2,0.65,2.09,0.0,33.6,0.6,Sample Data
2025-10-01,31.07008822655356,-109.4495091894277,LOC_032,12.45,52.8,0.19,317.1,0.13,-0.14,2.24,53.4,0.0,Sample Data
2025-10-01,20.569316873107198,-75.71439250197484,LOC_033,16.94,90.4,3.88,181.9,0.13,3.88,0.0,166.2,3.5,Sample Data
2025-10-01,15.591298275982812,-51.70469824193276,LOC_034,25.83,67.0,8.93,135.6,-6.25,6.38,0.0,128.7,0.9,Sample Data
2025-10-01,67.9183576972493,-154.1669614005576,LOC_035,-0.86,76.1,2.16,263.2,2.15,0.26,1.25,63.3,1.1,Sample Data
2025-10-01,10.41415878427018,-73.99001430087156,LOC_036,21.7,55.7,3.66,163.6,-1.03,3.51,0.0,83.8,1.9,Sample Data
2025-10-01,63.01430078857128,-85.22906815467165,LOC_037,-7.44,92.9,1.51,236.2,1.26,0.84,0.0,115.3,2.3,Sample Data
2025-10-01,67.84527600144594,-170.37419527456825,LOC_038,-11.03,84.0,0.73,311.3,0.55,-0.48,0.0,178.2,2.8,Sample Data
2025-10-01,36.884929640820445,-164.93702226173315,LOC_039,13.42,89.6,4.41,129.4,-3.41,2.8,0.46,108.0,0.7,Sample Data
2025-10-01,74.73275694066952,-98.97124351241747,LOC_040,-6.02,88.8,5.49,91.0,-5.49,0.09,0.43,61.9,1.2,Sample Data
2025-10-01,34.81735186394869,-171.73741446281693,LOC_041,11.78,65.1,1.51,323.7,0.89,-1.22,0.0,129.8,0.0,Sample Data
2025-10-01,33.32367412867467,-137.7261681365229,LOC_042,3.4,83.0,1.55,351.2,0.24,-1.53,0.0,112.6,2.9,Sample Data
2025-10-01,64.7204633753548,-97.11752872382229,LOC_043,-17.55,100.0,3.64,306.5,2.93,-2.17,0.0,0.0,0.0,Sample Data
2025-10-01,76.54095569322449,-118.61205972894659,LOC_044,-5.99,75.5,3.77,284.7,3.65,-0.96,0.0,96.7,1.5,Sample Data
2025-10-01,18.96956844537263,-87.27817766101064,LOC_045,19.83,47.8,4.44,97.8,-4.4,0.6,0.0,167.6,2.6,Sample Data
2025-10-01,67.05887864626732,-107.03396431596549,LOC_046,-0.67,63.2,1.09,266.1,1.09,0.07,0.0,0.0,1.8,Sample Data
2025-10-01,67.82253849659207,-115.8065724726292,LOC_047,-8.48,81.1,0.24,222.5,0.16,0.18,0.0,156.7,1.7,Sample Data
2025-10-01,49.20496220364956,-124.41966761338855,LOC_048,0.19,68.8,0.79,143.7,-0.47,0.64,0.87,140.6,3.2,Sample Data
2025-10-01,11.90643450580714,-165.97411449087042,LOC_049,22.4,52.0,1.94,336.4,0.78,-1.78,0.0,189.5,3.3,Sample Data
2025-10-01,12.357188926505069,-97.26664653570855,LOC_050,22.23,59.8,2.03,244.4,1.83,0.88,0.6,55.8,1.5,Sample Data
2025-10-01,33.576698580724496,-113.88581014858865,LOC_051,-1.29,80.9,3.07,175.4,-0.25,3.06,2.1,33.9,0.0,Sample Data
2025-10-01,78.06748554445697,-147.59201021064627,LOC_052,-12.47,87.0,0.76,336.7,0.3,-0.7,0.0,60.9,0.0,Sample Data
2025-10-01,40.77871922767223,-81.77835198940367,LOC_053,6.82,54.0,1.39,289.4,1.31,-0.46,0.0,204.4,2.2,Sample Data
2025-10-01,27.159862411871686,-169.99261172225692,LOC_054,20.61,58.8,3.25,147.8,-1.73,2.75,0.0,135.5,1.9,Sample Data
2025-10-01,31.731358968532604,-159.04123265697942,LOC_055,15.85,66.8,1.17,348.4,0.24,-1.14,4.66,88.9,1.0,Sample Data
2025-10-01,79.72732392569299,-74.9443506566258,LOC_056,-14.33,99.3,0.07,48.9,-0.05,-0.04,0.0,0.0,0.0,Sample Data
2025-10-01,57.50528173828176,-66.7101232755967,LOC_057,-4.13,88.4,0.82,70.7,-0.78,-0.27,0.0,92.8,2.2,Sample Data
2025-10-01,70.27540576743358,-155.74589234481533,LOC_058,-7.42,75.9,4.79,47.6,-3.54,-3.23,0.42,96.1,2.7,Sample Data
2025-10-01,76.94192488674834,-109.88550855096541,LOC_059,-19.36,99.4,1.21,347.7,0.26,-1.18,4.64,5.2,0.3,Sample Data
2025-10-01,70.55801163730469,-63.508131009945885,LOC_060,-4.79,83.1,1.63,310.8,1.23,-1.06,1.69,179.6,2.0,Sample Data
2025-10-01,33.85026062288979,-165.693249811402,LOC_061,7.87,69.7,0.98,115.6,-0.89,0.43,0.0,85.0,2.9,Sample Data
2025-10-01,27.095137190645627,-124.47598747858669,LOC_062,24.55,55.1,0.17,258.1,0.17,0.04,0.3,187.5,3.6,Sample Data
2025-10-01,71.351107444187,-68.10502417667536,LOC_063,-17.32,100.0,2.91,147.7,-1.56,2.46,2.34,53.9,0.4,Sample Data
2025-10-01,10.521409789839304,-113.60285066491646,LOC_064,24.6,75.9,2.99,150.6,-1.47,2.6,0.0,197.7,3.3,Sample Data
2025-10-01,41.30582523615843,-151.12598463880508,LOC_065,9.1,72.9,9.35,148.5,-4.89,7.97,0.0,156.7,5.0,Sample Data
2025-10-01,18.98990255002621,-136.11002771752837,LOC_066,18.27,55.9,6.93,280.8,6.8,-1.3,0.0,117.3,0.4,Sample Data
2025-10-01,80.71822779343894,-137.98361883730183,LOC_067,-16.86,77.2,2.6,131.3,-1.95,1.72,0.0,0.0,0.0,Sample Data
2025-10-01,48.90929663075246,-88.60753534362688,LOC_068,4.22,96.5,0.81,5.2,-0.07,-0.81,1.89,134.1,0.8,Sample Data
2025-10-01,37.27222017844705,-53.66832924627511,LOC_069,9.3,54.6,0.25,276.0,0.25,-0.03,0.0,161.4,2.1,Sample Data
2025-10-01,82.18354712065835,-147.26830154270266,LOC_070,-13.89,95.8,0.82,277.1,0.81,-0.1,0.0,82.4,1.5,Sample Data
2025-10-01,47.29363794192891,-140.88581972381994,LOC_071,0.07,93.2,1.54,148.8,-0.8,1.32,0.0,98.6,0.0,Sample Data
2025-10-01,31.36303707831007,-175.20469684391074,LOC_072,27.12,74.2,5.14,186.2,0.56,5.11,2.18,96.6,2.2,Sample Data
2025-10-01,55.71732504849226,-114.651726980248,LOC_073,-5.42,90.3,1.26,327.3,0.68,-1.06,0.0,180.1,2.9,Sample Data
2025-10-01,13.860906343749201,-143.77595964924052,LOC_074,34.54,45.4,1.61,25.9,-0.7,-1.45,0.0,171.4,2.7,Sample Data
2025-10-01,78.11994144749903,-148.8569542132936,LOC_075,-16.7,94.4,0.67,324.1,0.39,-0.54,0.0,140.8,0.9,Sample Data
2025-10-01,20.867115406841734,-116.3711411639168,LOC_076,14.85,55.7,0.2,234.5,0.16,0.12,0.0,144.0,1.9,Sample Data
2025-10-01,83.92378405829506,-148.53281470350495,LOC_077,-11.6,100.0,1.56,294.5,1.42,-0.65,0.12,102.0,0.2,Sample Data
2025-10-01,60.41016605544089,-80.98945000726671,LOC_078,-5.8,95.2,4.42,289.6,4.17,-1.48,0.09,56.6,0.1,Sample Data
2025-10-01,27.822815799429975,-85.33187468045826,LOC_079,13.98,65.0,1.43,318.4,0.95,-1.07,1.21,175.2,2.5,Sample Data
2025-10-01,37.58373495394399,-97.80024202283467,LOC_080,-2.98,89.1,6.05,111.7,-5.62,2.24,1.18,207.2,4.2,Sample Data
2025-10-01,57.5147283070671,-110.3492910702814,LOC_081,-2.45,87.5,0.98,158.6,-0.36,0.91,0.0,130.9,3.0,Sample Data
2025-10-01,16.771732754080624,-71.41067557339906,LOC_082,22.28,70.5,7.69,155.1,-3.23,6.98,0.0,174.9,1.3,Sample Data
2025-10-01,34.05850487288019,-155.75259364801894,LOC_083,16.88,68.6,1.94,282.2,1.9,-0.41,0.0,168.6,2.8,Sample Data
2025-10-01,13.058135616607293,-103.18391738552856,LOC_084,10.65,85.4,0.14,132.9,-0.1,0.09,0.0,114.1,0.9,Sample Data
2025-10-01,60.81732713817118,-177.8435822393787,LOC_085,10.02,75.9,0.82,211.5,0.43,0.7,0.0,143.0,1.7,Sample Data
2025-10-01,48.406979372446074,-150.55554922426808,LOC_086,2.76,64.0,2.66,153.3,-1.19,2.38,0.0,67.3,0.1,Sample Data
2025-10-01,58.38795928070874,-157.33236422935113,LOC_087,2.58,83.1,3.35,130.6,-2.54,2.18,0.0,81.8,2.0,Sample Data
2025-10-01,61.820330357684945,-129.72440498093013,LOC_088,-1.35,82.2,12.15,161.9,-3.77,11.55,0.0,36.6,0.0,Sample Data
2025-10-01,80.25474915525508,-162.12227726102088,LOC_089,-15.15,84.3,3.21,183.9,0.22,3.2,1.03,32.1,1.4,Sample Data
2025-10-01,35.57997632876939,-165.2484422387234,LOC_090,8.21,83.2,3.31,348.0,0.69,-3.23,0.0,64.6,1.8,Sample Data
2025-10-01,79.3520213708922,-65.94588406047247,LOC_091,-9.88,63.8,11.63,163.1,-3.37,11.13,0.0,40.6,0.8,Sample Data
2025-10-01,29.34562207863667,-94.20207401555672,LOC_092,21.05,45.7,2.19,34.5,-1.24,-1.8,0.0,110.6,3.0,Sample Data
2025-10-01,71.29166501509118,-107.8238944920699,LOC_093,-12.17,93.0,2.05,335.1,0.86,-1.86,0.0,86.0,0.0,Sample Data
2025-10-01,49.723793376700485,-148.55920218294128,LOC_094,-2.8,100.0,0.2,182.0,0.01,0.2,0.0,74.1,0.0,Sample Data
2025-10-01,16.98270758544244,-63.361951466067524,LOC_095,9.62,77.8,0.97,313.0,0.71,-0.66,1.37,146.4,2.3,Sample Data
2025-10-01,77.53135428724978,-97.69681055447516,LOC_096,-14.2,100.0,0.06,232.6,0.05,0.04,0.0,49.2,0.0,Sample Data
2025-10-01,35.42723432865255,-134.6027553003541,LOC_097,-0.98,49.3,4.99,296.8,4.46,-2.26,0.0,91.9,1.0,Sample Data
2025-10-01,64.44667591526795,-63.37566620616498,LOC_098,1.69,61.9,3.64,347.4,0.79,-3.55,0.0,111.1,3.6,Sample Data
2025-10-01,76.5314818198838,-78.6161790385089,LOC_099,-11.68,71.6,2.36,342.3,0.72,-2.25,0.0,57.6,1.1,Sample Data
2025-10-02,38.090508913552185,-56.4071401667109,LOC_000,4.35,67.5,0.46,163.1,-0.13,0.44,1.18,92.4,1.5,Sample Data
2025-10-02,64.89954563585539,-102.17439705438524,LOC_001,-14.57,88.2,6.74,65.3,-6.12,-2.82,0.0,96.0,3.8,Sample Data
2025-10-02,21.70139803318274,-159.72071235629366,LOC_002,13.6,78.5,1.42,285.2,1.37,-0.37,0.0,112.3,1.3,Sample Data
2025-10-02,14.35627091261496,-67.39710104925842,LOC_003,24.86,65.2,2.18,83.4,-2.17,-0.25,2.12,211.9,2.6,Sample Data
2025-10-02,55.08362588074066,-87.95056488651409,LOC_004,-14.26,97.2,1.01,171.7,-0.15,1.0,0.0,35.7,0.0,Sample Data
2025-10-02,11.543837072185184,-53.91171921894073,LOC_005,17.75,65.2,3.8,133.9,-2.74,2.64,1.57,214.3,2.6,Sample Data
2025-10-02,72.43319806003163,-152.3959156118241,LOC_006,-6.7,90.0,0.69,309.2,0.53,-0.43,0.0,56.2,0.9,Sample Data
2025-10-02,23.636872540532547,-156.1574137190536,LOC_007,15.97,67.0,2.01,198.1,0.63,1.91,0.0,94.1,0.2,Sample Data
2025-10-02,32.81816822196533,-111.78166388780907,LOC_008,11.91,59.3,0.6,92.7,-0.6,0.03,0.0,157.6,0.1,Sample Data
2025-10-02,42.395876398158684,-142.14021177425457,LOC_009,2.25,75.6,1.35,146.9,-0.74,1.13,0.0,58.2,0.0,Sample Data
2025-10-02,55.88896710417846,-161.86579811523455,LOC_010,2.52,89.4,4.8,343.4,1.38,-4.6,0.0,151.6,1.5,Sample Data
2025-10-02,31.91084864014136,-132.37296037182008,LOC_011,2.04,79.4,1.08,80.6,-1.07,-0.18,0.41,129.9,2.3,Sample Data
2025-10-02,44.205248816277695,-77.92712501890823,LOC_012,3.05,83.5,6.96,182.3,0.28,6.95,0.3,98.7,1.2,Sample Data
2025-10-02,24.97553366187698,-113.1495230062305,LOC_013,12.63,67.5,0.81,95.6,-0.8,0.08,0.0,91.0,0.4,Sample Data
2025-10-02,54.431092664653185,-173.9614463464003,LOC_014,3.84,83.3,1.47,315.2,1.03,-1.04,0.0,63.4,0.0,Sample Data
2025-10-02,55.56586389260788,-157.8318639206521,LOC_015,-8.77,100.0,3.35,85.3,-3.34,-0.27,0.0,61.4,0.0,Sample Data
2025-10-02,14.878869473895964,-56.64488015706668,LOC_016,28.82,65.6,0.82,300.9,0.7,-0.42,0.0,107.3,3.3,Sample Data
2025-10-02,82.42240248059196,-74.90834474486006,LOC_017,-13.63,72.7,0.54,154.6,-0.23,0.49,0.0,0.0,0.6,Sample Data
2025-10-02,32.8460326880028,-167.3026251791701,LOC_018,7.91,88.4,1.76,278.0,1.74,-0.25,0.0,76.1,0.0,Sample Data
2025-10-02,61.31747698841177,-122.78017581385183,LOC_019,0.34,55.0,1.21,261.3,1.2,0.18,0.0,59.5,0.0,Sample Data
2025-10-02,19.15286761335841,-115.62700168553488,LOC_020,14.79,48.2,2.18,182.4,0.09,2.17,0.0,68.9,0.0,Sample Data
2025-10-02,12.57913908364138,-61.78834772975833,LOC_021,25.66,68.5,1.43,268.9,1.43,0.03,0.0,162.5,2.6,Sample Data
2025-10-02,29.408498620001268,-93.87210303398234,LOC_022,18.07,76.8,11.65,155.2,-4.89,10.58,1.24,122.7,1.4,Sample Data
2025-10-02,33.378330706705825,-112.39115724688459,LOC_023,1.81,90.2,3.47,295.9,3.12,-1.52,0.0,137.7,2.1,Sample Data
2025-10-02,51.00327095074597,-155.96892078168148,LOC_024,-4.42,67.9,1.09,292.1,1.01,-0.41,0.0,144.8,0.1,Sample Data
2025-10-02,82.7188470823419,-79.23273296305511,LOC_025,-14.86,74.9,20.16,57.2,-16.94,-10.93,0.0,16.2,0.0,Sample Data
2025-10-02,80.46242061731418,-63.672444444405656,LOC_026,-18.64,100.0,4.7,107.7,-4.48,1.43,1.1,34.6,0.0,Sample Data
2025-10-02,54.84249841083138,-60.15634944699481,LOC_027,4.61,70.8,4.72,159.4,-1.66,4.42,0.0,0.0,0.8,Sample Data
2025-10-02,16.636937653893963,-154.5222278855111,LOC_028,23.31,78.5,2.9,222.5,1.95,2.14,0.0,183.4,2.0,Sample Data
2025-10-02,13.392046668290355,-137.70705700077565,LOC_029,16.1,61.8,2.75,135.4,-1.93,1.96,0.0,229.6,2.1,Sample Data
2025-10-02,39.15079672671115,-144.72462586939355,LOC_030,2.39,68.1,1.47,218.5,0.92,1.15,0.0,125.2,1.6,Sample Data
2025-10-02,72.1553131863947,-133.6220675298334,LOC_031,-6.89,88.4,0.38,22.1,-0.14,-0.35,0.0,66.2,0.0,Sample Data
2025-10-02,31.07008822655356,-109.4495091894277,LOC_032,24.69,70.3,4.1,349.7,0.73,-4.04,0.0,106.8,0.5,Sample Data
2025-10-02,20.569316873107198,-75.71439250197484,LOC_033,13.04,61.3,2.36,199.2,0.78,2.23,2.49,177.3,2.0,Sample Data
2025-10-02,15.591298275982812,-51.70469824193276,LOC_034,8.43,77.6,0.88,87.6,-0.88,-0.04,3.4,123.1,1.0,Sample Data
2025-10-02,67.9183576972493,-154.1669614005576,LOC_035,-7.14,84.5,2.56,147.4,-1.37,2.15,0.0,113.1,0.8,Sample Data
2025-10-02,10.41415878427018,-73.99001430087156,LOC_036,21.57,64.7,0.12,13.2,-0.03,-0.12,0.0,210.8,2.9,Sample Data
2025-10-02,63.01430078857128,-85.22906815467165,LOC_037,-1.69,85.5,6.51,283.8,6.32,-1.55,0.0,82.3,0.0,Sample Data
2025-10-02,67.84527600144594,-170.37419527456825,LOC_038,5.36,76.4,0.62,236.0,0.51,0.35,0.0,2.4,0.7,Sample Data
2025-10-02,36.884929640820445,-164.93702226173315,LOC_039,1.51,74.0,6.25,175.7,-0.47,6.23,0.08,63.5,1.5,Sample Data
2025-10-02,74.73275694066952,-98.97124351241747,LOC_040,-10.29,92.3,1.02,236.8,0.86,0.56,0.0,29.6,1.3,Sample Data
2025-10-02,34.81735186394869,-171.73741446281693,LOC_041,9.65,73.3,5.58,26.2,-2.47,-5.01,0.0,160.9,3.3,Sample Data
2025-10-02,33.32367412867467,-137.7261681365229,LOC_042,7.66,56.9,0.92,220.8,0.6,0.69,0.0,71.2,0.2,Sample Data
2025-10-02,64.7204633753548,-97.11752872382229,LOC_043,-11.82,83.7,9.86,55.6,-8.13,-5.57,0.0,0.0,0.0,Sample Data
2025-10-02,76.54095569322449,-118.61205972894659,LOC_044,-8.07,67.4,3.47,168.3,-0.7,3.4,5.01,51.5,1.0,Sample Data
2025-10-02,18.96956844537263,-87.27817766101064,LOC_045,12.77,100.0,1.17,27.8,-0.54,-1.03,0.0,182.5,2.5,Sample Data
2025-10-02,67.05887864626732,-107.03396431596549,LOC_046,-9.56,79.6,4.44,91.8,-4.44,0.14,0.95,119.6,1.2,Sample Data
2025-10-02,67.82253849659207,-115.8065724726292,LOC_047,-13.72,100.0,2.29,343.4,0.65,-2.2,0.47,55.1,0.4,Sample Data
2025-10-02,49.20496220364956,-124.41966761338855,LOC_048,-0.56,78.9,3.19,27.9,-1.49,-2.82,1.33,96.6,1.8,Sample Data
2025-10-02,11.90643450580714,-165.97411449087042,LOC_049,9.75,80.9,1.46,70.2,-1.38,-0.5,0.0,53.9,0.2,Sample Data
2025-10-02,12.357188926505069,-97.26664653570855,LOC_050,18.37,52.1,2.13,21.0,-0.76,-1.99,5.9,101.1,1.3,Sample Data
2025-10-02,33.576698580724496,-113.88581014858865,LOC_051,8.3,75.9,4.03,270.0,4.03,0.0,0.0,100.5,1.5,Sample Data
2025-10-02,78.06748554445697,-147.59201021064627,LOC_052,-15.39,98.6,1.24,339.4,0.44,-1.16,0.0,14.8,0.1,Sample Data
2025-10-02,40.77871922767223,-81.77835198940367,LOC_053,3.21,80.6,0.58,93.2,-0.58,0.03,0.0,126.0,1.3,Sample Data
2025-10-02,27.159862411871686,-169.99261172225692,LOC_054,14.74,67.3,0.35,36.6,-0.21,-0.28,0.0,183.7,1.3,Sample Data
2025-10-02,31.731358968532604,-159.04123265697942,LOC_055,10.19,50.8,0.92,162.6,-0.28,0.88,0.0,127.8,3.2,Sample Data
2025-10-02,79.72732392569299,-74.9443506566258,LOC_056,-13.59,94.8,0.82,221.0,0.54,0.62,0.0,54.0,0.2,Sample Data
2025-10-02,57.50528173828176,-66.7101232755967,LOC_057,5.08,65.5,4.95,198.8,1.59,4.69,2.02,46.2,1.4,Sample Data
2025-10-02,70.27540576743358,-155.74589234481533,LOC_058,-5.55,83.8,1.06,80.3,-1.05,-0.18,1.64,72.2,1.4,Sample Data
2025-10-02,76.94192488674834,-109.88550855096541,LOC_059,-6.56,64.3,2.94,214.9,1.68,2.41,2.01,36.8,0.4,Sample Data
2025-10-02,70.55801163730469,-63.508131009945885,LOC_060,-6.94,85.9,1.29,347.6,0.28,-1.26,2.64,48.2,0.0,Sample Data
2025-10-02,33.85026062288979,-165.693249811402,LOC_061,19.65,86.2,4.48,221.5,2.97,3.35,0.0,115.8,2.3,Sample Data
2025-10-02,27.095137190645627,-124.47598747858669,LOC_062,10.56,64.5,1.53,256.6,1.49,0.36,0.28,137.3,0.8,Sample Data
2025-10-02,71.351107444187,-68.10502417667536,LOC_063,-11.97,82.0,2.7,274.1,2.69,-0.19,0.0,19.8,0.4,Sample Data
2025-10-02,10.521409789839304,-113.60285066491646,LOC_064,20.78,71.0,17.98,352.3,2.41,-17.82,0.0,139.6,1.4,Sample Data
2025-10-02,41.30582523615843,-151.12598463880508,LOC_065,8.8,100.0,2.2,139.1,-1.44,1.66,0.0,141.7,2.0,Sample Data
2025-10-02,18.98990255002621,-136.11002771752837,LOC_066,22.8,66.0,5.96,186.8,0.7,5.92,0.0,93.9,3.2,Sample Data
2025-10-02,80.71822779343894,-137.98361883730183,LOC_067,-14.41,80.9,15.38,17.5,-4.62,-14.68,0.0,67.7,1.8,Sample Data
2025-10-02,48.90929663075246,-88.60753534362688,LOC_068,11.15,79.8,1.68,32.9,-0.91,-1.41,0.0,195.3,1.7,Sample Data
2025-10-02,37.27222017844705,-53.66832924627511,LOC_069,4.99,76.7,9.16,285.3,8.83,-2.42,8.0,106.9,3.0,Sample Data
2025-10-02,82.18354712065835,-147.26830154270266,LOC_070,-18.42,98.4,2.47,26.5,-1.1,-2.21,0.0,95.5,1.3,Sample Data
2025-10-02,47.29363794192891,-140.88581972381994,LOC_071,-1.34,93.7,6.58,206.4,2.92,5.89,0.0,115.5,1.2,Sample Data
2025-10-02,31.36303707831007,-175.20469684391074,LOC_072,10.55,76.6,5.92,176.0,-0.41,5.91,2.21,66.1,1.8,Sample Data
2025-10-02,55.71732504849226,-114.651726980248,LOC_073,-6.65,80.1,0.65,140.9,-0.41,0.5,0.0,53.2,1.8,Sample Data
2025-10-02,13.860906343749201,-143.77595964924052,LOC_074,20.76,69.9,1.82,168.6,-0.36,1.79,0.0,107.6,0.0,Sample Data
2025-10-02,78.11994144749903,-148.8569542132936,LOC_075,-0.78,100.0,4.3,129.2,-3.34,2.72,0.0,76.2,1.0,Sample Data
2025-10-02,20.867115406841734,-116.3711411639168,LOC_076,20.64,60.0,5.16,229.6,3.92,3.34,0.0,140.0,0.8,Sample Data
2025-10-02,83.92378405829506,-148.53281470350495,LOC_077,-18.79,67.3,2.83,327.2,1.53,-2.38,0.0,41.4,0.7,Sample Data
2025-10-02,60.41016605544089,-80.98945000726671,LOC_078,-5.17,77.7,3.78,18.1,-1.18,-3.59,0.0,72.4,0.0,Sample Data
2025-10-02,27.822815799429975,-85.33187468045826,LOC_079,11.73,95.0,0.54,90.7,-0.54,0.01,0.0,133.8,1.0,Sample Data
2025-10-02,37.58373495394399,-97.80024202283467,LOC_080,5.07,78.2,1.54,149.0,-0.79,1.32,0.0,17.8,1.0,Sample Data
2025-10-02,57.5147283070671,-110.3492910702814,LOC_081,4.91,70.4,0.53,222.9,0.36,0.39,0.0,142.3,0.8,Sample Data
2025-10-02,16.771732754080624,-71.41067557339906,LOC_082,12.62,100.0,3.3,288.8,3.13,-1.07,0.0,180.6,2.6,Sample Data
2025-10-02,34.05850487288019,-155.75259364801894,LOC_083,9.97,71.5,0.72,33.9,-0.4,-0.6,0.0,93.6,2.7,Sample Data
2025-10-02,13.058135616607293,-103.18391738552856,LOC_084,19.83,95.2,1.72,104.5,-1.67,0.43,0.0,201.9,1.2,Sample Data
2025-10-02,60.81732713817118,-177.8435822393787,LOC_085,-0.51,100.0,1.69,54.9,-1.38,-0.97,0.0,96.2,1.4,Sample Data
2025-10-02,48.406979372446074,-150.55554922426808,LOC_086,1.17,81.3,3.33,86.8,-3.32,-0.19,0.0,132.0,1.0,Sample Data
2025-10-02,58.38795928070874,-157.33236422935113,LOC_087,3.77,100.0,3.31,85.2,-3.3,-0.27,0.0,156.8,3.3,Sample Data
2025-10-02,61.820330357684945,-129.72440498093013,LOC_088,-7.28,99.6,4.41,158.5,-1.62,4.11,0.0,112.8,1.3,Sample Data
2025-10-02,80.25474915525508,-162.12227726102088,LOC_089,-10.46,73.6,2.58,62.2,-2.28,-1.2,3.21,28.5,0.0,Sample Data
2025-10-02,35.57997632876939,-165.2484422387234,LOC_090,11.92,48.0,2.29,304.0,1.9,-1.28,0.0,95.3,1.7,Sample Data
2025-10-02,79.3520213708922,-65.94588406047247,LOC_091,-14.59,93.4,0.21,256.9,0.21,0.05,1.73,29.6,1.4,Sample Data
2025-10-02,29.34562207863667,-94.20207401555672,LOC_092,13.19,74.7,2.59,82.8,-2.57,-0.32,2.37,151.9,1.5,Sample Data
2025-10-02,71.29166501509118,-107.8238944920699,LOC_093,1.77,44.2,4.21,280.6,4.13,-0.77,0.0,113.7,2.7,Sample Data
2025-10-02,49.723793376700485,-148.55920218294128,LOC_094,0.63,71.7,0.02,49.5,-0.01,-0.01,0.0,136.1,1.1,Sample Data
2025-10-02,16.98270758544244,-63.361951466067524,LOC_095,11.01,63.1,4.26,107.7,-4.06,1.3,0.0,206.8,2.8,Sample Data
2025-10-02,77.53135428724978,-97.69681055447516,LOC_096,-11.46,62.3,2.49,339.5,0.87,-2.33,0.0,95.2,1.9,Sample Data
2025-10-02,35.42723432865255,-134.6027553003541,LOC_097,2.16,87.1,0.63,311.9,0.47,-0.42,0.0,144.9,0.5,Sample Data
2025-10-02,64.44667591526795,-63.37566620616498,LOC_098,-11.25,86.2,2.28,101.3,-2.23,0.45,1.26,48.6,0.7,Sample Data
2025-10-02,76.5314818198838,-78.6161790385089,LOC_099,-18.75,85.9,0.09,45.2,-0.07,-0.07,0.4,40.4,1.9,Sample Data
2025-10-03,38.090508913552185,-56.4071401667109,LOC_000,12.43,60.4,1.36,57.6,-1.15,-0.73,0.0,88.6,1.2,Sample Data
2025-10-03,64.89954563585539,-102.17439705438524,LOC_001,-12.4,100.0,0.03,242.6,0.03,0.01,0.0,0.0,1.2,Sample Data
2025-10-03,21.70139803318274,-159.72071235629366,LOC_002,4.21,85.8,3.62,210.1,1.81,3.13,2.06,76.6,2.4,Sample Data
2025-10-03,14.35627091261496,-67.39710104925842,LOC_003,28.04,50.8,5.05,181.8,0.16,5.04,0.0,125.9,1.7,Sample Data
2025-10-03,55.08362588074066,-87.95056488651409,LOC_004,-4.58,63.8,5.89,338.0,2.21,-5.46,3.99,117.3,0.8,Sample Data
2025-10-03,11.543837072185184,-53.91171921894073,LOC_005,28.04,72.6,0.74,321.4,0.46,-0.58,0.0,149.8,2.2,Sample Data
2025-10-03,72.43319806003163,-152.3959156118241,LOC_006,-18.58,100.0,3.17,110.0,-2.98,1.09,1.34,55.1,0.0,Sample Data
2025-10-03,23.636872540532547,-156.1574137190536,LOC_007,20.46,55.9,7.69,340.9,2.51,-7.27,0.0,183.4,2.2,Sample Data
2025-10-03,32.81816822196533,-111.78166388780907,LOC_008,20.63,56.8,0.07,90.0,-0.07,-0.0,0.0,62.8,1.2,Sample Data
2025-10-03,42.395876398158684,-142.14021177425457,LOC_009,2.25,97.5,5.1,35.3,-2.95,-4.17,0.0,153.4,1.3,Sample Data
2025-10-03,55.88896710417846,-161.86579811523455,LOC_010,7.21,59.3,8.17,7.4,-1.06,-8.1,2.94,20.1,1.2,Sample Data
2025-10-03,31.91084864014136,-132.37296037182008,LOC_011,7.82,73.6,0.64,152.8,-0.29,0.57,0.0,246.4,2.5,Sample Data
2025-10-03,44.205248816277695,-77.92712501890823,LOC_012,2.73,89.0,3.62,310.2,2.76,-2.34,0.88,70.3,0.0,Sample Data
2025-10-03,24.97553366187698,-113.1495230062305,LOC_013,24.56,45.0,6.89,118.9,-6.03,3.33,0.0,89.0,1.1,Sample Data
2025-10-03,54.431092664653185,-173.9614463464003,LOC_014,3.79,73.5,0.83,254.2,0.8,0.23,0.0,93.2,0.6,Sample Data
2025-10-03,55.56586389260788,-157.8318639206521,LOC_015,-2.63,99.6,2.88,324.0,1.69,-2.33,0.0,118.9,0.7,Sample Data
2025-10-03,14.878869473895964,-56.64488015706668,LOC_016,27.72,58.0,2.05,46.1,-1.47,-1.42,0.0,295.9,2.3,Sample Data
2025-10-03,82.42240248059196,-74.90834474486006,LOC_017,-24.36,68.4,2.17,187.1,0.27,2.16,0.0,0.0,0.9,Sample Data
2025-10-03,32.8460326880028,-167.3026251791701,LOC_018,21.54,71.1,3.06,210.7,1.56,2.63,0.07,75.9,0.0,Sample Data
2025-10-03,61.31747698841177,-122.78017581385183,LOC_019,-0.64,76.8,0.5,20.5,-0.18,-0.47,0.0,77.4,0.8,Sample Data
2025-10-03,19.15286761335841,-115.62700168553488,LOC_020,16.24,77.2,0.29,109.0,-0.28,0.1,0.0,121.6,0.2,Sample Data
2025-10-03,12.57913908364138,-61.78834772975833,LOC_021,23.74,37.6,1.34,303.9,1.12,-0.75,0.0,144.7,1.0,Sample Data
2025-10-03,29.408498620001268,-93.87210303398234,LOC_022,10.45,64.1,0.59,62.3,-0.52,-0.27,0.0,57.6,1.0,Sample Data
2025-10-03,33.378330706705825,-112.39115724688459,LOC_023,9.91,74.6,0.31,43.4,-0.21,-0.22,0.0,119.6,1.8,Sample Data
2025-10-03,51.00327095074597,-155.96892078168148,LOC_024,0.84,88.7,1.72,180.0,0.0,1.72,0.0,142.3,1.4,Sample Data
2025-10-03,82.7188470823419,-79.23273296305511,LOC_025,-14.92,85.1,2.15,218.5,1.34,1.68,0.0,11.8,0.0,Sample Data
2025-10-03,80.46242061731418,-63.672444444405656,LOC_026,-8.2,97.4,4.02,123.0,-3.37,2.19,0.0,21.6,0.9,Sample Data
2025-10-03,54.84249841083138,-60.15634944699481,LOC_027,-3.71,68.1,1.81,306.3,1.46,-1.07,0.0,66.1,1.5,Sample Data
2025-10-03,16.636937653893963,-154.5222278855111,LOC_028,10.46,81.9,0.35,246.3,0.32,0.14,2.2,185.4,2.8,Sample Data
2025-10-03,13.392046668290355,-137.70705700077565,LOC_029,21.86,55.6,21.69,306.4,17.47,-12.87,0.0,87.8,2.9,Sample Data
2025-10-03,39.15079672671115,-144.72462586939355,LOC_030,11.79,84.9,2.99,286.7,2.87,-0.86,0.0,118.4,0.5,Sample Data
2025-10-03,72.1553131863947,-133.6220675298334,LOC_031,-12.89,68.7,0.05,137.8,-0.04,0.04,0.0,47.3,0.6,Sample Data
2025-10-03,31.07008822655356,-109.4495091894277,LOC_032,2.0,74.4,1.95,145.7,-1.1,1.61,0.0,123.2,1.3,Sample Data
2025-10-03,20.569316873107198,-75.71439250197484,LOC_033,17.09,46.7,0.13,179.7,-0.0,0.13,3.64,129.6,0.6,Sample Data
2025-10-03,15.591298275982812,-51.70469824193276,LOC_034,21.33,63.3,3.19,103.6,-3.1,0.75,0.27,170.6,3.2,Sample Data
2025-10-03,67.9183576972493,-154.1669614005576,LOC_035,-9.55,89.3,4.32,231.1,3.36,2.71,0.0,0.0,0.7,Sample Data
2025-10-03,10.41415878427018,-73.99001430087156,LOC_036,15.81,61.1,3.85,254.8,3.72,1.01,0.35,97.9,0.0,Sample Data
2025-10-03,63.01430078857128,-85.22906815467165,LOC_037,-7.95,62.2,3.76,313.4,2.73,-2.58,2.32,16.1,0.3,Sample Data
2025-10-03,67.84527600144594,-170.37419527456825,LOC_038,-6.87,83.3,3.95,165.9,-0.97,3.83,0.0,177.2,2.9,Sample Data
2025-10-03,36.884929640820445,-164.93702226173315,LOC_039,16.74,81.4,0.67,96.7,-0.66,0.08,0.0,187.9,2.1,Sample Data
2025-10-03,74.73275694066952,-98.97124351241747,LOC_040,-15.91,86.5,0.87,77.3,-0.85,-0.19,0.0,147.3,1.6,Sample Data
2025-10-03,34.81735186394869,-171.73741446281693,LOC_041,13.98,65.8,12.32,241.1,10.79,5.94,0.0,152.8,1.9,Sample Data
2025-10-03,33.32367412867467,-137.7261681365229,LOC_042,16.5,75.3,2.35,93.3,-2.34,0.13,0.0,29.5,1.6,Sample Data
2025-10-03,64.7204633753548,-97.11752872382229,LOC_043,-1.12,76.9,5.77,215.6,3.36,4.69,0.0,0.0,0.0,Sample Data
2025-10-03,76.54095569322449,-118.61205972894659,LOC_044,-15.36,88.1,2.35,108.7,-2.23,0.75,0.0,17.3,0.0,Sample Data
2025-10-03,18.96956844537263,-87.27817766101064,LOC_045,15.02,68.1,2.34,313.3,1.7,-1.6,0.0,90.6,1.6,Sample Data
2025-10-03,67.05887864626732,-107.03396431596549,LOC_046,-0.84,91.3,2.55,321.4,1.59,-1.99,0.0,95.4,0.8,Sample Data
2025-10-03,67.82253849659207,-115.8065724726292,LOC_047,-2.49,76.2,0.08,1.2,-0.0,-0.08,0.0,206.9,3.6,Sample Data
2025-10-03,49.20496220364956,-124.41966761338855,LOC_048,-3.72,71.5,5.07,38.3,-3.14,-3.98,0.0,57.4,1.0,Sample Data
2025-10-03,11.90643450580714,-165.97411449087042,LOC_049,33.91,62.8,4.07,84.5,-4.05,-0.39,0.0,147.7,1.9,Sample Data
2025-10-03,12.357188926505069,-97.26664653570855,LOC_050,24.72,68.4,0.28,108.2,-0.27,0.09,0.93,125.7,1.6,Sample Data
2025-10-03,33.576698580724496,-113.88581014858865,LOC_051,5.46,85.1,0.42,121.3,-0.36,0.22,0.0,104.5,1.0,Sample Data
2025-10-03,78.06748554445697,-147.59201021064627,LOC_052,-4.36,93.5,3.16,52.0,-2.49,-1.95,0.0,35.8,0.0,Sample Data
2025-10-03,40.77871922767223,-81.77835198940367,LOC_053,14.83,97.9,0.38,12.4,-0.08,-0.37,0.0,88.7,1.3,Sample Data
2025-10-03,27.159862411871686,-169.99261172225692,LOC_054,12.74,44.6,0.81,224.2,0.56,0.58,0.27,133.1,1.2,Sample Data
2025-10-03,31.731358968532604,-159.04123265697942,LOC_055,22.87,59.9,6.34,266.5,6.33,0.39,0.0,117.1,1.8,Sample Data
2025-10-03,79.72732392569299,-74.9443506566258,LOC_056,-12.92,84.3,1.11,181.3,0.02,1.11,0.0,63.1,0.0,Sample Data
2025-10-03,57.50528173828176,-66.7101232755967,LOC_057,-6.1,98.3,1.45,96.6,-1.44,0.17,0.0,117.0,1.9,Sample Data
2025-10-03,70.27540576743358,-155.74589234481533,LOC_058,-6.01,85.3,1.33,345.1,0.34,-1.28,5.23,31.5,0.0,Sample Data
2025-10-03,76.94192488674834,-109.88550855096541,LOC_059,-23.66,96.2,3.3,350.9,0.52,-3.26,0.0,28.5,0.6,Sample Data
2025-10-03,70.55801163730469,-63.508131009945885,LOC_060,-12.42,100.0,6.51,139.8,-4.21,4.97,0.0,25.3,0.0,Sample Data
2025-10-03,33.85026062288979,-165.693249811402,LOC_061,2.4,64.0,0.88,17.9,-0.27,-0.84,0.0,122.0,4.4,Sample Data
2025-10-03,27.095137190645627,-124.47598747858669,LOC_062,26.86,53.7,1.02,238.7,0.87,0.53,0.0,172.7,1.7,Sample Data
2025-10-03,71.351107444187,-68.10502417667536,LOC_063,-12.45,100.0,5.64,331.3,2.71,-4.95,0.0,121.1,0.6,Sample Data
2025-10-03,10.521409789839304,-113.60285066491646,LOC_064,22.53,71.7,9.1,33.3,-4.99,-7.61,1.85,133.0,2.2,Sample Data
2025-10-03,41.30582523615843,-151.12598463880508,LOC_065,2.28,60.2,0.13,325.8,0.08,-0.11,0.0,83.0,1.2,Sample Data
2025-10-03,18.98990255002621,-136.11002771752837,LOC_066,17.83,56.6,6.55,190.3,1.17,6.44,0.0,158.2,0.9,Sample Data
2025-10-03,80.71822779343894,-137.98361883730183,LOC_067,-22.45,90.8,1.63,160.3,-0.55,1.53,0.0,29.2,0.0,Sample Data
2025-10-03,48.90929663075246,-88.60753534362688,LOC_068,11.64,76.0,2.99,339.0,1.07,-2.79,0.0,25.6,0.6,Sample Data
2025-10-03,37.27222017844705,-53.66832924627511,LOC_069,17.39,59.0,5.46,345.5,1.37,-5.29,0.0,94.1,1.2,Sample Data
2025-10-03,82.18354712065835,-147.26830154270266,LOC_070,-15.02,83.1,1.23,229.4,0.94,0.8,0.0,6.0,2.5,Sample Data
2025-10-03,47.29363794192891,-140.88581972381994,LOC_071,3.75,47.5,0.35,25.5,-0.15,-0.31,0.0,56.2,1.6,Sample Data
2025-10-03,31.36303707831007,-175.20469684391074,LOC_072,2.57,85.1,1.48,326.3,0.82,-1.23,0.0,38.8,0.6,Sample Data
2025-10-03,55.71732504849226,-114.651726980248,LOC_073,1.71,70.4,1.38,354.8,0.12,-1.38,0.0,152.2,0.5,Sample Data
2025-10-03,13.860906343749201,-143.77595964924052,LOC_074,24.83,72.4,2.49,272.1,2.48,-0.09,0.0,250.0,2.8,Sample Data
2025-10-03,78.11994144749903,-148.8569542132936,LOC_075,-0.41,100.0,6.62,128.0,-5.22,4.08,1.22,48.7,0.0,Sample Data
2025-10-03,20.867115406841734,-116.3711411639168,LOC_076,17.47,78.0,5.8,59.8,-5.02,-2.92,0.0,107.5,1.4,Sample Data
2025-10-03,83.92378405829506,-148.53281470350495,LOC_077,-12.87,92.4,0.25,209.7,0.12,0.21,0.0,0.0,0.0,Sample Data
2025-10-03,60.41016605544089,-80.98945000726671,LOC_078,-6.06,87.1,4.2,1.6,-0.12,-4.19,0.0,0.0,0.1,Sample Data
2025-10-03,27.822815799429975,-85.33187468045826,LOC_079,17.29,58.4,8.19,314.5,5.84,-5.75,0.0,42.0,0.0,Sample Data
2025-10-03,37.58373495394399,-97.80024202283467,LOC_080,7.7,59.9,8.77,201.9,3.28,8.14,0.0,143.8,1.7,Sample Data
2025-10-03,57.5147283070671,-110.3492910702814,LOC_081,2.35,73.3,0.38,222.1,0.26,0.29,0.0,56.4,0.1,Sample Data
2025-10-03,16.771732754080624,-71.41067557339906,LOC_082,18.55,57.0,2.26,303.9,1.87,-1.26,0.0,168.3,2.2,Sample Data
2025-10-03,34.05850487288019,-155.75259364801894,LOC_083,4.97,89.6,7.91,240.3,6.87,3.92,0.0,70.9,2.5,Sample Data
2025-10-03,13.058135616607293,-103.18391738552856,LOC_084,21.91,53.4,5.21,262.4,5.17,0.69,6.28,217.8,1.4,Sample Data
2025-10-03,60.81732713817118,-177.8435822393787,LOC_085,-4.37,100.0,3.86,303.7,3.21,-2.14,0.0,74.9,2.4,Sample Data
2025-10-03,48.406979372446074,-150.55554922426808,LOC_086,5.23,40.5,3.38,261.7,3.34,0.49,0.0,140.7,1.9,Sample Data
2025-10-03,58.38795928070874,-157.33236422935113,LOC_087,0.47,64.4,1.61,8.7,-0.24,-1.59,0.0,111.0,2.0,Sample Data
2025-10-03,61.820330357684945,-129.72440498093013,LOC_088,-20.85,87.0,2.6,79.0,-2.55,-0.5,0.0,77.1,0.7,Sample Data
2025-10-03,80.25474915525508,-162.12227726102088,LOC_089,-7.14,68.1,3.05,137.1,-2.08,2.24,0.58,13.5,0.4,Sample Data
2025-10-03,35.57997632876939,-165.2484422387234,LOC_090,10.42,59.9,4.23,115.8,-3.81,1.84,0.0,162.2,1.4,Sample Data
2025-10-03,79.3520213708922,-65.94588406047247,LOC_091,-11.21,90.0,1.95,278.9,1.92,-0.3,0.0,119.3,1.5,Sample Data
2025-10-03,29.34562207863667,-94.20207401555672,LOC_092,9.23,67.2,1.66,339.7,0.58,-1.56,0.0,188.5,3.8,Sample Data
2025-10-03,71.29166501509118,-107.8238944920699,LOC_093,-10.39,73.5,3.68,349.9,0.64,-3.63,1.06,50.6,0.3,Sample Data
2025-10-03,49.723793376700485,-148.55920218294128,LOC_094,5.51,42.5,0.79,81.9,-0.78,-0.11,0.0,93.1,1.3,Sample Data
2025-10-03,16.98270758544244,-63.361951466067524,LOC_095,12.72,82.7,7.89,242.2,6.98,3.67,0.0,136.0,1.1,Sample Data
2025-10-03,77.53135428724978,-97.69681055447516,LOC_096,-21.29,100.0,0.91,208.8,0.44,0.8,0.0,53.7,0.2,Sample Data
2025-10-03,35.42723432865255,-134.6027553003541,LOC_097,7.86,70.5,2.93,111.9,-2.72,1.09,0.0,183.6,1.0,Sample Data
2025-10-03,64.44667591526795,-63.37566620616498,LOC_098,-2.78,81.7,1.3,266.5,1.3,0.08,0.0,221.0,3.3,Sample Data
2025-10-03,76.5314818198838,-78.6161790385089,LOC_099,-13.21,60.1,0.98,2.2,-0.04,-0.98,2.41,14.2,1.1,Sample Data
2025-10-04,38.090508913552185,-56.4071401667109,LOC_000,5.07,74.5,0.81,280.5,0.8,-0.15,0.0,74.5,0.1,Sample Data
2025-10-04,64.89954563585539,-102.17439705438524,LOC_001,-8.59,95.4,1.22,239.2,1.05,0.63,0.0,116.5,1.4,Sample Data
2025-10-04,21.70139803318274,-159.72071235629366,LOC_002,19.21,52.2,0.52,221.7,0.35,0.39,0.0,209.3,2.3,Sample Data
2025-10-04,14.35627091261496,-67.39710104925842,LOC_003,17.99,69.1,3.67,331.1,1.77,-3.21,0.0,114.3,1.2,Sample Data
2025-10-04,55.08362588074066,-87.95056488651409,LOC_004,-3.41,78.5,2.16,25.1,-0.92,-1.96,1.16,215.3,1.7,Sample Data
2025-10-04,11.543837072185184,-53.91171921894073,LOC_005,20.04,64.9,0.25,21.9,-0.09,-0.23,0.0,0.0,0.0,Sample Data
2025-10-04,72.43319806003163,-152.3959156118241,LOC_006,-6.15,99.1,2.8,336.7,1.11,-2.57,0.0,34.0,1.6,Sample Data
2025-10-04,23.636872540532547,-156.1574137190536,LOC_007,12.17,80.8,1.02,244.0,0.92,0.45,0.52,174.9,1.0,Sample Data
2025-10-04,32.81816822196533,-111.78166388780907,LOC_008,11.7,81.5,5.28,195.7,1.43,5.08,0.21,16.9,0.8,Sample Data
2025-10-04,42.395876398158684,-142.14021177425457,LOC_009,4.38,53.9,3.29,138.6,-2.18,2.47,0.0,147.0,2.7,Sample Data
2025-10-04,55.88896710417846,-161.86579811523455,LOC_010,3.3,83.2,2.6,284.2,2.52,-0.64,0.0,53.5,0.8,Sample Data
2025-10-04,31.91084864014136,-132.37296037182008,LOC_011,12.51,81.3,0.62,11.2,-0.12,-0.61,0.0,39.5,0.0,Sample Data
2025-10-04,44.205248816277695,-77.92712501890823,LOC_012,-5.62,100.0,3.16,174.2,-0.32,3.15,0.0,83.1,1.4,Sample Data
2025-10-04,24.97553366187698,-113.1495230062305,LOC_013,10.5,43.3,9.82,131.5,-7.35,6.51,0.0,72.0,2.7,Sample Data
2025-10-04,54.431092664653185,-173.9614463464003,LOC_014,10.33,74.8,0.18,250.5,0.17,0.06,0.0,25.2,0.0,Sample Data
2025-10-04,55.56586389260788,-157.8318639206521,LOC_015,-2.02,93.8,3.18,12.0,-0.66,-3.11,0.0,63.6,2.0,Sample Data
2025-10-04,14.878869473895964,-56.64488015706668,LOC_016,12.48,77.0,1.62,333.9,0.71,-1.45,0.0,118.1,1.0,Sample Data
2025-10-04,82.42240248059196,-74.90834474486006,LOC_017,-21.53,100.0,0.08,171.5,-0.01,0.08,0.0,0.0,0.9,Sample Data
2025-10-04,32.8460326880028,-167.3026251791701,LOC_018,6.53,62.5,1.09,215.7,0.63,0.88,0.0,55.6,0.0,Sample Data
2025-10-04,61.31747698841177,-122.78017581385183,LOC_019,-2.79,81.1,0.8,294.5,0.72,-0.33,0.0,115.2,2.5,Sample Data
2025-10-04,19.15286761335841,-115.62700168553488,LOC_020,23.11,29.6,0.88,12.8,-0.19,-0.85,0.0,158.4,2.8,Sample Data
2025-10-04,12.57913908364138,-61.78834772975833,LOC_021,18.68,46.3,1.65,273.6,1.65,-0.1,0.0,134.0,0.8,Sample Data
2025-10-04,29.408498620001268,-93.87210303398234,LOC_022,15.5,77.8,0.48,189.2,0.08,0.47,0.0,79.4,0.0,Sample Data
2025-10-04,33.378330706705825,-112.39115724688459,LOC_023,7.67,86.0,0.0,84.3,-0.0,-0.0,0.19,62.0,1.5,Sample Data
2025-10-04,51.00327095074597,-155.96892078168148,LOC_024,1.12,90.3,1.85,156.3,-0.74,1.69,0.0,37.9,0.3,Sample Data
2025-10-04,82.7188470823419,-79.23273296305511,LOC_025,-15.81,100.0,0.23,190.6,0.04,0.23,0.0,82.1,0.4,Sample Data
2025-10-04,80.46242061731418,-63.672444444405656,LOC_026,-7.85,100.0,1.64,346.3,0.39,-1.59,0.0,0.0,0.7,Sample Data
2025-10-04,54.84249841083138,-60.15634944699481,LOC_027,-10.49,76.5,2.81,252.7,2.68,0.84,0.41,90.7,1.6,Sample Data
2025-10-04,16.636937653893963,-154.5222278855111,LOC_028,24.42,53.6,2.23,87.0,-2.23,-0.12,1.01,140.2,1.5,Sample Data
2025-10-04,13.392046668290355,-137.70705700077565,LOC_029,21.32,49.5,0.72,218.1,0.44,0.57,0.0,136.0,0.8,Sample Data
2025-10-04,39.15079672671115,-144.72462586939355,LOC_030,12.63,87.3,3.04,180.1,0.0,3.04,0.0,177.4,3.2,Sample Data
2025-10-04,72.1553131863947,-133.6220675298334,LOC_031,-4.61,100.0,0.51,75.8,-0.49,-0.12,0.0,63.8,1.0,Sample Data
2025-10-04,31.07008822655356,-109.4495091894277,LOC_032,2.89,82.8,0.35,323.6,0.21,-0.28,0.0,123.5,1.3,Sample Data
2025-10-04,20.569316873107198,-75.71439250197484,LOC_033,6.63,66.0,4.03,221.2,2.65,3.03,0.0,112.1,0.9,Sample Data
2025-10-04,15.591298275982812,-51.70469824193276,LOC_034,12.95,51.4,2.09,101.9,-2.05,0.43,0.0,194.3,1.7,Sample Data
2025-10-04,67.9183576972493,-154.1669614005576,LOC_035,0.79,96.1,0.71,117.2,-0.63,0.32,0.23,55.2,0.6,Sample Data
2025-10-04,10.41415878427018,-73.99001430087156,LOC_036,23.01,49.9,3.09,325.0,1.77,-2.53,0.76,118.7,0.7,Sample Data
2025-10-04,63.01430078857128,-85.22906815467165,LOC_037,-4.73,85.1,3.85,191.9,0.79,3.77,0.0,14.8,0.0,Sample Data
2025-10-04,67.84527600144594,-170.37419527456825,LOC_038,-9.98,99.6,0.17,45.4,-0.12,-0.12,0.0,0.0,0.7,Sample Data
2025-10-04,36.884929640820445,-164.93702226173315,LOC_039,12.53,81.2,7.6,210.6,3.86,6.54,0.0,67.7,1.7,Sample Data
2025-10-04,74.73275694066952,-98.97124351241747,LOC_040,-11.99,60.3,0.06,107.1,-0.06,0.02,0.0,139.3,1.5,Sample Data
2025-10-04,34.81735186394869,-171.73741446281693,LOC_041,9.94,90.7,1.93,138.3,-1.28,1.44,0.32,102.4,2.7,Sample Data
2025-10-04,33.32367412867467,-137.7261681365229,LOC_042,13.19,83.8,0.65,183.7,0.04,0.65,0.0,177.1,0.0,Sample Data
2025-10-04,64.7204633753548,-97.11752872382229,LOC_043,-7.9,61.6,3.08,180.3,0.02,3.08,0.0,67.2,2.0,Sample Data
2025-10-04,76.54095569322449,-118.61205972894659,LOC_044,-4.48,80.0,0.29,317.7,0.2,-0.22,0.0,4.8,0.1,Sample Data
2025-10-04,18.96956844537263,-87.27817766101064,LOC_045,14.52,54.3,0.33,293.5,0.3,-0.13,0.0,119.3,0.2,Sample Data
2025-10-04,67.05887864626732,-107.03396431596549,LOC_046,-10.66,40.5,2.3,11.2,-0.45,-2.26,0.0,139.8,1.7,Sample Data
2025-10-04,67.82253849659207,-115.8065724726292,LOC_047,-10.24,98.0,0.15,253.2,0.14,0.04,0.0,0.0,0.0,Sample Data
2025-10-04,49.20496220364956,-124.41966761338855,LOC_048,-0.55,68.7,1.19,152.6,-0.55,1.06,0.0,143.6,1.4,Sample Data
2025-10-04,11.90643450580714,-165.97411449087042,LOC_049,23.23,61.4,2.1,99.3,-2.07,0.34,2.37,243.5,3.9,Sample Data
2025-10-04,12.357188926505069,-97.26664653570855,LOC_050,24.41,74.4,0.13,288.9,0.13,-0.04,0.0,167.0,0.0,Sample Data
2025-10-04,33.576698580724496,-113.88581014858865,LOC_051,4.42,81.5,1.62,120.8,-1.39,0.83,0.0,92.3,0.1,Sample Data
2025-10-04,78.06748554445697,-147.59201021064627,LOC_052,-13.31,93.7,1.61,112.2,-1.5,0.61,0.0,0.0,0.2,Sample Data
2025-10-04,40.77871922767223,-81.77835198940367,LOC_053,2.26,70.3,0.4,287.0,0.38,-0.12,0.0,31.7,1.5,Sample Data
2025-10-04,27.159862411871686,-169.99261172225692,LOC_054,4.73,81.6,1.1,234.8,0.9,0.64,1.92,176.7,0.6,Sample Data
2025-10-04,31.731358968532604,-159.04123265697942,LOC_055,6.15,77.0,4.81,350.3,0.81,-4.74,4.51,149.7,2.0,Sample Data
2025-10-04,79.72732392569299,-74.9443506566258,LOC_056,-10.91,80.5,0.18,318.0,0.12,-0.14,0.0,0.0,0.0,Sample Data
2025-10-04,57.50528173828176,-66.7101232755967,LOC_057,-0.29,98.4,1.34,159.8,-0.46,1.26,0.0,48.6,0.3,Sample Data
2025-10-04,70.27540576743358,-155.74589234481533,LOC_058,-9.71,99.3,1.28,73.6,-1.23,-0.36,0.0,90.7,0.0,Sample Data
2025-10-04,76.94192488674834,-109.88550855096541,LOC_059,-13.61,100.0,3.22,134.1,-2.31,2.24,0.0,29.6,0.8,Sample Data
2025-10-04,70.55801163730469,-63.508131009945885,LOC_060,-2.91,76.4,0.69,311.7,0.52,-0.46,0.0,132.2,0.5,Sample Data
2025-10-04,33.85026062288979,-165.693249811402,LOC_061,3.28,57.8,3.97,111.5,-3.69,1.46,3.3,111.5,2.8,Sample Data
2025-10-04,27.095137190645627,-124.47598747858669,LOC_062,22.48,65.9,2.14,150.1,-1.06,1.85,0.0,132.6,0.6,Sample Data
2025-10-04,71.351107444187,-68.10502417667536,LOC_063,-7.48,96.6,6.38,121.1,-5.47,3.3,0.0,43.0,1.6,Sample Data
2025-10-04,10.521409789839304,-113.60285066491646,LOC_064,17.39,72.9,4.23,197.6,1.28,4.03,0.0,224.4,2.8,Sample Data
2025-10-04,41.30582523615843,-151.12598463880508,LOC_065,-1.64,84.6,4.19,109.2,-3.96,1.38,0.0,204.0,2.2,Sample Data
2025-10-04,18.98990255002621,-136.11002771752837,LOC_066,13.67,66.7,4.26,161.2,-1.38,4.04,0.0,168.9,1.6,Sample Data
2025-10-04,80.71822779343894,-137.98361883730183,LOC_067,-10.47,89.2,0.25,185.1,0.02,0.25,0.0,26.9,0.4,Sample Data
2025-10-04,48.90929663075246,-88.60753534362688,LOC_068,1.55,53.9,2.34,275.9,2.33,-0.24,0.0,164.8,0.0,Sample Data
2025-10-04,37.27222017844705,-53.66832924627511,LOC_069,11.67,67.7,5.72,163.8,-1.6,5.49,4.62,91.1,0.6,Sample Data
2025-10-04,82.18354712065835,-147.26830154270266,LOC_070,-16.22,87.7,4.87,208.6,2.33,4.28,0.0,35.8,0.0,Sample Data
2025-10-04,47.29363794192891,-140.88581972381994,LOC_071,-1.26,90.0,4.4,125.1,-3.6,2.53,0.0,173.0,3.7,Sample Data
2025-10-04,31.36303707831007,-175.20469684391074,LOC_072,15.25,86.5,0.21,164.6,-0.06,0.2,0.0,62.5,0.0,Sample Data
2025-10-04,55.71732504849226,-114.651726980248,LOC_073,-2.46,66.9,12.99,102.7,-12.67,2.86,0.0,72.7,1.7,Sample Data
2025-10-04,13.860906343749201,-143.77595964924052,LOC_074,17.39,53.2,1.27,305.2,1.04,-0.73,2.05,135.9,1.5,Sample Data
2025-10-04,78.11994144749903,-148.8569542132936,LOC_075,-12.58,100.0,0.72,228.4,0.54,0.48,0.42,58.1,1.6,Sample Data
2025-10-04,20.867115406841734,-116.3711411639168,LOC_076,16.21,67.1,2.38,151.2,-1.14,2.08,0.0,107.0,1.1,Sample Data
2025-10-04,83.92378405829506,-148.53281470350495,LOC_077,-19.28,99.2,1.4,152.5,-0.65,1.24,0.0,0.0,0.0,Sample Data
2025-10-04,60.41016605544089,-80.98945000726671,LOC_078,3.77,87.6,1.97,88.5,-1.97,-0.05,0.0,13.4,0.3,Sample Data
2025-10-04,27.822815799429975,-85.33187468045826,LOC_079,5.69,45.4,12.16,305.7,9.87,-7.1,0.0,133.7,2.2,Sample Data
2025-10-04,37.58373495394399,-97.80024202283467,LOC_080,15.87,62.9,2.63,63.1,-2.34,-1.19,0.0,51.4,0.0,Sample Data
2025-10-04,57.5147283070671,-110.3492910702814,LOC_081,-1.26,48.9,5.79,267.1,5.78,0.29,0.0,71.1,1.8,Sample Data
2025-10-04,16.771732754080624,-71.41067557339906,LOC_082,15.68,64.9,8.0,23.7,-3.21,-7.32,0.0,151.2,1.7,Sample Data
2025-10-04,34.05850487288019,-155.75259364801894,LOC_083,15.78,62.6,1.0,107.7,-0.95,0.3,0.0,112.1,1.5,Sample Data
2025-10-04,13.058135616607293,-103.18391738552856,LOC_084,18.45,86.0,1.47,69.1,-1.37,-0.52,0.0,75.9,0.1,Sample Data
2025-10-04,60.81732713817118,-177.8435822393787,LOC_085,-6.03,99.8,1.63,299.5,1.42,-0.8,0.87,81.0,1.2,Sample Data
2025-10-04,48.406979372446074,-150.55554922426808,LOC_086,6.31,86.9,0.19,73.2,-0.18,-0.05,0.0,34.9,0.0,Sample Data
2025-10-04,58.38795928070874,-157.33236422935113,LOC_087,-3.4,72.8,5.52,52.2,-4.36,-3.38,0.0,25.3,1.0,Sample Data
2025-10-04,61.820330357684945,-129.72440498093013,LOC_088,-0.02,80.4,2.15,56.6,-1.8,-1.18,0.0,56.1,0.8,Sample Data
2025-10-04,80.25474915525508,-162.12227726102088,LOC_089,-15.69,83.3,1.82,133.8,-1.31,1.26,0.0,90.6,1.4,Sample Data
2025-10-04,35.57997632876939,-165.2484422387234,LOC_090,4.28,77.5,1.87,295.9,1.68,-0.82,0.19,58.5,0.0,Sample Data
2025-10-04,79.3520213708922,-65.94588406047247,LOC_091,-17.05,87.5,0.87,245.6,0.79,0.36,0.0,75.1,3.1,Sample Data
2025-10-04,29.34562207863667,-94.20207401555672,LOC_092,3.78,81.7,2.21,8.5,-0.33,-2.19,0.0,52.6,0.9,Sample Data
2025-10-04,71.29166501509118,-107.8238944920699,LOC_093,-13.28,79.9,0.22,125.2,-0.18,0.13,0.0,30.7,0.0,Sample Data
2025-10-04,49.723793376700485,-148.55920218294128,LOC_094,8.05,93.4,8.98,308.7,7.01,-5.62,0.0,137.1,2.0,Sample Data
2025-10-04,16.98270758544244,-63.361951466067524,LOC_095,19.12,65.6,0.32,158.2,-0.12,0.29,0.0,195.7,1.7,Sample Data
2025-10-04,77.53135428724978,-97.69681055447516,LOC_096,-13.13,99.9,0.06,10.0,-0.01,-0.06,0.0,20.6,0.6,Sample Data
2025-10-04,35.42723432865255,-134.6027553003541,LOC_097,7.66,76.6,1.08,280.8,1.06,-0.2,0.0,109.2,2.0,Sample Data
2025-10-04,64.44667591526795,-63.37566620616498,LOC_098,-5.18,100.0,8.59,143.5,-5.11,6.91,0.79,70.3,2.1,Sample Data
2025-10-04,76.5314818198838,-78.6161790385089,LOC_099,-8.62,55.6,0.43,1.9,-0.01,-0.43,0.0,127.6,2.4,Sample Data
