grid_id,latitude,longitude,sat_no2_avg,sat_no2_count,sat_o3_avg,sat_o3_count,sat_aod_avg,sat_aod_count
GRID_10.1_-180.0,10.08400836100821,-179.969121935135,,,,,,
GRID_10.1_-178.0,10.08400836100821,-177.969121935135,,,,,,
GRID_10.1_-176.0,10.08400836100821,-175.969121935135,,,,,,
GRID_10.1_-174.0,10.08400836100821,-173.969121935135,,,,,,
GRID_10.1_-172.0,10.08400836100821,-171.969121935135,,,,,,
GRID_10.1_-170.0,10.08400836100821,-169.969121935135,,,,,,
GRID_10.1_-168.0,10.08400836100821,-167.969121935135,,,,,,
GRID_10.1_-166.0,10.08400836100821,-165.969121935135,,,,,,
GRID_10.1_-164.0,10.08400836100821,-163.969121935135,,,,,,
GRID_10.1_-162.0,10.08400836100821,-161.969121935135,,,,,,
GRID_10.1_-160.0,10.08400836100821,-159.969121935135,,,,,,
GRID_10.1_-158.0,10.08400836100821,-157.969121935135,,,,,,
GRID_10.1_-156.0,10.08400836100821,-155.969121935135,,,,,,
GRID_10.1_-154.0,10.08400836100821,-153.969121935135,,,,,,
GRID_10.1_-152.0,10.08400836100821,-151.969121935135,,,,,,
GRID_10.1_-150.0,10.08400836100821,-149.969121935135,,,,,,
GRID_10.1_-148.0,10.08400836100821,-147.969121935135,,,,,,
GRID_10.1_-146.0,10.08400836100821,-145.969121935135,,,,,,
GRID_10.1_-144.0,10.08400836100821,-143.969121935135,,,,,,
GRID_10.1_-142.0,10.08400836100821,-141.969121935135,,,,,,
GRID_10.1_-140.0,10.08400836100821,-139.969121935135,,,,,,
GRID_10.1_-138.0,10.08400836100821,-137.969121935135,,,,,,
GRID_10.1_-136.0,10.08400836100821,-135.969121935135,,,,,,
GRID_10.1_-134.0,10.08400836100821,-133.969121935135,,,,,,
GRID_10.1_-132.0,10.08400836100821,-131.969121935135,,,,,,
GRID_10.1_-130.0,10.08400836100821,-129.969121935135,,,,,,
GRID_10.1_-128.0,10.08400836100821,-127.96912193513501,,,,,,
GRID_10.1_-126.0,10.08400836100821,-125.96912193513501,,,,,,
GRID_10.1_-124.0,10.08400836100821,-123.96912193513501,,,,,,
GRID_10.1_-122.0,10.08400836100821,-121.96912193513501,,,,,,
GRID_10.1_-120.0,10.08400836100821,-119.96912193513501,,,,,,
GRID_10.1_-118.0,10.08400836100821,-117.96912193513501,,,,,,
GRID_10.1_-116.0,10.08400836100821,-115.96912193513501,,,,,,
GRID_10.1_-114.0,10.08400836100821,-113.96912193513501,,,,,,
GRID_10.1_-112.0,10.08400836100821,-111.96912193513501,,,,,,
GRID_10.1_-110.0,10.08400836100821,-109.96912193513501,,,,,,
GRID_10.1_-108.0,10.08400836100821,-107.96912193513501,,,,,,
GRID_10.1_-106.0,10.08400836100821,-105.96912193513501,,,,,,
GRID_10.1_-104.0,10.08400836100821,-103.96912193513501,,,,,,
GRID_10.1_-102.0,10.08400836100821,-101.96912193513501,,,,,,
GRID_10.1_-100.0,10.08400836100821,-99.96912193513501,,,,,,
GRID_10.1_-98.0,10.08400836100821,-97.96912193513501,,,,,,
GRID_10.1_-96.0,10.08400836100821,-95.96912193513501,,,,,,
GRID_10.1_-94.0,10.08400836100821,-93.96912193513501,,,,,,
GRID_10.1_-92.0,10.08400836100821,-91.96912193513501,,,,,,
GRID_10.1_-90.0,10.08400836100821,-89.96912193513501,,,,,,
GRID_10.1_-88.0,10.08400836100821,-87.96912193513501,,,,,,
GRID_10.1_-86.0,10.08400836100821,-85.96912193513501,,,,,,
GRID_10.1_-84.0,10.08400836100821,-83.96912193513501,,,,,,
GRID_10.1_-82.0,10.08400836100821,-81.96912193513501,,,,,,
GRID_10.1_-80.0,10.08400836100821,-79.96912193513501,,,,,,
GRID_10.1_-78.0,10.08400836100821,-77.96912193513501,,,,,,
GRID_10.1_-76.0,10.08400836100821,-75.96912193513501,,,,,,
GRID_10.1_-74.0,10.08400836100821,-73.96912193513501,,,,,,
GRID_10.1_-72.0,10.08400836100821,-71.96912193513501,,,,,,
GRID_10.1_-70.0,10.08400836100821,-69.96912193513501,,,,,,
GRID_10.1_-68.0,10.08400836100821,-67.96912193513501,,,,,,
GRID_10.1_-66.0,10.08400836100821,-65.96912193513501,,,,,,
GRID_10.1_-64.0,10.08400836100821,-63.96912193513501,,,,,,
GRID_10.1_-62.0,10.08400836100821,-61.96912193513501,,,,,,
GRID_10.1_-60.0,10.08400836100821,-59.96912193513501,,,,,,
GRID_10.1_-58.0,10.08400836100821,-57.96912193513501,,,,,,
GRID_10.1_-56.0,10.08400836100821,-55.96912193513501,,,,,,
GRID_10.1_-54.0,10.08400836100821,-53.96912193513501,,,,,,
GRID_10.1_-52.0,10.08400836100821,-51.96912193513501,,,,,,
GRID_10.1_-50.0,10.08400836100821,-49.96912193513501,,,,,,
GRID_12.1_-180.0,12.08400836100821,-179.969121935135,,,,,,
GRID_12.1_-178.0,12.08400836100821,-177.969121935135,,,,,,
GRID_12.1_-176.0,12.08400836100821,-175.969121935135,,,,,,
GRID_12.1_-174.0,12.08400836100821,-173.969121935135,,,,,,
GRID_12.1_-172.0,12.08400836100821,-171.969121935135,,,,,,
GRID_12.1_-170.0,12.08400836100821,-169.969121935135,,,,,,
GRID_12.1_-168.0,12.08400836100821,-167.969121935135,,,,,,
GRID_12.1_-166.0,12.08400836100821,-165.969121935135,,,,,,
GRID_12.1_-164.0,12.08400836100821,-163.969121935135,,,,,,
GRID_12.1_-162.0,12.08400836100821,-161.969121935135,,,,,,
GRID_12.1_-160.0,12.08400836100821,-159.969121935135,,,,,,
GRID_12.1_-158.0,12.08400836100821,-157.969121935135,,,,,,
GRID_12.1_-156.0,12.08400836100821,-155.969121935135,,,,,,
GRID_12.1_-154.0,12.08400836100821,-153.969121935135,,,,,,
GRID_12.1_-152.0,12.08400836100821,-151.969121935135,,,,,,
GRID_12.1_-150.0,12.08400836100821,-149.969121935135,,,,,,
GRID_12.1_-148.0,12.08400836100821,-147.969121935135,,,,,,
GRID_12.1_-146.0,12.08400836100821,-145.969121935135,,,,,,
GRID_12.1_-144.0,12.08400836100821,-143.969121935135,,,,,,
GRID_12.1_-142.0,12.08400836100821,-141.969121935135,,,,,,
GRID_12.1_-140.0,12.08400836100821,-139.969121935135,,,,,,
GRID_12.1_-138.0,12.08400836100821,-137.969121935135,,,,,,
GRID_12.1_-136.0,12.08400836100821,-135.969121935135,,,,,,
GRID_12.1_-134.0,12.08400836100821,-133.969121935135,,,,,,
GRID_12.1_-132.0,12.08400836100821,-131.969121935135,,,,,,
GRID_12.1_-130.0,12.08400836100821,-129.969121935135,,,,,,
GRID_12.1_-128.0,12.08400836100821,-127.96912193513501,,,,,,
GRID_12.1_-126.0,12.08400836100821,-125.96912193513501,,,,,,
GRID_12.1_-124.0,12.08400836100821,-123.96912193513501,,,,,,
GRID_12.1_-122.0,12.08400836100821,-121.96912193513501,,,,,,
GRID_12.1_-120.0,12.08400836100821,-119.96912193513501,,,,,,
GRID_12.1_-118.0,12.08400836100821,-117.96912193513501,,,,,,
GRID_12.1_-116.0,12.08400836100821,-115.96912193513501,,,,,,
GRID_12.1_-114.0,12.08400836100821,-113.96912193513501,,,,,,
GRID_12.1_-112.0,12.08400836100821,-111.96912193513501,,,,,,
GRID_12.1_-110.0,12.08400836100821,-109.96912193513501,,,,,,
GRID_12.1_-108.0,12.08400836100821,-107.96912193513501,,,,,,
GRID_12.1_-106.0,12.08400836100821,-105.96912193513501,,,,,,
GRID_12.1_-104.0,12.08400836100821,-103.96912193513501,,,,,,
GRID_12.1_-102.0,12.08400836100821,-101.96912193513501,,,,,,
GRID_12.1_-100.0,12.08400836100821,-99.96912193513501,,,,,,
GRID_12.1_-98.0,12.08400836100821,-97.96912193513501,,,,,,
GRID_12.1_-96.0,12.08400836100821,-95.96912193513501,,,,,,
GRID_12.1_-94.0,12.08400836100821,-93.96912193513501,,,,,,
GRID_12.1_-92.0,12.08400836100821,-91.96912193513501,,,,,,
GRID_12.1_-90.0,12.08400836100821,-89.96912193513501,,,,,,
GRID_12.1_-88.0,12.08400836100821,-87.96912193513501,,,,,,
GRID_12.1_-86.0,12.08400836100821,-85.96912193513501,,,,,,
GRID_12.1_-84.0,12.08400836100821,-83.96912193513501,,,,,,
GRID_12.1_-82.0,12.08400836100821,-81.96912193513501,,,,,,
GRID_12.1_-80.0,12.08400836100821,-79.96912193513501,,,,,,
GRID_12.1_-78.0,12.08400836100821,-77.96912193513501,,,,,,
GRID_12.1_-76.0,12.08400836100821,-75.96912193513501,,,,,,
GRID_12.1_-74.0,12.08400836100821,-73.96912193513501,,,,,,
GRID_12.1_-72.0,12.08400836100821,-71.96912193513501,,,,,,
GRID_12.1_-70.0,12.08400836100821,-69.96912193513501,,,,,,
GRID_12.1_-68.0,12.08400836100821,-67.96912193513501,,,,,,
GRID_12.1_-66.0,12.08400836100821,-65.96912193513501,,,,,,
GRID_12.1_-64.0,12.08400836100821,-63.96912193513501,,,,,,
GRID_12.1_-62.0,12.08400836100821,-61.96912193513501,,,,,,
GRID_12.1_-60.0,12.08400836100821,-59.96912193513501,,,,,,
GRID_12.1_-58.0,12.08400836100821,-57.96912193513501,,,,,,
GRID_12.1_-56.0,12.08400836100821,-55.96912193513501,,,,,,
GRID_12.1_-54.0,12.08400836100821,-53.96912193513501,,,,,,
GRID_12.1_-52.0,12.08400836100821,-51.96912193513501,,,,,,
GRID_12.1_-50.0,12.08400836100821,-49.96912193513501,,,,,,
GRID_14.1_-180.0,14.08400836100821,-179.969121935135,,,,,,
GRID_14.1_-178.0,14.08400836100821,-177.969121935135,,,,,,
GRID_14.1_-176.0,14.08400836100821,-175.969121935135,,,,,,
GRID_14.1_-174.0,14.08400836100821,-173.969121935135,,,,,,
GRID_14.1_-172.0,14.08400836100821,-171.969121935135,,,,,,
GRID_14.1_-170.0,14.08400836100821,-169.969121935135,,,,,,
GRID_14.1_-168.0,14.08400836100821,-167.969121935135,,,,,,
GRID_14.1_-166.0,14.08400836100821,-165.969121935135,,,,,,
GRID_14.1_-164.0,14.08400836100821,-163.969121935135,,,,,,
GRID_14.1_-162.0,14.08400836100821,-161.969121935135,,,,,,
GRID_14.1_-160.0,14.08400836100821,-159.969121935135,,,,,,
GRID_14.1_-158.0,14.08400836100821,-157.969121935135,,,,,,
GRID_14.1_-156.0,14.08400836100821,-155.969121935135,,,,,,
GRID_14.1_-154.0,14.08400836100821,-153.969121935135,,,,,,
GRID_14.1_-152.0,14.08400836100821,-151.969121935135,,,,,,
GRID_14.1_-150.0,14.08400836100821,-149.969121935135,,,,,,
GRID_14.1_-148.0,14.08400836100821,-147.969121935135,,,,,,
GRID_14.1_-146.0,14.08400836100821,-145.969121935135,,,,,,
GRID_14.1_-144.0,14.08400836100821,-143.969121935135,,,,,,
GRID_14.1_-142.0,14.08400836100821,-141.969121935135,,,,,,
GRID_14.1_-140.0,14.08400836100821,-139.969121935135,,,,,,
GRID_14.1_-138.0,14.08400836100821,-137.969121935135,,,,,,
GRID_14.1_-136.0,14.08400836100821,-135.969121935135,,,,,,
GRID_14.1_-134.0,14.08400836100821,-133.969121935135,,,,,,
GRID_14.1_-132.0,14.08400836100821,-131.969121935135,,,,,,
GRID_14.1_-130.0,14.08400836100821,-129.969121935135,,,,,,
GRID_14.1_-128.0,14.08400836100821,-127.96912193513501,,,,,,
GRID_14.1_-126.0,14.08400836100821,-125.96912193513501,,,,,,
GRID_14.1_-124.0,14.08400836100821,-123.96912193513501,,,,,,
GRID_14.1_-122.0,14.08400836100821,-121.96912193513501,,,,,,
GRID_14.1_-120.0,14.08400836100821,-119.96912193513501,,,,,,
GRID_14.1_-118.0,14.08400836100821,-117.96912193513501,,,,,,
GRID_14.1_-116.0,14.08400836100821,-115.96912193513501,,,,,,
GRID_14.1_-114.0,14.08400836100821,-113.96912193513501,,,,,,
GRID_14.1_-112.0,14.08400836100821,-111.96912193513501,,,,,,
GRID_14.1_-110.0,14.08400836100821,-109.96912193513501,,,,,,
GRID_14.1_-108.0,14.08400836100821,-107.96912193513501,,,,,,
GRID_14.1_-106.0,14.08400836100821,-105.96912193513501,,,,,,
GRID_14.1_-104.0,14.08400836100821,-103.96912193513501,,,,,,
GRID_14.1_-102.0,14.08400836100821,-101.96912193513501,,,,,,
GRID_14.1_-100.0,14.08400836100821,-99.96912193513501,,,,,,
GRID_14.1_-98.0,14.08400836100821,-97.96912193513501,,,,,,
GRID_14.1_-96.0,14.08400836100821,-95.96912193513501,,,,,,
GRID_14.1_-94.0,14.08400836100821,-93.96912193513501,,,,,,
GRID_14.1_-92.0,14.08400836100821,-91.96912193513501,,,,,,
GRID_14.1_-90.0,14.08400836100821,-89.96912193513501,,,,,,
GRID_14.1_-88.0,14.08400836100821,-87.96912193513501,,,,,,
GRID_14.1_-86.0,14.08400836100821,-85.96912193513501,,,,,,
GRID_14.1_-84.0,14.08400836100821,-83.96912193513501,,,,,,
GRID_14.1_-82.0,14.08400836100821,-81.96912193513501,,,,,,
GRID_14.1_-80.0,14.08400836100821,-79.96912193513501,,,,,,
GRID_14.1_-78.0,14.08400836100821,-77.96912193513501,,,,,,
GRID_14.1_-76.0,14.08400836100821,-75.96912193513501,,,,,,
GRID_14.1_-74.0,14.08400836100821,-73.96912193513501,,,,,,
GRID_14.1_-72.0,14.08400836100821,-71.96912193513501,,,,,,
GRID_14.1_-70.0,14.08400836100821,-69.96912193513501,,,,,,
GRID_14.1_-68.0,14.08400836100821,-67.96912193513501,,,,,,
GRID_14.1_-66.0,14.08400836100821,-65.96912193513501,,,,,,
GRID_14.1_-64.0,14.08400836100821,-63.96912193513501,,,,,,
GRID_14.1_-62.0,14.08400836100821,-61.96912193513501,,,,,,
GRID_14.1_-60.0,14.08400836100821,-59.96912193513501,,,,,,
GRID_14.1_-58.0,14.08400836100821,-57.96912193513501,,,,,,
GRID_14.1_-56.0,14.08400836100821,-55.96912193513501,,,,,,
GRID_14.1_-54.0,14.08400836100821,-53.96912193513501,,,,,,
GRID_14.1_-52.0,14.08400836100821,-51.96912193513501,,,,,,
GRID_14.1_-50.0,14.08400836100821,-49.96912193513501,,,,,,
GRID_16.1_-180.0,16.08400836100821,-179.969121935135,,,,,,
GRID_16.1_-178.0,16.08400836100821,-177.969121935135,,,,,,
GRID_16.1_-176.0,16.08400836100821,-175.969121935135,,,,,,
GRID_16.1_-174.0,16.08400836100821,-173.969121935135,,,,,,
GRID_16.1_-172.0,16.08400836100821,-171.969121935135,,,,,,
GRID_16.1_-170.0,16.08400836100821,-169.969121935135,,,,,,
GRID_16.1_-168.0,16.08400836100821,-167.969121935135,,,,,,
GRID_16.1_-166.0,16.08400836100821,-165.969121935135,,,,,,
GRID_16.1_-164.0,16.08400836100821,-163.969121935135,,,,,,
GRID_16.1_-162.0,16.08400836100821,-161.969121935135,,,,,,
GRID_16.1_-160.0,16.08400836100821,-159.969121935135,,,,,,
GRID_16.1_-158.0,16.08400836100821,-157.969121935135,,,,,,
GRID_16.1_-156.0,16.08400836100821,-155.969121935135,3664089.6091455314,1.0,261.40904611216223,1.0,,
GRID_16.1_-154.0,16.08400836100821,-153.969121935135,,,,,,
GRID_16.1_-152.0,16.08400836100821,-151.969121935135,,,,,,
GRID_16.1_-150.0,16.08400836100821,-149.969121935135,,,,,,
GRID_16.1_-148.0,16.08400836100821,-147.969121935135,,,,,,
GRID_16.1_-146.0,16.08400836100821,-145.969121935135,,,,,,
GRID_16.1_-144.0,16.08400836100821,-143.969121935135,,,,,,
GRID_16.1_-142.0,16.08400836100821,-141.969121935135,,,,,,
GRID_16.1_-140.0,16.08400836100821,-139.969121935135,,,,,,
GRID_16.1_-138.0,16.08400836100821,-137.969121935135,,,,,,
GRID_16.1_-136.0,16.08400836100821,-135.969121935135,,,,,,
GRID_16.1_-134.0,16.08400836100821,-133.969121935135,,,,,,
GRID_16.1_-132.0,16.08400836100821,-131.969121935135,,,,,,
GRID_16.1_-130.0,16.08400836100821,-129.969121935135,,,,,,
GRID_16.1_-128.0,16.08400836100821,-127.96912193513501,,,,,,
GRID_16.1_-126.0,16.08400836100821,-125.96912193513501,,,,,,
GRID_16.1_-124.0,16.08400836100821,-123.96912193513501,,,,,,
GRID_16.1_-122.0,16.08400836100821,-121.96912193513501,,,,,,
GRID_16.1_-120.0,16.08400836100821,-119.96912193513501,,,,,,
GRID_16.1_-118.0,16.08400836100821,-117.96912193513501,,,,,,
GRID_16.1_-116.0,16.08400836100821,-115.96912193513501,1985327.266466341,1.0,200.12943282702466,1.0,,
GRID_16.1_-114.0,16.08400836100821,-113.96912193513501,,,,,,
GRID_16.1_-112.0,16.08400836100821,-111.96912193513501,,,,,,
GRID_16.1_-110.0,16.08400836100821,-109.96912193513501,,,,,,
GRID_16.1_-108.0,16.08400836100821,-107.96912193513501,,,,,,
GRID_16.1_-106.0,16.08400836100821,-105.96912193513501,,,,,,
GRID_16.1_-104.0,16.08400836100821,-103.96912193513501,,,,,,
GRID_16.1_-102.0,16.08400836100821,-101.96912193513501,,,,,,
GRID_16.1_-100.0,16.08400836100821,-99.96912193513501,,,,,,
GRID_16.1_-98.0,16.08400836100821,-97.96912193513501,,,,,,
GRID_16.1_-96.0,16.08400836100821,-95.96912193513501,,,,,,
GRID_16.1_-94.0,16.08400836100821,-93.96912193513501,,,,,,
GRID_16.1_-92.0,16.08400836100821,-91.96912193513501,,,,,,
GRID_16.1_-90.0,16.08400836100821,-89.96912193513501,,,,,,
GRID_16.1_-88.0,16.08400836100821,-87.96912193513501,,,,,,
GRID_16.1_-86.0,16.08400836100821,-85.96912193513501,,,,,,
GRID_16.1_-84.0,16.08400836100821,-83.96912193513501,,,,,,
GRID_16.1_-82.0,16.08400836100821,-81.96912193513501,,,,,,
GRID_16.1_-80.0,16.08400836100821,-79.96912193513501,,,,,,
GRID_16.1_-78.0,16.08400836100821,-77.96912193513501,,,,,,
GRID_16.1_-76.0,16.08400836100821,-75.96912193513501,,,,,,
GRID_16.1_-74.0,16.08400836100821,-73.96912193513501,,,,,,
GRID_16.1_-72.0,16.08400836100821,-71.96912193513501,,,,,,
GRID_16.1_-70.0,16.08400836100821,-69.96912193513501,,,,,,
GRID_16.1_-68.0,16.08400836100821,-67.96912193513501,,,,,,
GRID_16.1_-66.0,16.08400836100821,-65.96912193513501,,,,,,
GRID_16.1_-64.0,16.08400836100821,-63.96912193513501,,,,,,
GRID_16.1_-62.0,16.08400836100821,-61.96912193513501,,,,,,
GRID_16.1_-60.0,16.08400836100821,-59.96912193513501,,,,,,
GRID_16.1_-58.0,16.08400836100821,-57.96912193513501,,,,,,
GRID_16.1_-56.0,16.08400836100821,-55.96912193513501,,,,,,
GRID_16.1_-54.0,16.08400836100821,-53.96912193513501,,,,,,
GRID_16.1_-52.0,16.08400836100821,-51.96912193513501,,,,,,
GRID_16.1_-50.0,16.08400836100821,-49.96912193513501,,,,,,
GRID_18.1_-180.0,18.08400836100821,-179.969121935135,,,,,,
GRID_18.1_-178.0,18.08400836100821,-177.969121935135,,,,,,
GRID_18.1_-176.0,18.08400836100821,-175.969121935135,,,,,,
GRID_18.1_-174.0,18.08400836100821,-173.969121935135,,,,,,
GRID_18.1_-172.0,18.08400836100821,-171.969121935135,,,,,,
GRID_18.1_-170.0,18.08400836100821,-169.969121935135,,,,,,
GRID_18.1_-168.0,18.08400836100821,-167.969121935135,,,,,,
GRID_18.1_-166.0,18.08400836100821,-165.969121935135,,,,,,
GRID_18.1_-164.0,18.08400836100821,-163.969121935135,,,,,,
GRID_18.1_-162.0,18.08400836100821,-161.969121935135,,,,,,
GRID_18.1_-160.0,18.08400836100821,-159.969121935135,,,,,,
GRID_18.1_-158.0,18.08400836100821,-157.969121935135,,,,,,
GRID_18.1_-156.0,18.08400836100821,-155.969121935135,,,,,,
GRID_18.1_-154.0,18.08400836100821,-153.969121935135,,,,,,
GRID_18.1_-152.0,18.08400836100821,-151.969121935135,,,,,,
GRID_18.1_-150.0,18.08400836100821,-149.969121935135,,,,,,
GRID_18.1_-148.0,18.08400836100821,-147.969121935135,,,,,,
GRID_18.1_-146.0,18.08400836100821,-145.969121935135,,,,,,
GRID_18.1_-144.0,18.08400836100821,-143.969121935135,,,,,,
GRID_18.1_-142.0,18.08400836100821,-141.969121935135,,,,,,
GRID_18.1_-140.0,18.08400836100821,-139.969121935135,,,,,,
GRID_18.1_-138.0,18.08400836100821,-137.969121935135,,,,,,
GRID_18.1_-136.0,18.08400836100821,-135.969121935135,,,,,,
GRID_18.1_-134.0,18.08400836100821,-133.969121935135,,,,,,
GRID_18.1_-132.0,18.08400836100821,-131.969121935135,,,,,,
GRID_18.1_-130.0,18.08400836100821,-129.969121935135,,,,,,
GRID_18.1_-128.0,18.08400836100821,-127.96912193513501,,,,,,
GRID_18.1_-126.0,18.08400836100821,-125.96912193513501,,,,,,
GRID_18.1_-124.0,18.08400836100821,-123.96912193513501,,,,,,
GRID_18.1_-122.0,18.08400836100821,-121.96912193513501,,,,,,
GRID_18.1_-120.0,18.08400836100821,-119.96912193513501,,,,,,
GRID_18.1_-118.0,18.08400836100821,-117.96912193513501,,,,,,
GRID_18.1_-116.0,18.08400836100821,-115.96912193513501,,,,,,
GRID_18.1_-114.0,18.08400836100821,-113.96912193513501,,,,,,
GRID_18.1_-112.0,18.08400836100821,-111.96912193513501,,,,,,
GRID_18.1_-110.0,18.08400836100821,-109.96912193513501,,,,,,
GRID_18.1_-108.0,18.08400836100821,-107.96912193513501,,,,,,
GRID_18.1_-106.0,18.08400836100821,-105.96912193513501,,,,,,
GRID_18.1_-104.0,18.08400836100821,-103.96912193513501,,,,,,
GRID_18.1_-102.0,18.08400836100821,-101.96912193513501,,,,,,
GRID_18.1_-100.0,18.08400836100821,-99.96912193513501,,,,,,
GRID_18.1_-98.0,18.08400836100821,-97.96912193513501,,,,,,
GRID_18.1_-96.0,18.08400836100821,-95.96912193513501,,,,,,
GRID_18.1_-94.0,18.08400836100821,-93.96912193513501,,,,,,
GRID_18.1_-92.0,18.08400836100821,-91.96912193513501,,,,,,
GRID_18.1_-90.0,18.08400836100821,-89.96912193513501,,,,,,
GRID_18.1_-88.0,18.08400836100821,-87.96912193513501,,,,,,
GRID_18.1_-86.0,18.08400836100821,-85.96912193513501,,,,,,
GRID_18.1_-84.0,18.08400836100821,-83.96912193513501,,,,,,
GRID_18.1_-82.0,18.08400836100821,-81.96912193513501,,,,,,
GRID_18.1_-80.0,18.08400836100821,-79.96912193513501,,,,,,
GRID_18.1_-78.0,18.08400836100821,-77.96912193513501,,,,,,
GRID_18.1_-76.0,18.08400836100821,-75.96912193513501,,,,,,
GRID_18.1_-74.0,18.08400836100821,-73.96912193513501,,,,,,
GRID_18.1_-72.0,18.08400836100821,-71.96912193513501,,,,,,
GRID_18.1_-70.0,18.08400836100821,-69.96912193513501,,,,,,
GRID_18.1_-68.0,18.08400836100821,-67.96912193513501,,,,,,
GRID_18.1_-66.0,18.08400836100821,-65.96912193513501,,,,,,
GRID_18.1_-64.0,18.08400836100821,-63.96912193513501,,,,,,
GRID_18.1_-62.0,18.08400836100821,-61.96912193513501,,,,,,
GRID_18.1_-60.0,18.08400836100821,-59.96912193513501,,,,,,
GRID_18.1_-58.0,18.08400836100821,-57.96912193513501,,,,,,
GRID_18.1_-56.0,18.08400836100821,-55.96912193513501,,,,,,
GRID_18.1_-54.0,18.08400836100821,-53.96912193513501,,,,,,
GRID_18.1_-52.0,18.08400836100821,-51.96912193513501,,,,,,
GRID_18.1_-50.0,18.08400836100821,-49.96912193513501,,,,,,
GRID_20.1_-180.0,20.08400836100821,-179.969121935135,,,,,,
GRID_20.1_-178.0,20.08400836100821,-177.969121935135,,,,,,
GRID_20.1_-176.0,20.08400836100821,-175.969121935135,,,,,,
GRID_20.1_-174.0,20.08400836100821,-173.969121935135,,,,,,
GRID_20.1_-172.0,20.08400836100821,-171.969121935135,,,,,,
GRID_20.1_-170.0,20.08400836100821,-169.969121935135,,,,,,
GRID_20.1_-168.0,20.08400836100821,-167.969121935135,,,,,,
GRID_20.1_-166.0,20.08400836100821,-165.969121935135,,,,,,
GRID_20.1_-164.0,20.08400836100821,-163.969121935135,,,,,,
GRID_20.1_-162.0,20.08400836100821,-161.969121935135,,,,,,
GRID_20.1_-160.0,20.08400836100821,-159.969121935135,,,,,,
GRID_20.1_-158.0,20.08400836100821,-157.969121935135,,,,,,
GRID_20.1_-156.0,20.08400836100821,-155.969121935135,,,,,,
GRID_20.1_-154.0,20.08400836100821,-153.969121935135,,,,,,
GRID_20.1_-152.0,20.08400836100821,-151.969121935135,,,,,,
GRID_20.1_-150.0,20.08400836100821,-149.969121935135,,,,,,
GRID_20.1_-148.0,20.08400836100821,-147.969121935135,,,,,,
GRID_20.1_-146.0,20.08400836100821,-145.969121935135,,,,,,
GRID_20.1_-144.0,20.08400836100821,-143.969121935135,,,,,,
GRID_20.1_-142.0,20.08400836100821,-141.969121935135,,,,,,
GRID_20.1_-140.0,20.08400836100821,-139.969121935135,,,,,,
GRID_20.1_-138.0,20.08400836100821,-137.969121935135,,,,,,
GRID_20.1_-136.0,20.08400836100821,-135.969121935135,,,,,,
GRID_20.1_-134.0,20.08400836100821,-133.969121935135,,,,,,
GRID_20.1_-132.0,20.08400836100821,-131.969121935135,,,,,,
GRID_20.1_-130.0,20.08400836100821,-129.969121935135,,,,,,
GRID_20.1_-128.0,20.08400836100821,-127.96912193513501,,,,,,
GRID_20.1_-126.0,20.08400836100821,-125.96912193513501,,,,,,
GRID_20.1_-124.0,20.08400836100821,-123.96912193513501,,,,,,
GRID_20.1_-122.0,20.08400836100821,-121.96912193513501,,,,,,
GRID_20.1_-120.0,20.08400836100821,-119.96912193513501,,,,,,
GRID_20.1_-118.0,20.08400836100821,-117.96912193513501,,,,,,
GRID_20.1_-116.0,20.08400836100821,-115.96912193513501,,,,,,
GRID_20.1_-114.0,20.08400836100821,-113.96912193513501,,,,,,
GRID_20.1_-112.0,20.08400836100821,-111.96912193513501,,,,,,
GRID_20.1_-110.0,20.08400836100821,-109.96912193513501,,,,,,
GRID_20.1_-108.0,20.08400836100821,-107.96912193513501,,,,,,
GRID_20.1_-106.0,20.08400836100821,-105.96912193513501,,,,,,
GRID_20.1_-104.0,20.08400836100821,-103.96912193513501,,,,,,
GRID_20.1_-102.0,20.08400836100821,-101.96912193513501,,,,,,
GRID_20.1_-100.0,20.08400836100821,-99.96912193513501,,,,,,
GRID_20.1_-98.0,20.08400836100821,-97.96912193513501,,,,,,
GRID_20.1_-96.0,20.08400836100821,-95.96912193513501,,,,,,
GRID_20.1_-94.0,20.08400836100821,-93.96912193513501,,,,,,
GRID_20.1_-92.0,20.08400836100821,-91.96912193513501,,,,,,
GRID_20.1_-90.0,20.08400836100821,-89.96912193513501,,,,,,
GRID_20.1_-88.0,20.08400836100821,-87.96912193513501,,,,,,
GRID_20.1_-86.0,20.08400836100821,-85.96912193513501,,,,,,
GRID_20.1_-84.0,20.08400836100821,-83.96912193513501,,,,,,
GRID_20.1_-82.0,20.08400836100821,-81.96912193513501,,,,,,
GRID_20.1_-80.0,20.08400836100821,-79.96912193513501,,,,,,
GRID_20.1_-78.0,20.08400836100821,-77.96912193513501,,,,,,
GRID_20.1_-76.0,20.08400836100821,-75.96912193513501,,,,,,
GRID_20.1_-74.0,20.08400836100821,-73.96912193513501,,,,,,
GRID_20.1_-72.0,20.08400836100821,-71.96912193513501,,,,,,
GRID_20.1_-70.0,20.08400836100821,-69.96912193513501,,,,,,
GRID_20.1_-68.0,20.08400836100821,-67.96912193513501,,,,,,
GRID_20.1_-66.0,20.08400836100821,-65.96912193513501,,,,,,
GRID_20.1_-64.0,20.08400836100821,-63.96912193513501,,,,,,
GRID_20.1_-62.0,20.08400836100821,-61.96912193513501,,,,,,
GRID_20.1_-60.0,20.08400836100821,-59.96912193513501,,,,,,
GRID_20.1_-58.0,20.08400836100821,-57.96912193513501,,,,,,
GRID_20.1_-56.0,20.08400836100821,-55.96912193513501,,,,,,
GRID_20.1_-54.0,20.08400836100821,-53.96912193513501,,,,,,
GRID_20.1_-52.0,20.08400836100821,-51.96912193513501,,,,,,
GRID_20.1_-50.0,20.08400836100821,-49.96912193513501,,,,,,
GRID_22.1_-180.0,22.08400836100821,-179.969121935135,,,,,,
GRID_22.1_-178.0,22.08400836100821,-177.969121935135,,,,,,
GRID_22.1_-176.0,22.08400836100821,-175.969121935135,,,,,,
GRID_22.1_-174.0,22.08400836100821,-173.969121935135,,,,,,
GRID_22.1_-172.0,22.08400836100821,-171.969121935135,,,,,,
GRID_22.1_-170.0,22.08400836100821,-169.969121935135,,,,,,
GRID_22.1_-168.0,22.08400836100821,-167.969121935135,,,,,,
GRID_22.1_-166.0,22.08400836100821,-165.969121935135,,,,,,
GRID_22.1_-164.0,22.08400836100821,-163.969121935135,,,,,,
GRID_22.1_-162.0,22.08400836100821,-161.969121935135,,,,,,
GRID_22.1_-160.0,22.08400836100821,-159.969121935135,,,,,,
GRID_22.1_-158.0,22.08400836100821,-157.969121935135,,,,,,
GRID_22.1_-156.0,22.08400836100821,-155.969121935135,,,,,,
GRID_22.1_-154.0,22.08400836100821,-153.969121935135,,,,,,
GRID_22.1_-152.0,22.08400836100821,-151.969121935135,,,,,,
GRID_22.1_-150.0,22.08400836100821,-149.969121935135,,,,,,
GRID_22.1_-148.0,22.08400836100821,-147.969121935135,,,,,,
GRID_22.1_-146.0,22.08400836100821,-145.969121935135,,,,,,
GRID_22.1_-144.0,22.08400836100821,-143.969121935135,,,,,,
GRID_22.1_-142.0,22.08400836100821,-141.969121935135,,,,,,
GRID_22.1_-140.0,22.08400836100821,-139.969121935135,,,,,,
GRID_22.1_-138.0,22.08400836100821,-137.969121935135,,,,,,
GRID_22.1_-136.0,22.08400836100821,-135.969121935135,,,,,,
GRID_22.1_-134.0,22.08400836100821,-133.969121935135,,,,,,
GRID_22.1_-132.0,22.08400836100821,-131.969121935135,,,,,,
GRID_22.1_-130.0,22.08400836100821,-129.969121935135,,,,,,
GRID_22.1_-128.0,22.08400836100821,-127.96912193513501,,,,,,
GRID_22.1_-126.0,22.08400836100821,-125.96912193513501,,,,,,
GRID_22.1_-124.0,22.08400836100821,-123.96912193513501,,,,,,
GRID_22.1_-122.0,22.08400836100821,-121.96912193513501,,,,,,
GRID_22.1_-120.0,22.08400836100821,-119.96912193513501,,,,,,
GRID_22.1_-118.0,22.08400836100821,-117.96912193513501,,,,,,
GRID_22.1_-116.0,22.08400836100821,-115.96912193513501,,,,,,
GRID_22.1_-114.0,22.08400836100821,-113.96912193513501,,,,,,
GRID_22.1_-112.0,22.08400836100821,-111.96912193513501,,,,,,
GRID_22.1_-110.0,22.08400836100821,-109.96912193513501,,,,,,
GRID_22.1_-108.0,22.08400836100821,-107.96912193513501,,,,,,
GRID_22.1_-106.0,22.08400836100821,-105.96912193513501,,,,,,
GRID_22.1_-104.0,22.08400836100821,-103.96912193513501,,,,,,
GRID_22.1_-102.0,22.08400836100821,-101.96912193513501,,,,,,
GRID_22.1_-100.0,22.08400836100821,-99.96912193513501,,,,,,
GRID_22.1_-98.0,22.08400836100821,-97.96912193513501,,,,,,
GRID_22.1_-96.0,22.08400836100821,-95.96912193513501,,,,,,
GRID_22.1_-94.0,22.08400836100821,-93.96912193513501,,,,,,
GRID_22.1_-92.0,22.08400836100821,-91.96912193513501,,,,,,
GRID_22.1_-90.0,22.08400836100821,-89.96912193513501,,,,,,
GRID_22.1_-88.0,22.08400836100821,-87.96912193513501,,,,,,
GRID_22.1_-86.0,22.08400836100821,-85.96912193513501,,,,,,
GRID_22.1_-84.0,22.08400836100821,-83.96912193513501,,,,,,
GRID_22.1_-82.0,22.08400836100821,-81.96912193513501,,,,,,
GRID_22.1_-80.0,22.08400836100821,-79.96912193513501,,,,,,
GRID_22.1_-78.0,22.08400836100821,-77.96912193513501,,,,,,
GRID_22.1_-76.0,22.08400836100821,-75.96912193513501,,,,,,
GRID_22.1_-74.0,22.08400836100821,-73.96912193513501,,,,,,
GRID_22.1_-72.0,22.08400836100821,-71.96912193513501,,,,,,
GRID_22.1_-70.0,22.08400836100821,-69.96912193513501,,,,,,
GRID_22.1_-68.0,22.08400836100821,-67.96912193513501,,,,,,
GRID_22.1_-66.0,22.08400836100821,-65.96912193513501,,,,,,
GRID_22.1_-64.0,22.08400836100821,-63.96912193513501,,,,,,
GRID_22.1_-62.0,22.08400836100821,-61.96912193513501,,,,,,
GRID_22.1_-60.0,22.08400836100821,-59.96912193513501,,,,,,
GRID_22.1_-58.0,22.08400836100821,-57.96912193513501,,,,,,
GRID_22.1_-56.0,22.08400836100821,-55.96912193513501,,,,,,
GRID_22.1_-54.0,22.08400836100821,-53.96912193513501,,,,,,
GRID_22.1_-52.0,22.08400836100821,-51.96912193513501,,,,,,
GRID_22.1_-50.0,22.08400836100821,-49.96912193513501,,,,,,
GRID_24.1_-180.0,24.08400836100821,-179.969121935135,,,,,,
GRID_24.1_-178.0,24.08400836100821,-177.969121935135,,,,,,
GRID_24.1_-176.0,24.08400836100821,-175.969121935135,,,,,,
GRID_24.1_-174.0,24.08400836100821,-173.969121935135,,,,,,
GRID_24.1_-172.0,24.08400836100821,-171.969121935135,,,,,,
GRID_24.1_-170.0,24.08400836100821,-169.969121935135,,,,,,
GRID_24.1_-168.0,24.08400836100821,-167.969121935135,,,,,,
GRID_24.1_-166.0,24.08400836100821,-165.969121935135,,,,,,
GRID_24.1_-164.0,24.08400836100821,-163.969121935135,,,,,,
GRID_24.1_-162.0,24.08400836100821,-161.969121935135,,,,,,
GRID_24.1_-160.0,24.08400836100821,-159.969121935135,,,,,,
GRID_24.1_-158.0,24.08400836100821,-157.969121935135,,,,,,
GRID_24.1_-156.0,24.08400836100821,-155.969121935135,,,,,,
GRID_24.1_-154.0,24.08400836100821,-153.969121935135,,,,,,
GRID_24.1_-152.0,24.08400836100821,-151.969121935135,,,,,,
GRID_24.1_-150.0,24.08400836100821,-149.969121935135,,,,,,
GRID_24.1_-148.0,24.08400836100821,-147.969121935135,,,,,,
GRID_24.1_-146.0,24.08400836100821,-145.969121935135,,,,,,
GRID_24.1_-144.0,24.08400836100821,-143.969121935135,,,,,,
GRID_24.1_-142.0,24.08400836100821,-141.969121935135,,,,,,
GRID_24.1_-140.0,24.08400836100821,-139.969121935135,,,,,,
GRID_24.1_-138.0,24.08400836100821,-137.969121935135,,,,,,
GRID_24.1_-136.0,24.08400836100821,-135.969121935135,,,,,,
GRID_24.1_-134.0,24.08400836100821,-133.969121935135,,,,,,
GRID_24.1_-132.0,24.08400836100821,-131.969121935135,,,,,,
GRID_24.1_-130.0,24.08400836100821,-129.969121935135,,,,,,
GRID_24.1_-128.0,24.08400836100821,-127.96912193513501,,,,,,
GRID_24.1_-126.0,24.08400836100821,-125.96912193513501,,,,,,
GRID_24.1_-124.0,24.08400836100821,-123.96912193513501,,,,,,
GRID_24.1_-122.0,24.08400836100821,-121.96912193513501,,,,,,
GRID_24.1_-120.0,24.08400836100821,-119.96912193513501,,,,,,
GRID_24.1_-118.0,24.08400836100821,-117.96912193513501,,,,,,
GRID_24.1_-116.0,24.08400836100821,-115.96912193513501,,,,,,
GRID_24.1_-114.0,24.08400836100821,-113.96912193513501,,,,,,
GRID_24.1_-112.0,24.08400836100821,-111.96912193513501,,,,,,
GRID_24.1_-110.0,24.08400836100821,-109.96912193513501,,,,,,
GRID_24.1_-108.0,24.08400836100821,-107.96912193513501,,,,,,
GRID_24.1_-106.0,24.08400836100821,-105.96912193513501,,,,,,
GRID_24.1_-104.0,24.08400836100821,-103.96912193513501,,,,,,
GRID_24.1_-102.0,24.08400836100821,-101.96912193513501,,,,,,
GRID_24.1_-100.0,24.08400836100821,-99.96912193513501,,,,,,
GRID_24.1_-98.0,24.08400836100821,-97.96912193513501,,,,,,
GRID_24.1_-96.0,24.08400836100821,-95.96912193513501,,,,,,
GRID_24.1_-94.0,24.08400836100821,-93.96912193513501,,,,,,
GRID_24.1_-92.0,24.08400836100821,-91.96912193513501,,,,,,
GRID_24.1_-90.0,24.08400836100821,-89.96912193513501,,,,,,
GRID_24.1_-88.0,24.08400836100821,-87.96912193513501,,,,,,
GRID_24.1_-86.0,24.08400836100821,-85.96912193513501,,,,,,
GRID_24.1_-84.0,24.08400836100821,-83.96912193513501,,,,,,
GRID_24.1_-82.0,24.08400836100821,-81.96912193513501,,,,,,
GRID_24.1_-80.0,24.08400836100821,-79.96912193513501,3420008.2623434695,1.0,254.51535249257736,1.0,,
GRID_24.1_-78.0,24.08400836100821,-77.96912193513501,,,,,,
GRID_24.1_-76.0,24.08400836100821,-75.96912193513501,,,,,,
GRID_24.1_-74.0,24.08400836100821,-73.96912193513501,,,,,,
GRID_24.1_-72.0,24.08400836100821,-71.96912193513501,,,,,,
GRID_24.1_-70.0,24.08400836100821,-69.96912193513501,,,,,,
GRID_24.1_-68.0,24.08400836100821,-67.96912193513501,,,,,,
GRID_24.1_-66.0,24.08400836100821,-65.96912193513501,,,,,,
GRID_24.1_-64.0,24.08400836100821,-63.96912193513501,,,,,,
GRID_24.1_-62.0,24.08400836100821,-61.96912193513501,,,,,,
GRID_24.1_-60.0,24.08400836100821,-59.96912193513501,,,,,,
GRID_24.1_-58.0,24.08400836100821,-57.96912193513501,,,,,,
GRID_24.1_-56.0,24.08400836100821,-55.96912193513501,,,,,,
GRID_24.1_-54.0,24.08400836100821,-53.96912193513501,,,,,,
GRID_24.1_-52.0,24.08400836100821,-51.96912193513501,,,,,,
GRID_24.1_-50.0,24.08400836100821,-49.96912193513501,,,,,,
GRID_26.1_-180.0,26.08400836100821,-179.969121935135,,,,,,
GRID_26.1_-178.0,26.08400836100821,-177.969121935135,,,,,,
GRID_26.1_-176.0,26.08400836100821,-175.969121935135,,,,,,
GRID_26.1_-174.0,26.08400836100821,-173.969121935135,,,,,,
GRID_26.1_-172.0,26.08400836100821,-171.969121935135,,,,,,
GRID_26.1_-170.0,26.08400836100821,-169.969121935135,,,,,,
GRID_26.1_-168.0,26.08400836100821,-167.969121935135,,,,,,
GRID_26.1_-166.0,26.08400836100821,-165.969121935135,,,,,,
GRID_26.1_-164.0,26.08400836100821,-163.969121935135,,,,,,
GRID_26.1_-162.0,26.08400836100821,-161.969121935135,,,,,,
GRID_26.1_-160.0,26.08400836100821,-159.969121935135,,,,,,
GRID_26.1_-158.0,26.08400836100821,-157.969121935135,,,,,,
GRID_26.1_-156.0,26.08400836100821,-155.969121935135,,,,,,
GRID_26.1_-154.0,26.08400836100821,-153.969121935135,,,,,,
GRID_26.1_-152.0,26.08400836100821,-151.969121935135,,,,,,
GRID_26.1_-150.0,26.08400836100821,-149.969121935135,,,,,,
GRID_26.1_-148.0,26.08400836100821,-147.969121935135,,,,,,
GRID_26.1_-146.0,26.08400836100821,-145.969121935135,,,,,,
GRID_26.1_-144.0,26.08400836100821,-143.969121935135,,,,,,
GRID_26.1_-142.0,26.08400836100821,-141.969121935135,,,,,,
GRID_26.1_-140.0,26.08400836100821,-139.969121935135,,,,,,
GRID_26.1_-138.0,26.08400836100821,-137.969121935135,,,,,,
GRID_26.1_-136.0,26.08400836100821,-135.969121935135,,,,,,
GRID_26.1_-134.0,26.08400836100821,-133.969121935135,,,,,,
GRID_26.1_-132.0,26.08400836100821,-131.969121935135,,,,,,
GRID_26.1_-130.0,26.08400836100821,-129.969121935135,,,,,,
GRID_26.1_-128.0,26.08400836100821,-127.96912193513501,,,,,,
GRID_26.1_-126.0,26.08400836100821,-125.96912193513501,,,,,,
GRID_26.1_-124.0,26.08400836100821,-123.96912193513501,,,,,,
GRID_26.1_-122.0,26.08400836100821,-121.96912193513501,,,,,,
GRID_26.1_-120.0,26.08400836100821,-119.96912193513501,,,,,,
GRID_26.1_-118.0,26.08400836100821,-117.96912193513501,,,,,,
GRID_26.1_-116.0,26.08400836100821,-115.96912193513501,,,,,,
GRID_26.1_-114.0,26.08400836100821,-113.96912193513501,,,,,,
GRID_26.1_-112.0,26.08400836100821,-111.96912193513501,,,,,,
GRID_26.1_-110.0,26.08400836100821,-109.96912193513501,,,,,,
GRID_26.1_-108.0,26.08400836100821,-107.96912193513501,,,,,,
GRID_26.1_-106.0,26.08400836100821,-105.96912193513501,,,,,,
GRID_26.1_-104.0,26.08400836100821,-103.96912193513501,,,,,,
GRID_26.1_-102.0,26.08400836100821,-101.96912193513501,,,,,,
GRID_26.1_-100.0,26.08400836100821,-99.96912193513501,,,,,,
GRID_26.1_-98.0,26.08400836100821,-97.96912193513501,,,,,,
GRID_26.1_-96.0,26.08400836100821,-95.96912193513501,,,,,,
GRID_26.1_-94.0,26.08400836100821,-93.96912193513501,,,,,,
GRID_26.1_-92.0,26.08400836100821,-91.96912193513501,,,,,,
GRID_26.1_-90.0,26.08400836100821,-89.96912193513501,,,,,,
GRID_26.1_-88.0,26.08400836100821,-87.96912193513501,,,,,,
GRID_26.1_-86.0,26.08400836100821,-85.96912193513501,,,,,,
GRID_26.1_-84.0,26.08400836100821,-83.96912193513501,,,,,,
GRID_26.1_-82.0,26.08400836100821,-81.96912193513501,,,,,,
GRID_26.1_-80.0,26.08400836100821,-79.96912193513501,,,,,,
GRID_26.1_-78.0,26.08400836100821,-77.96912193513501,,,,,,
GRID_26.1_-76.0,26.08400836100821,-75.96912193513501,,,,,,
GRID_26.1_-74.0,26.08400836100821,-73.96912193513501,,,,,,
GRID_26.1_-72.0,26.08400836100821,-71.96912193513501,,,,,,
GRID_26.1_-70.0,26.08400836100821,-69.96912193513501,,,,,,
GRID_26.1_-68.0,26.08400836100821,-67.96912193513501,,,,,,
GRID_26.1_-66.0,26.08400836100821,-65.96912193513501,,,,,,
GRID_26.1_-64.0,26.08400836100821,-63.96912193513501,,,,,,
GRID_26.1_-62.0,26.08400836100821,-61.96912193513501,,,,,,
GRID_26.1_-60.0,26.08400836100821,-59.96912193513501,,,,,,
GRID_26.1_-58.0,26.08400836100821,-57.96912193513501,,,,,,
GRID_26.1_-56.0,26.08400836100821,-55.96912193513501,,,,,,
GRID_26.1_-54.0,26.08400836100821,-53.96912193513501,,,,,,
GRID_26.1_-52.0,26.08400836100821,-51.96912193513501,,,,,,
GRID_26.1_-50.0,26.08400836100821,-49.96912193513501,,,,,,
GRID_28.1_-180.0,28.08400836100821,-179.969121935135,,,,,,
GRID_28.1_-178.0,28.08400836100821,-177.969121935135,,,,,,
GRID_28.1_-176.0,28.08400836100821,-175.969121935135,,,,,,
GRID_28.1_-174.0,28.08400836100821,-173.969121935135,,,,,,
GRID_28.1_-172.0,28.08400836100821,-171.969121935135,,,,,,
GRID_28.1_-170.0,28.08400836100821,-169.969121935135,,,,,,
GRID_28.1_-168.0,28.08400836100821,-167.969121935135,,,,,,
GRID_28.1_-166.0,28.08400836100821,-165.969121935135,,,,,,
GRID_28.1_-164.0,28.08400836100821,-163.969121935135,,,,,,
GRID_28.1_-162.0,28.08400836100821,-161.969121935135,,,,,,
GRID_28.1_-160.0,28.08400836100821,-159.969121935135,,,,,,
GRID_28.1_-158.0,28.08400836100821,-157.969121935135,,,,,,
GRID_28.1_-156.0,28.08400836100821,-155.969121935135,,,,,,
GRID_28.1_-154.0,28.08400836100821,-153.969121935135,,,,,,
GRID_28.1_-152.0,28.08400836100821,-151.969121935135,,,,,,
GRID_28.1_-150.0,28.08400836100821,-149.969121935135,,,,,,
GRID_28.1_-148.0,28.08400836100821,-147.969121935135,,,,,,
GRID_28.1_-146.0,28.08400836100821,-145.969121935135,,,,,,
GRID_28.1_-144.0,28.08400836100821,-143.969121935135,,,,,,
GRID_28.1_-142.0,28.08400836100821,-141.969121935135,,,,,,
GRID_28.1_-140.0,28.08400836100821,-139.969121935135,,,,,,
GRID_28.1_-138.0,28.08400836100821,-137.969121935135,,,,,,
GRID_28.1_-136.0,28.08400836100821,-135.969121935135,,,,,,
GRID_28.1_-134.0,28.08400836100821,-133.969121935135,,,,,,
GRID_28.1_-132.0,28.08400836100821,-131.969121935135,,,,,0.0917045598528608,1.0
GRID_28.1_-130.0,28.08400836100821,-129.969121935135,,,,,,
GRID_28.1_-128.0,28.08400836100821,-127.96912193513501,,,,,,
GRID_28.1_-126.0,28.08400836100821,-125.96912193513501,,,,,,
GRID_28.1_-124.0,28.08400836100821,-123.96912193513501,,,,,,
GRID_28.1_-122.0,28.08400836100821,-121.96912193513501,,,,,,
GRID_28.1_-120.0,28.08400836100821,-119.96912193513501,,,,,,
GRID_28.1_-118.0,28.08400836100821,-117.96912193513501,,,,,,
GRID_28.1_-116.0,28.08400836100821,-115.96912193513501,,,,,,
GRID_28.1_-114.0,28.08400836100821,-113.96912193513501,,,,,,
GRID_28.1_-112.0,28.08400836100821,-111.96912193513501,,,,,,
GRID_28.1_-110.0,28.08400836100821,-109.96912193513501,,,,,,
GRID_28.1_-108.0,28.08400836100821,-107.96912193513501,,,,,,
GRID_28.1_-106.0,28.08400836100821,-105.96912193513501,,,,,,
GRID_28.1_-104.0,28.08400836100821,-103.96912193513501,,,,,,
GRID_28.1_-102.0,28.08400836100821,-101.96912193513501,,,,,,
GRID_28.1_-100.0,28.08400836100821,-99.96912193513501,,,,,,
GRID_28.1_-98.0,28.08400836100821,-97.96912193513501,,,,,,
GRID_28.1_-96.0,28.08400836100821,-95.96912193513501,,,,,,
GRID_28.1_-94.0,28.08400836100821,-93.96912193513501,,,,,,
GRID_28.1_-92.0,28.08400836100821,-91.96912193513501,,,,,,
GRID_28.1_-90.0,28.08400836100821,-89.96912193513501,,,,,,
GRID_28.1_-88.0,28.08400836100821,-87.96912193513501,,,,,,
GRID_28.1_-86.0,28.08400836100821,-85.96912193513501,,,,,,
GRID_28.1_-84.0,28.08400836100821,-83.96912193513501,,,,,,
GRID_28.1_-82.0,28.08400836100821,-81.96912193513501,,,,,,
GRID_28.1_-80.0,28.08400836100821,-79.96912193513501,,,,,,
GRID_28.1_-78.0,28.08400836100821,-77.96912193513501,,,,,,
GRID_28.1_-76.0,28.08400836100821,-75.96912193513501,,,,,,
GRID_28.1_-74.0,28.08400836100821,-73.96912193513501,,,,,,
GRID_28.1_-72.0,28.08400836100821,-71.96912193513501,,,,,,
GRID_28.1_-70.0,28.08400836100821,-69.96912193513501,,,,,,
GRID_28.1_-68.0,28.08400836100821,-67.96912193513501,,,,,,
GRID_28.1_-66.0,28.08400836100821,-65.96912193513501,,,,,,
GRID_28.1_-64.0,28.08400836100821,-63.96912193513501,,,,,,
GRID_28.1_-62.0,28.08400836100821,-61.96912193513501,,,,,,
GRID_28.1_-60.0,28.08400836100821,-59.96912193513501,,,,,,
GRID_28.1_-58.0,28.08400836100821,-57.96912193513501,,,,,,
GRID_28.1_-56.0,28.08400836100821,-55.96912193513501,,,,,,
GRID_28.1_-54.0,28.08400836100821,-53.96912193513501,,,,,,
GRID_28.1_-52.0,28.08400836100821,-51.96912193513501,,,,,,
GRID_28.1_-50.0,28.08400836100821,-49.96912193513501,,,,,,
GRID_30.1_-180.0,30.08400836100821,-179.969121935135,,,,,,
GRID_30.1_-178.0,30.08400836100821,-177.969121935135,,,,,,
GRID_30.1_-176.0,30.08400836100821,-175.969121935135,,,,,,
GRID_30.1_-174.0,30.08400836100821,-173.969121935135,6901191.553868508,1.0,324.72046436249144,1.0,,
GRID_30.1_-172.0,30.08400836100821,-171.969121935135,,,,,,
GRID_30.1_-170.0,30.08400836100821,-169.969121935135,,,,,,
GRID_30.1_-168.0,30.08400836100821,-167.969121935135,,,,,,
GRID_30.1_-166.0,30.08400836100821,-165.969121935135,,,,,,
GRID_30.1_-164.0,30.08400836100821,-163.969121935135,,,,,,
GRID_30.1_-162.0,30.08400836100821,-161.969121935135,,,,,,
GRID_30.1_-160.0,30.08400836100821,-159.969121935135,,,,,,
GRID_30.1_-158.0,30.08400836100821,-157.969121935135,,,,,,
GRID_30.1_-156.0,30.08400836100821,-155.969121935135,,,,,,
GRID_30.1_-154.0,30.08400836100821,-153.969121935135,,,,,,
GRID_30.1_-152.0,30.08400836100821,-151.969121935135,,,,,,
GRID_30.1_-150.0,30.08400836100821,-149.969121935135,,,,,,
GRID_30.1_-148.0,30.08400836100821,-147.969121935135,,,,,,
GRID_30.1_-146.0,30.08400836100821,-145.969121935135,,,,,,
GRID_30.1_-144.0,30.08400836100821,-143.969121935135,,,,,,
GRID_30.1_-142.0,30.08400836100821,-141.969121935135,,,,,,
GRID_30.1_-140.0,30.08400836100821,-139.969121935135,,,,,,
GRID_30.1_-138.0,30.08400836100821,-137.969121935135,,,,,,
GRID_30.1_-136.0,30.08400836100821,-135.969121935135,,,,,,
GRID_30.1_-134.0,30.08400836100821,-133.969121935135,,,,,,
GRID_30.1_-132.0,30.08400836100821,-131.969121935135,,,,,,
GRID_30.1_-130.0,30.08400836100821,-129.969121935135,,,,,,
GRID_30.1_-128.0,30.08400836100821,-127.96912193513501,,,,,,
GRID_30.1_-126.0,30.08400836100821,-125.96912193513501,,,,,,
GRID_30.1_-124.0,30.08400836100821,-123.96912193513501,,,,,,
GRID_30.1_-122.0,30.08400836100821,-121.96912193513501,,,,,,
GRID_30.1_-120.0,30.08400836100821,-119.96912193513501,,,,,,
GRID_30.1_-118.0,30.08400836100821,-117.96912193513501,,,,,,
GRID_30.1_-116.0,30.08400836100821,-115.96912193513501,,,,,,
GRID_30.1_-114.0,30.08400836100821,-113.96912193513501,,,,,,
GRID_30.1_-112.0,30.08400836100821,-111.96912193513501,,,,,,
GRID_30.1_-110.0,30.08400836100821,-109.96912193513501,,,,,,
GRID_30.1_-108.0,30.08400836100821,-107.96912193513501,,,,,,
GRID_30.1_-106.0,30.08400836100821,-105.96912193513501,,,,,,
GRID_30.1_-104.0,30.08400836100821,-103.96912193513501,,,,,,
GRID_30.1_-102.0,30.08400836100821,-101.96912193513501,,,,,,
GRID_30.1_-100.0,30.08400836100821,-99.96912193513501,,,,,,
GRID_30.1_-98.0,30.08400836100821,-97.96912193513501,,,,,,
GRID_30.1_-96.0,30.08400836100821,-95.96912193513501,,,,,,
GRID_30.1_-94.0,30.08400836100821,-93.96912193513501,,,,,,
GRID_30.1_-92.0,30.08400836100821,-91.96912193513501,,,,,,
GRID_30.1_-90.0,30.08400836100821,-89.96912193513501,,,,,,
GRID_30.1_-88.0,30.08400836100821,-87.96912193513501,,,,,,
GRID_30.1_-86.0,30.08400836100821,-85.96912193513501,,,,,,
GRID_30.1_-84.0,30.08400836100821,-83.96912193513501,,,,,,
GRID_30.1_-82.0,30.08400836100821,-81.96912193513501,,,,,,
GRID_30.1_-80.0,30.08400836100821,-79.96912193513501,,,,,,
GRID_30.1_-78.0,30.08400836100821,-77.96912193513501,,,,,,
GRID_30.1_-76.0,30.08400836100821,-75.96912193513501,,,,,,
GRID_30.1_-74.0,30.08400836100821,-73.96912193513501,,,,,,
GRID_30.1_-72.0,30.08400836100821,-71.96912193513501,,,,,,
GRID_30.1_-70.0,30.08400836100821,-69.96912193513501,,,,,,
GRID_30.1_-68.0,30.08400836100821,-67.96912193513501,,,,,,
GRID_30.1_-66.0,30.08400836100821,-65.96912193513501,,,,,,
GRID_30.1_-64.0,30.08400836100821,-63.96912193513501,,,,,,
GRID_30.1_-62.0,30.08400836100821,-61.96912193513501,,,,,,
GRID_30.1_-60.0,30.08400836100821,-59.96912193513501,,,,,,
GRID_30.1_-58.0,30.08400836100821,-57.96912193513501,,,,,,
GRID_30.1_-56.0,30.08400836100821,-55.96912193513501,,,,,,
GRID_30.1_-54.0,30.08400836100821,-53.96912193513501,,,,,,
GRID_30.1_-52.0,30.08400836100821,-51.96912193513501,,,,,,
GRID_30.1_-50.0,30.08400836100821,-49.96912193513501,,,,,,
GRID_32.1_-180.0,32.08400836100821,-179.969121935135,,,,,,
GRID_32.1_-178.0,32.08400836100821,-177.969121935135,,,,,,
GRID_32.1_-176.0,32.08400836100821,-175.969121935135,,,,,,
GRID_32.1_-174.0,32.08400836100821,-173.969121935135,,,,,,
GRID_32.1_-172.0,32.08400836100821,-171.969121935135,,,,,,
GRID_32.1_-170.0,32.08400836100821,-169.969121935135,,,,,,
GRID_32.1_-168.0,32.08400836100821,-167.969121935135,,,,,,
GRID_32.1_-166.0,32.08400836100821,-165.969121935135,,,,,,
GRID_32.1_-164.0,32.08400836100821,-163.969121935135,,,,,,
GRID_32.1_-162.0,32.08400836100821,-161.969121935135,,,,,,
GRID_32.1_-160.0,32.08400836100821,-159.969121935135,,,,,,
GRID_32.1_-158.0,32.08400836100821,-157.969121935135,,,,,,
GRID_32.1_-156.0,32.08400836100821,-155.969121935135,,,,,,
GRID_32.1_-154.0,32.08400836100821,-153.969121935135,,,,,,
GRID_32.1_-152.0,32.08400836100821,-151.969121935135,,,,,,
GRID_32.1_-150.0,32.08400836100821,-149.969121935135,,,,,,
GRID_32.1_-148.0,32.08400836100821,-147.969121935135,,,,,,
GRID_32.1_-146.0,32.08400836100821,-145.969121935135,,,,,,
GRID_32.1_-144.0,32.08400836100821,-143.969121935135,,,,,,
GRID_32.1_-142.0,32.08400836100821,-141.969121935135,,,,,,
GRID_32.1_-140.0,32.08400836100821,-139.969121935135,,,,,,
GRID_32.1_-138.0,32.08400836100821,-137.969121935135,,,,,,
GRID_32.1_-136.0,32.08400836100821,-135.969121935135,,,,,,
GRID_32.1_-134.0,32.08400836100821,-133.969121935135,,,,,,
GRID_32.1_-132.0,32.08400836100821,-131.969121935135,,,,,,
GRID_32.1_-130.0,32.08400836100821,-129.969121935135,,,,,,
GRID_32.1_-128.0,32.08400836100821,-127.96912193513501,,,,,,
GRID_32.1_-126.0,32.08400836100821,-125.96912193513501,,,,,,
GRID_32.1_-124.0,32.08400836100821,-123.96912193513501,,,,,,
GRID_32.1_-122.0,32.08400836100821,-121.96912193513501,,,,,,
GRID_32.1_-120.0,32.08400836100821,-119.96912193513501,,,,,,
GRID_32.1_-118.0,32.08400836100821,-117.96912193513501,,,,,,
GRID_32.1_-116.0,32.08400836100821,-115.96912193513501,,,,,,
GRID_32.1_-114.0,32.08400836100821,-113.96912193513501,,,,,,
GRID_32.1_-112.0,32.08400836100821,-111.96912193513501,,,,,,
GRID_32.1_-110.0,32.08400836100821,-109.96912193513501,,,,,,
GRID_32.1_-108.0,32.08400836100821,-107.96912193513501,,,,,,
GRID_32.1_-106.0,32.08400836100821,-105.96912193513501,,,,,,
GRID_32.1_-104.0,32.08400836100821,-103.96912193513501,,,,,,
GRID_32.1_-102.0,32.08400836100821,-101.96912193513501,,,,,,
GRID_32.1_-100.0,32.08400836100821,-99.96912193513501,,,,,,
GRID_32.1_-98.0,32.08400836100821,-97.96912193513501,,,,,,
GRID_32.1_-96.0,32.08400836100821,-95.96912193513501,,,,,,
GRID_32.1_-94.0,32.08400836100821,-93.96912193513501,,,,,,
GRID_32.1_-92.0,32.08400836100821,-91.96912193513501,,,,,,
GRID_32.1_-90.0,32.08400836100821,-89.96912193513501,,,,,,
GRID_32.1_-88.0,32.08400836100821,-87.96912193513501,,,,,,
GRID_32.1_-86.0,32.08400836100821,-85.96912193513501,,,,,,
GRID_32.1_-84.0,32.08400836100821,-83.96912193513501,,,,,,
GRID_32.1_-82.0,32.08400836100821,-81.96912193513501,,,,,,
GRID_32.1_-80.0,32.08400836100821,-79.96912193513501,,,,,,
GRID_32.1_-78.0,32.08400836100821,-77.96912193513501,,,,,,
GRID_32.1_-76.0,32.08400836100821,-75.96912193513501,,,,,,
GRID_32.1_-74.0,32.08400836100821,-73.96912193513501,,,,,,
GRID_32.1_-72.0,32.08400836100821,-71.96912193513501,,,,,,
GRID_32.1_-70.0,32.08400836100821,-69.96912193513501,,,,,,
GRID_32.1_-68.0,32.08400836100821,-67.96912193513501,,,,,,
GRID_32.1_-66.0,32.08400836100821,-65.96912193513501,,,,,,
GRID_32.1_-64.0,32.08400836100821,-63.96912193513501,,,,,,
GRID_32.1_-62.0,32.08400836100821,-61.96912193513501,,,,,,
GRID_32.1_-60.0,32.08400836100821,-59.96912193513501,,,,,,
GRID_32.1_-58.0,32.08400836100821,-57.96912193513501,,,,,,
GRID_32.1_-56.0,32.08400836100821,-55.96912193513501,,,,,,
GRID_32.1_-54.0,32.08400836100821,-53.96912193513501,,,,,,
GRID_32.1_-52.0,32.08400836100821,-51.96912193513501,,,,,,
GRID_32.1_-50.0,32.08400836100821,-49.96912193513501,,,,,,
GRID_34.1_-180.0,34.08400836100821,-179.969121935135,,,,,,
GRID_34.1_-178.0,34.08400836100821,-177.969121935135,,,,,,
GRID_34.1_-176.0,34.08400836100821,-175.969121935135,,,,,,
GRID_34.1_-174.0,34.08400836100821,-173.969121935135,,,,,,
GRID_34.1_-172.0,34.08400836100821,-171.969121935135,,,,,,
GRID_34.1_-170.0,34.08400836100821,-169.969121935135,,,,,,
GRID_34.1_-168.0,34.08400836100821,-167.969121935135,,,,,,
GRID_34.1_-166.0,34.08400836100821,-165.969121935135,,,,,,
GRID_34.1_-164.0,34.08400836100821,-163.969121935135,,,,,,
GRID_34.1_-162.0,34.08400836100821,-161.969121935135,,,,,,
GRID_34.1_-160.0,34.08400836100821,-159.969121935135,,,,,,
GRID_34.1_-158.0,34.08400836100821,-157.969121935135,,,,,,
GRID_34.1_-156.0,34.08400836100821,-155.969121935135,,,,,,
GRID_34.1_-154.0,34.08400836100821,-153.969121935135,,,,,,
GRID_34.1_-152.0,34.08400836100821,-151.969121935135,,,,,,
GRID_34.1_-150.0,34.08400836100821,-149.969121935135,,,,,,
GRID_34.1_-148.0,34.08400836100821,-147.969121935135,,,,,,
GRID_34.1_-146.0,34.08400836100821,-145.969121935135,,,,,,
GRID_34.1_-144.0,34.08400836100821,-143.969121935135,,,,,,
GRID_34.1_-142.0,34.08400836100821,-141.969121935135,,,,,,
GRID_34.1_-140.0,34.08400836100821,-139.969121935135,,,,,,
GRID_34.1_-138.0,34.08400836100821,-137.969121935135,,,,,,
GRID_34.1_-136.0,34.08400836100821,-135.969121935135,,,,,,
GRID_34.1_-134.0,34.08400836100821,-133.969121935135,,,,,,
GRID_34.1_-132.0,34.08400836100821,-131.969121935135,,,,,,
GRID_34.1_-130.0,34.08400836100821,-129.969121935135,,,,,,
GRID_34.1_-128.0,34.08400836100821,-127.96912193513501,,,,,,
GRID_34.1_-126.0,34.08400836100821,-125.96912193513501,,,,,,
GRID_34.1_-124.0,34.08400836100821,-123.96912193513501,,,,,,
GRID_34.1_-122.0,34.08400836100821,-121.96912193513501,,,,,,
GRID_34.1_-120.0,34.08400836100821,-119.96912193513501,,,,,,
GRID_34.1_-118.0,34.08400836100821,-117.96912193513501,,,,,,
GRID_34.1_-116.0,34.08400836100821,-115.96912193513501,,,,,,
GRID_34.1_-114.0,34.08400836100821,-113.96912193513501,,,,,,
GRID_34.1_-112.0,34.08400836100821,-111.96912193513501,,,,,,
GRID_34.1_-110.0,34.08400836100821,-109.96912193513501,,,,,,
GRID_34.1_-108.0,34.08400836100821,-107.96912193513501,,,,,,
GRID_34.1_-106.0,34.08400836100821,-105.96912193513501,,,,,,
GRID_34.1_-104.0,34.08400836100821,-103.96912193513501,,,,,,
GRID_34.1_-102.0,34.08400836100821,-101.96912193513501,,,,,,
GRID_34.1_-100.0,34.08400836100821,-99.96912193513501,,,,,,
GRID_34.1_-98.0,34.08400836100821,-97.96912193513501,,,,,,
GRID_34.1_-96.0,34.08400836100821,-95.96912193513501,,,,,,
GRID_34.1_-94.0,34.08400836100821,-93.96912193513501,,,,,,
GRID_34.1_-92.0,34.08400836100821,-91.96912193513501,,,,,,
GRID_34.1_-90.0,34.08400836100821,-89.96912193513501,,,,,,
GRID_34.1_-88.0,34.08400836100821,-87.96912193513501,,,,,,
GRID_34.1_-86.0,34.08400836100821,-85.96912193513501,,,,,,
GRID_34.1_-84.0,34.08400836100821,-83.96912193513501,,,,,,
GRID_34.1_-82.0,34.08400836100821,-81.96912193513501,,,,,,
GRID_34.1_-80.0,34.08400836100821,-79.96912193513501,,,,,,
GRID_34.1_-78.0,34.08400836100821,-77.96912193513501,,,,,,
GRID_34.1_-76.0,34.08400836100821,-75.96912193513501,,,,,,
GRID_34.1_-74.0,34.08400836100821,-73.96912193513501,,,,,,
GRID_34.1_-72.0,34.08400836100821,-71.96912193513501,,,,,,
GRID_34.1_-70.0,34.08400836100821,-69.96912193513501,,,,,,
GRID_34.1_-68.0,34.08400836100821,-67.96912193513501,,,,,,
GRID_34.1_-66.0,34.08400836100821,-65.96912193513501,,,,,,
GRID_34.1_-64.0,34.08400836100821,-63.96912193513501,,,,,,
GRID_34.1_-62.0,34.08400836100821,-61.96912193513501,,,,,,
GRID_34.1_-60.0,34.08400836100821,-59.96912193513501,,,,,,
GRID_34.1_-58.0,34.08400836100821,-57.96912193513501,,,,,,
GRID_34.1_-56.0,34.08400836100821,-55.96912193513501,,,,,,
GRID_34.1_-54.0,34.08400836100821,-53.96912193513501,,,,,,
GRID_34.1_-52.0,34.08400836100821,-51.96912193513501,,,,,,
GRID_34.1_-50.0,34.08400836100821,-49.96912193513501,,,,,,
GRID_36.1_-180.0,36.08400836100821,-179.969121935135,,,,,,
GRID_36.1_-178.0,36.08400836100821,-177.969121935135,,,,,,
GRID_36.1_-176.0,36.08400836100821,-175.969121935135,,,,,,
GRID_36.1_-174.0,36.08400836100821,-173.969121935135,,,,,,
GRID_36.1_-172.0,36.08400836100821,-171.969121935135,,,,,,
GRID_36.1_-170.0,36.08400836100821,-169.969121935135,,,,,,
GRID_36.1_-168.0,36.08400836100821,-167.969121935135,,,,,,
GRID_36.1_-166.0,36.08400836100821,-165.969121935135,,,,,,
GRID_36.1_-164.0,36.08400836100821,-163.969121935135,,,,,,
GRID_36.1_-162.0,36.08400836100821,-161.969121935135,,,,,,
GRID_36.1_-160.0,36.08400836100821,-159.969121935135,,,,,,
GRID_36.1_-158.0,36.08400836100821,-157.969121935135,,,,,,
GRID_36.1_-156.0,36.08400836100821,-155.969121935135,,,,,,
GRID_36.1_-154.0,36.08400836100821,-153.969121935135,,,,,,
GRID_36.1_-152.0,36.08400836100821,-151.969121935135,,,,,,
GRID_36.1_-150.0,36.08400836100821,-149.969121935135,,,,,,
GRID_36.1_-148.0,36.08400836100821,-147.969121935135,,,,,,
GRID_36.1_-146.0,36.08400836100821,-145.969121935135,,,,,,
GRID_36.1_-144.0,36.08400836100821,-143.969121935135,,,,,,
GRID_36.1_-142.0,36.08400836100821,-141.969121935135,,,,,,
GRID_36.1_-140.0,36.08400836100821,-139.969121935135,,,,,,
GRID_36.1_-138.0,36.08400836100821,-137.969121935135,,,,,,
GRID_36.1_-136.0,36.08400836100821,-135.969121935135,,,,,,
GRID_36.1_-134.0,36.08400836100821,-133.969121935135,,,,,,
GRID_36.1_-132.0,36.08400836100821,-131.969121935135,,,,,,
GRID_36.1_-130.0,36.08400836100821,-129.969121935135,,,,,,
GRID_36.1_-128.0,36.08400836100821,-127.96912193513501,,,,,,
GRID_36.1_-126.0,36.08400836100821,-125.96912193513501,,,,,,
GRID_36.1_-124.0,36.08400836100821,-123.96912193513501,,,,,,
GRID_36.1_-122.0,36.08400836100821,-121.96912193513501,,,,,,
GRID_36.1_-120.0,36.08400836100821,-119.96912193513501,,,,,,
GRID_36.1_-118.0,36.08400836100821,-117.96912193513501,,,,,,
GRID_36.1_-116.0,36.08400836100821,-115.96912193513501,,,,,,
GRID_36.1_-114.0,36.08400836100821,-113.96912193513501,,,,,,
GRID_36.1_-112.0,36.08400836100821,-111.96912193513501,,,,,,
GRID_36.1_-110.0,36.08400836100821,-109.96912193513501,,,,,,
GRID_36.1_-108.0,36.08400836100821,-107.96912193513501,,,,,,
GRID_36.1_-106.0,36.08400836100821,-105.96912193513501,,,,,,
GRID_36.1_-104.0,36.08400836100821,-103.96912193513501,,,,,,
GRID_36.1_-102.0,36.08400836100821,-101.96912193513501,,,,,,
GRID_36.1_-100.0,36.08400836100821,-99.96912193513501,,,,,,
GRID_36.1_-98.0,36.08400836100821,-97.96912193513501,,,,,,
GRID_36.1_-96.0,36.08400836100821,-95.96912193513501,,,,,,
GRID_36.1_-94.0,36.08400836100821,-93.96912193513501,,,,,,
GRID_36.1_-92.0,36.08400836100821,-91.96912193513501,,,,,,
GRID_36.1_-90.0,36.08400836100821,-89.96912193513501,,,,,0.41988316281738935,1.0
GRID_36.1_-88.0,36.08400836100821,-87.96912193513501,,,,,,
GRID_36.1_-86.0,36.08400836100821,-85.96912193513501,,,,,,
GRID_36.1_-84.0,36.08400836100821,-83.96912193513501,,,,,,
GRID_36.1_-82.0,36.08400836100821,-81.96912193513501,,,,,,
GRID_36.1_-80.0,36.08400836100821,-79.96912193513501,,,,,,
GRID_36.1_-78.0,36.08400836100821,-77.96912193513501,,,,,,
GRID_36.1_-76.0,36.08400836100821,-75.96912193513501,,,,,,
GRID_36.1_-74.0,36.08400836100821,-73.96912193513501,,,,,,
GRID_36.1_-72.0,36.08400836100821,-71.96912193513501,,,,,,
GRID_36.1_-70.0,36.08400836100821,-69.96912193513501,,,,,,
GRID_36.1_-68.0,36.08400836100821,-67.96912193513501,,,,,,
GRID_36.1_-66.0,36.08400836100821,-65.96912193513501,,,,,,
GRID_36.1_-64.0,36.08400836100821,-63.96912193513501,,,,,,
GRID_36.1_-62.0,36.08400836100821,-61.96912193513501,,,,,,
GRID_36.1_-60.0,36.08400836100821,-59.96912193513501,,,,,,
GRID_36.1_-58.0,36.08400836100821,-57.96912193513501,,,,,,
GRID_36.1_-56.0,36.08400836100821,-55.96912193513501,,,,,,
GRID_36.1_-54.0,36.08400836100821,-53.96912193513501,,,,,,
GRID_36.1_-52.0,36.08400836100821,-51.96912193513501,,,,,,
GRID_36.1_-50.0,36.08400836100821,-49.96912193513501,,,,,,
GRID_38.1_-180.0,38.08400836100821,-179.969121935135,,,,,,
GRID_38.1_-178.0,38.08400836100821,-177.969121935135,,,,,,
GRID_38.1_-176.0,38.08400836100821,-175.969121935135,,,,,,
GRID_38.1_-174.0,38.08400836100821,-173.969121935135,,,,,,
GRID_38.1_-172.0,38.08400836100821,-171.969121935135,,,,,,
GRID_38.1_-170.0,38.08400836100821,-169.969121935135,,,,,,
GRID_38.1_-168.0,38.08400836100821,-167.969121935135,,,,,,
GRID_38.1_-166.0,38.08400836100821,-165.969121935135,,,,,,
GRID_38.1_-164.0,38.08400836100821,-163.969121935135,,,,,,
GRID_38.1_-162.0,38.08400836100821,-161.969121935135,,,,,,
GRID_38.1_-160.0,38.08400836100821,-159.969121935135,,,,,,
GRID_38.1_-158.0,38.08400836100821,-157.969121935135,,,,,,
GRID_38.1_-156.0,38.08400836100821,-155.969121935135,,,,,,
GRID_38.1_-154.0,38.08400836100821,-153.969121935135,,,,,,
GRID_38.1_-152.0,38.08400836100821,-151.969121935135,,,,,,
GRID_38.1_-150.0,38.08400836100821,-149.969121935135,,,,,,
GRID_38.1_-148.0,38.08400836100821,-147.969121935135,,,,,,
GRID_38.1_-146.0,38.08400836100821,-145.969121935135,,,,,,
GRID_38.1_-144.0,38.08400836100821,-143.969121935135,,,,,,
GRID_38.1_-142.0,38.08400836100821,-141.969121935135,,,,,,
GRID_38.1_-140.0,38.08400836100821,-139.969121935135,,,,,,
GRID_38.1_-138.0,38.08400836100821,-137.969121935135,,,,,,
GRID_38.1_-136.0,38.08400836100821,-135.969121935135,,,,,,
GRID_38.1_-134.0,38.08400836100821,-133.969121935135,,,,,,
GRID_38.1_-132.0,38.08400836100821,-131.969121935135,,,,,,
GRID_38.1_-130.0,38.08400836100821,-129.969121935135,,,,,,
GRID_38.1_-128.0,38.08400836100821,-127.96912193513501,,,,,,
GRID_38.1_-126.0,38.08400836100821,-125.96912193513501,,,,,,
GRID_38.1_-124.0,38.08400836100821,-123.96912193513501,,,,,,
GRID_38.1_-122.0,38.08400836100821,-121.96912193513501,,,,,,
GRID_38.1_-120.0,38.08400836100821,-119.96912193513501,,,,,,
GRID_38.1_-118.0,38.08400836100821,-117.96912193513501,,,,,,
GRID_38.1_-116.0,38.08400836100821,-115.96912193513501,,,,,,
GRID_38.1_-114.0,38.08400836100821,-113.96912193513501,,,,,,
GRID_38.1_-112.0,38.08400836100821,-111.96912193513501,,,,,,
GRID_38.1_-110.0,38.08400836100821,-109.96912193513501,,,,,,
GRID_38.1_-108.0,38.08400836100821,-107.96912193513501,,,,,,
GRID_38.1_-106.0,38.08400836100821,-105.96912193513501,,,,,,
GRID_38.1_-104.0,38.08400836100821,-103.96912193513501,,,,,,
GRID_38.1_-102.0,38.08400836100821,-101.96912193513501,,,,,,
GRID_38.1_-100.0,38.08400836100821,-99.96912193513501,,,,,,
GRID_38.1_-98.0,38.08400836100821,-97.96912193513501,,,,,,
GRID_38.1_-96.0,38.08400836100821,-95.96912193513501,,,,,,
GRID_38.1_-94.0,38.08400836100821,-93.96912193513501,,,,,,
GRID_38.1_-92.0,38.08400836100821,-91.96912193513501,,,,,,
GRID_38.1_-90.0,38.08400836100821,-89.96912193513501,,,,,,
GRID_38.1_-88.0,38.08400836100821,-87.96912193513501,,,,,,
GRID_38.1_-86.0,38.08400836100821,-85.96912193513501,,,,,,
GRID_38.1_-84.0,38.08400836100821,-83.96912193513501,,,,,,
GRID_38.1_-82.0,38.08400836100821,-81.96912193513501,,,,,,
GRID_38.1_-80.0,38.08400836100821,-79.96912193513501,,,,,,
GRID_38.1_-78.0,38.08400836100821,-77.96912193513501,,,,,,
GRID_38.1_-76.0,38.08400836100821,-75.96912193513501,,,,,,
GRID_38.1_-74.0,38.08400836100821,-73.96912193513501,4999402.877214271,1.0,292.48290387095483,1.0,,
GRID_38.1_-72.0,38.08400836100821,-71.96912193513501,,,,,,
GRID_38.1_-70.0,38.08400836100821,-69.96912193513501,,,,,,
GRID_38.1_-68.0,38.08400836100821,-67.96912193513501,,,,,,
GRID_38.1_-66.0,38.08400836100821,-65.96912193513501,,,,,,
GRID_38.1_-64.0,38.08400836100821,-63.96912193513501,,,,,,
GRID_38.1_-62.0,38.08400836100821,-61.96912193513501,,,,,,
GRID_38.1_-60.0,38.08400836100821,-59.96912193513501,,,,,,
GRID_38.1_-58.0,38.08400836100821,-57.96912193513501,,,,,,
GRID_38.1_-56.0,38.08400836100821,-55.96912193513501,,,,,,
GRID_38.1_-54.0,38.08400836100821,-53.96912193513501,,,,,,
GRID_38.1_-52.0,38.08400836100821,-51.96912193513501,,,,,,
GRID_38.1_-50.0,38.08400836100821,-49.96912193513501,,,,,,
GRID_40.1_-180.0,40.08400836100821,-179.969121935135,,,,,,
GRID_40.1_-178.0,40.08400836100821,-177.969121935135,,,,,,
GRID_40.1_-176.0,40.08400836100821,-175.969121935135,,,,,,
GRID_40.1_-174.0,40.08400836100821,-173.969121935135,,,,,,
GRID_40.1_-172.0,40.08400836100821,-171.969121935135,,,,,,
GRID_40.1_-170.0,40.08400836100821,-169.969121935135,,,,,,
GRID_40.1_-168.0,40.08400836100821,-167.969121935135,,,,,,
GRID_40.1_-166.0,40.08400836100821,-165.969121935135,,,,,,
GRID_40.1_-164.0,40.08400836100821,-163.969121935135,,,,,,
GRID_40.1_-162.0,40.08400836100821,-161.969121935135,,,,,,
GRID_40.1_-160.0,40.08400836100821,-159.969121935135,,,,,,
GRID_40.1_-158.0,40.08400836100821,-157.969121935135,,,,,,
GRID_40.1_-156.0,40.08400836100821,-155.969121935135,,,,,,
GRID_40.1_-154.0,40.08400836100821,-153.969121935135,,,,,,
GRID_40.1_-152.0,40.08400836100821,-151.969121935135,,,,,,
GRID_40.1_-150.0,40.08400836100821,-149.969121935135,,,,,,
GRID_40.1_-148.0,40.08400836100821,-147.969121935135,,,,,,
GRID_40.1_-146.0,40.08400836100821,-145.969121935135,,,,,,
GRID_40.1_-144.0,40.08400836100821,-143.969121935135,,,,,,
GRID_40.1_-142.0,40.08400836100821,-141.969121935135,,,,,,
GRID_40.1_-140.0,40.08400836100821,-139.969121935135,,,,,,
GRID_40.1_-138.0,40.08400836100821,-137.969121935135,,,,,,
GRID_40.1_-136.0,40.08400836100821,-135.969121935135,,,,,,
GRID_40.1_-134.0,40.08400836100821,-133.969121935135,,,,,,
GRID_40.1_-132.0,40.08400836100821,-131.969121935135,,,,,,
GRID_40.1_-130.0,40.08400836100821,-129.969121935135,,,,,,
GRID_40.1_-128.0,40.08400836100821,-127.96912193513501,,,,,,
GRID_40.1_-126.0,40.08400836100821,-125.96912193513501,,,,,,
GRID_40.1_-124.0,40.08400836100821,-123.96912193513501,,,,,,
GRID_40.1_-122.0,40.08400836100821,-121.96912193513501,,,,,,
GRID_40.1_-120.0,40.08400836100821,-119.96912193513501,,,,,,
GRID_40.1_-118.0,40.08400836100821,-117.96912193513501,,,,,,
GRID_40.1_-116.0,40.08400836100821,-115.96912193513501,,,,,,
GRID_40.1_-114.0,40.08400836100821,-113.96912193513501,,,,,,
GRID_40.1_-112.0,40.08400836100821,-111.96912193513501,,,,,,
GRID_40.1_-110.0,40.08400836100821,-109.96912193513501,,,,,,
GRID_40.1_-108.0,40.08400836100821,-107.96912193513501,,,,,,
GRID_40.1_-106.0,40.08400836100821,-105.96912193513501,,,,,,
GRID_40.1_-104.0,40.08400836100821,-103.96912193513501,,,,,,
GRID_40.1_-102.0,40.08400836100821,-101.96912193513501,,,,,,
GRID_40.1_-100.0,40.08400836100821,-99.96912193513501,,,,,,
GRID_40.1_-98.0,40.08400836100821,-97.96912193513501,,,,,,
GRID_40.1_-96.0,40.08400836100821,-95.96912193513501,,,,,,
GRID_40.1_-94.0,40.08400836100821,-93.96912193513501,,,,,,
GRID_40.1_-92.0,40.08400836100821,-91.96912193513501,,,,,,
GRID_40.1_-90.0,40.08400836100821,-89.96912193513501,,,,,,
GRID_40.1_-88.0,40.08400836100821,-87.96912193513501,,,,,,
GRID_40.1_-86.0,40.08400836100821,-85.96912193513501,,,,,,
GRID_40.1_-84.0,40.08400836100821,-83.96912193513501,,,,,,
GRID_40.1_-82.0,40.08400836100821,-81.96912193513501,,,,,,
GRID_40.1_-80.0,40.08400836100821,-79.96912193513501,,,,,,
GRID_40.1_-78.0,40.08400836100821,-77.96912193513501,,,,,,
GRID_40.1_-76.0,40.08400836100821,-75.96912193513501,,,,,,
GRID_40.1_-74.0,40.08400836100821,-73.96912193513501,,,,,,
GRID_40.1_-72.0,40.08400836100821,-71.96912193513501,,,,,,
GRID_40.1_-70.0,40.08400836100821,-69.96912193513501,,,,,,
GRID_40.1_-68.0,40.08400836100821,-67.96912193513501,,,,,,
GRID_40.1_-66.0,40.08400836100821,-65.96912193513501,,,,,,
GRID_40.1_-64.0,40.08400836100821,-63.96912193513501,,,,,,
GRID_40.1_-62.0,40.08400836100821,-61.96912193513501,,,,,,
GRID_40.1_-60.0,40.08400836100821,-59.96912193513501,,,,,,
GRID_40.1_-58.0,40.08400836100821,-57.96912193513501,,,,,,
GRID_40.1_-56.0,40.08400836100821,-55.96912193513501,,,,,,
GRID_40.1_-54.0,40.08400836100821,-53.96912193513501,,,,,,
GRID_40.1_-52.0,40.08400836100821,-51.96912193513501,,,,,,
GRID_40.1_-50.0,40.08400836100821,-49.96912193513501,,,,,,
GRID_42.1_-180.0,42.08400836100821,-179.969121935135,,,,,,
GRID_42.1_-178.0,42.08400836100821,-177.969121935135,,,,,,
GRID_42.1_-176.0,42.08400836100821,-175.969121935135,,,,,,
GRID_42.1_-174.0,42.08400836100821,-173.969121935135,,,,,,
GRID_42.1_-172.0,42.08400836100821,-171.969121935135,,,,,,
GRID_42.1_-170.0,42.08400836100821,-169.969121935135,,,,,,
GRID_42.1_-168.0,42.08400836100821,-167.969121935135,,,,,,
GRID_42.1_-166.0,42.08400836100821,-165.969121935135,,,,,,
GRID_42.1_-164.0,42.08400836100821,-163.969121935135,,,,,,
GRID_42.1_-162.0,42.08400836100821,-161.969121935135,,,,,,
GRID_42.1_-160.0,42.08400836100821,-159.969121935135,,,,,,
GRID_42.1_-158.0,42.08400836100821,-157.969121935135,,,,,,
GRID_42.1_-156.0,42.08400836100821,-155.969121935135,,,,,,
GRID_42.1_-154.0,42.08400836100821,-153.969121935135,,,,,,
GRID_42.1_-152.0,42.08400836100821,-151.969121935135,,,,,,
GRID_42.1_-150.0,42.08400836100821,-149.969121935135,,,,,,
GRID_42.1_-148.0,42.08400836100821,-147.969121935135,,,,,,
GRID_42.1_-146.0,42.08400836100821,-145.969121935135,,,,,,
GRID_42.1_-144.0,42.08400836100821,-143.969121935135,,,,,,
GRID_42.1_-142.0,42.08400836100821,-141.969121935135,,,,,,
GRID_42.1_-140.0,42.08400836100821,-139.969121935135,,,,,,
GRID_42.1_-138.0,42.08400836100821,-137.969121935135,,,,,,
GRID_42.1_-136.0,42.08400836100821,-135.969121935135,,,,,,
GRID_42.1_-134.0,42.08400836100821,-133.969121935135,,,,,,
GRID_42.1_-132.0,42.08400836100821,-131.969121935135,,,,,,
GRID_42.1_-130.0,42.08400836100821,-129.969121935135,,,,,,
GRID_42.1_-128.0,42.08400836100821,-127.96912193513501,,,,,,
GRID_42.1_-126.0,42.08400836100821,-125.96912193513501,,,,,,
GRID_42.1_-124.0,42.08400836100821,-123.96912193513501,,,,,,
GRID_42.1_-122.0,42.08400836100821,-121.96912193513501,,,,,,
GRID_42.1_-120.0,42.08400836100821,-119.96912193513501,,,,,,
GRID_42.1_-118.0,42.08400836100821,-117.96912193513501,,,,,,
GRID_42.1_-116.0,42.08400836100821,-115.96912193513501,,,,,,
GRID_42.1_-114.0,42.08400836100821,-113.96912193513501,,,,,,
GRID_42.1_-112.0,42.08400836100821,-111.96912193513501,,,,,,
GRID_42.1_-110.0,42.08400836100821,-109.96912193513501,,,,,,
GRID_42.1_-108.0,42.08400836100821,-107.96912193513501,,,,,,
GRID_42.1_-106.0,42.08400836100821,-105.96912193513501,,,,,,
GRID_42.1_-104.0,42.08400836100821,-103.96912193513501,,,,,,
GRID_42.1_-102.0,42.08400836100821,-101.96912193513501,,,,,,
GRID_42.1_-100.0,42.08400836100821,-99.96912193513501,,,,,,
GRID_42.1_-98.0,42.08400836100821,-97.96912193513501,,,,,,
GRID_42.1_-96.0,42.08400836100821,-95.96912193513501,,,,,,
GRID_42.1_-94.0,42.08400836100821,-93.96912193513501,,,,,,
GRID_42.1_-92.0,42.08400836100821,-91.96912193513501,,,,,,
GRID_42.1_-90.0,42.08400836100821,-89.96912193513501,,,,,,
GRID_42.1_-88.0,42.08400836100821,-87.96912193513501,,,,,,
GRID_42.1_-86.0,42.08400836100821,-85.96912193513501,,,,,,
GRID_42.1_-84.0,42.08400836100821,-83.96912193513501,,,,,,
GRID_42.1_-82.0,42.08400836100821,-81.96912193513501,,,,,,
GRID_42.1_-80.0,42.08400836100821,-79.96912193513501,,,,,,
GRID_42.1_-78.0,42.08400836100821,-77.96912193513501,,,,,,
GRID_42.1_-76.0,42.08400836100821,-75.96912193513501,,,,,,
GRID_42.1_-74.0,42.08400836100821,-73.96912193513501,,,,,,
GRID_42.1_-72.0,42.08400836100821,-71.96912193513501,,,,,,
GRID_42.1_-70.0,42.08400836100821,-69.96912193513501,,,,,,
GRID_42.1_-68.0,42.08400836100821,-67.96912193513501,,,,,,
GRID_42.1_-66.0,42.08400836100821,-65.96912193513501,,,,,,
GRID_42.1_-64.0,42.08400836100821,-63.96912193513501,,,,,,
GRID_42.1_-62.0,42.08400836100821,-61.96912193513501,,,,,,
GRID_42.1_-60.0,42.08400836100821,-59.96912193513501,,,,,,
GRID_42.1_-58.0,42.08400836100821,-57.96912193513501,,,,,,
GRID_42.1_-56.0,42.08400836100821,-55.96912193513501,,,,,,
GRID_42.1_-54.0,42.08400836100821,-53.96912193513501,,,,,,
GRID_42.1_-52.0,42.08400836100821,-51.96912193513501,,,,,,
GRID_42.1_-50.0,42.08400836100821,-49.96912193513501,,,,,,
GRID_44.1_-180.0,44.08400836100821,-179.969121935135,,,,,,
GRID_44.1_-178.0,44.08400836100821,-177.969121935135,,,,,,
GRID_44.1_-176.0,44.08400836100821,-175.969121935135,,,,,,
GRID_44.1_-174.0,44.08400836100821,-173.969121935135,,,,,,
GRID_44.1_-172.0,44.08400836100821,-171.969121935135,,,,,,
GRID_44.1_-170.0,44.08400836100821,-169.969121935135,,,,,,
GRID_44.1_-168.0,44.08400836100821,-167.969121935135,,,,,,
GRID_44.1_-166.0,44.08400836100821,-165.969121935135,,,,,,
GRID_44.1_-164.0,44.08400836100821,-163.969121935135,,,,,,
GRID_44.1_-162.0,44.08400836100821,-161.969121935135,,,,,,
GRID_44.1_-160.0,44.08400836100821,-159.969121935135,,,,,,
GRID_44.1_-158.0,44.08400836100821,-157.969121935135,,,,,,
GRID_44.1_-156.0,44.08400836100821,-155.969121935135,,,,,,
GRID_44.1_-154.0,44.08400836100821,-153.969121935135,,,,,,
GRID_44.1_-152.0,44.08400836100821,-151.969121935135,,,,,,
GRID_44.1_-150.0,44.08400836100821,-149.969121935135,,,,,,
GRID_44.1_-148.0,44.08400836100821,-147.969121935135,,,,,,
GRID_44.1_-146.0,44.08400836100821,-145.969121935135,,,,,,
GRID_44.1_-144.0,44.08400836100821,-143.969121935135,,,,,,
GRID_44.1_-142.0,44.08400836100821,-141.969121935135,,,,,,
GRID_44.1_-140.0,44.08400836100821,-139.969121935135,,,,,,
GRID_44.1_-138.0,44.08400836100821,-137.969121935135,,,,,,
GRID_44.1_-136.0,44.08400836100821,-135.969121935135,,,,,,
GRID_44.1_-134.0,44.08400836100821,-133.969121935135,,,,,,
GRID_44.1_-132.0,44.08400836100821,-131.969121935135,,,,,,
GRID_44.1_-130.0,44.08400836100821,-129.969121935135,,,,,,
GRID_44.1_-128.0,44.08400836100821,-127.96912193513501,,,,,,
GRID_44.1_-126.0,44.08400836100821,-125.96912193513501,,,,,,
GRID_44.1_-124.0,44.08400836100821,-123.96912193513501,,,,,,
GRID_44.1_-122.0,44.08400836100821,-121.96912193513501,,,,,,
GRID_44.1_-120.0,44.08400836100821,-119.96912193513501,,,,,,
GRID_44.1_-118.0,44.08400836100821,-117.96912193513501,,,,,,
GRID_44.1_-116.0,44.08400836100821,-115.96912193513501,,,,,,
GRID_44.1_-114.0,44.08400836100821,-113.96912193513501,,,,,,
GRID_44.1_-112.0,44.08400836100821,-111.96912193513501,,,,,,
GRID_44.1_-110.0,44.08400836100821,-109.96912193513501,,,,,,
GRID_44.1_-108.0,44.08400836100821,-107.96912193513501,,,,,,
GRID_44.1_-106.0,44.08400836100821,-105.96912193513501,,,,,,
GRID_44.1_-104.0,44.08400836100821,-103.96912193513501,,,,,,
GRID_44.1_-102.0,44.08400836100821,-101.96912193513501,,,,,,
GRID_44.1_-100.0,44.08400836100821,-99.96912193513501,,,,,,
GRID_44.1_-98.0,44.08400836100821,-97.96912193513501,,,,,,
GRID_44.1_-96.0,44.08400836100821,-95.96912193513501,,,,,,
GRID_44.1_-94.0,44.08400836100821,-93.96912193513501,,,,,,
GRID_44.1_-92.0,44.08400836100821,-91.96912193513501,,,,,,
GRID_44.1_-90.0,44.08400836100821,-89.96912193513501,,,,,,
GRID_44.1_-88.0,44.08400836100821,-87.96912193513501,,,,,,
GRID_44.1_-86.0,44.08400836100821,-85.96912193513501,,,,,,
GRID_44.1_-84.0,44.08400836100821,-83.96912193513501,,,,,,
GRID_44.1_-82.0,44.08400836100821,-81.96912193513501,,,,,,
GRID_44.1_-80.0,44.08400836100821,-79.96912193513501,,,,,,
GRID_44.1_-78.0,44.08400836100821,-77.96912193513501,,,,,,
GRID_44.1_-76.0,44.08400836100821,-75.96912193513501,,,,,,
GRID_44.1_-74.0,44.08400836100821,-73.96912193513501,,,,,,
GRID_44.1_-72.0,44.08400836100821,-71.96912193513501,,,,,,
GRID_44.1_-70.0,44.08400836100821,-69.96912193513501,,,,,,
GRID_44.1_-68.0,44.08400836100821,-67.96912193513501,,,,,,
GRID_44.1_-66.0,44.08400836100821,-65.96912193513501,,,,,,
GRID_44.1_-64.0,44.08400836100821,-63.96912193513501,,,,,,
GRID_44.1_-62.0,44.08400836100821,-61.96912193513501,,,,,,
GRID_44.1_-60.0,44.08400836100821,-59.96912193513501,,,,,,
GRID_44.1_-58.0,44.08400836100821,-57.96912193513501,,,,,,
GRID_44.1_-56.0,44.08400836100821,-55.96912193513501,,,,,,
GRID_44.1_-54.0,44.08400836100821,-53.96912193513501,,,,,,
GRID_44.1_-52.0,44.08400836100821,-51.96912193513501,,,,,,
GRID_44.1_-50.0,44.08400836100821,-49.96912193513501,,,,,,
GRID_46.1_-180.0,46.08400836100821,-179.969121935135,,,,,,
GRID_46.1_-178.0,46.08400836100821,-177.969121935135,,,,,,
GRID_46.1_-176.0,46.08400836100821,-175.969121935135,,,,,,
GRID_46.1_-174.0,46.08400836100821,-173.969121935135,,,,,,
GRID_46.1_-172.0,46.08400836100821,-171.969121935135,,,,,,
GRID_46.1_-170.0,46.08400836100821,-169.969121935135,,,,,,
GRID_46.1_-168.0,46.08400836100821,-167.969121935135,,,,,,
GRID_46.1_-166.0,46.08400836100821,-165.969121935135,,,,,,
GRID_46.1_-164.0,46.08400836100821,-163.969121935135,,,,,,
GRID_46.1_-162.0,46.08400836100821,-161.969121935135,,,,,,
GRID_46.1_-160.0,46.08400836100821,-159.969121935135,,,,,,
GRID_46.1_-158.0,46.08400836100821,-157.969121935135,,,,,,
GRID_46.1_-156.0,46.08400836100821,-155.969121935135,,,,,,
GRID_46.1_-154.0,46.08400836100821,-153.969121935135,,,,,,
GRID_46.1_-152.0,46.08400836100821,-151.969121935135,,,,,,
GRID_46.1_-150.0,46.08400836100821,-149.969121935135,,,,,,
GRID_46.1_-148.0,46.08400836100821,-147.969121935135,,,,,,
GRID_46.1_-146.0,46.08400836100821,-145.969121935135,,,,,,
GRID_46.1_-144.0,46.08400836100821,-143.969121935135,,,,,,
GRID_46.1_-142.0,46.08400836100821,-141.969121935135,,,,,,
GRID_46.1_-140.0,46.08400836100821,-139.969121935135,,,,,,
GRID_46.1_-138.0,46.08400836100821,-137.969121935135,,,,,,
GRID_46.1_-136.0,46.08400836100821,-135.969121935135,,,,,,
GRID_46.1_-134.0,46.08400836100821,-133.969121935135,,,,,,
GRID_46.1_-132.0,46.08400836100821,-131.969121935135,,,,,,
GRID_46.1_-130.0,46.08400836100821,-129.969121935135,,,,,,
GRID_46.1_-128.0,46.08400836100821,-127.96912193513501,,,,,,
GRID_46.1_-126.0,46.08400836100821,-125.96912193513501,,,,,,
GRID_46.1_-124.0,46.08400836100821,-123.96912193513501,,,,,,
GRID_46.1_-122.0,46.08400836100821,-121.96912193513501,,,,,,
GRID_46.1_-120.0,46.08400836100821,-119.96912193513501,,,,,,
GRID_46.1_-118.0,46.08400836100821,-117.96912193513501,,,,,,
GRID_46.1_-116.0,46.08400836100821,-115.96912193513501,,,,,,
GRID_46.1_-114.0,46.08400836100821,-113.96912193513501,,,,,,
GRID_46.1_-112.0,46.08400836100821,-111.96912193513501,,,,,,
GRID_46.1_-110.0,46.08400836100821,-109.96912193513501,,,,,,
GRID_46.1_-108.0,46.08400836100821,-107.96912193513501,,,,,,
GRID_46.1_-106.0,46.08400836100821,-105.96912193513501,,,,,,
GRID_46.1_-104.0,46.08400836100821,-103.96912193513501,,,,,,
GRID_46.1_-102.0,46.08400836100821,-101.96912193513501,,,,,,
GRID_46.1_-100.0,46.08400836100821,-99.96912193513501,,,,,,
GRID_46.1_-98.0,46.08400836100821,-97.96912193513501,,,,,,
GRID_46.1_-96.0,46.08400836100821,-95.96912193513501,,,,,,
GRID_46.1_-94.0,46.08400836100821,-93.96912193513501,,,,,,
GRID_46.1_-92.0,46.08400836100821,-91.96912193513501,,,,,,
GRID_46.1_-90.0,46.08400836100821,-89.96912193513501,,,,,,
GRID_46.1_-88.0,46.08400836100821,-87.96912193513501,,,,,,
GRID_46.1_-86.0,46.08400836100821,-85.96912193513501,,,,,,
GRID_46.1_-84.0,46.08400836100821,-83.96912193513501,,,,,,
GRID_46.1_-82.0,46.08400836100821,-81.96912193513501,,,,,,
GRID_46.1_-80.0,46.08400836100821,-79.96912193513501,,,,,,
GRID_46.1_-78.0,46.08400836100821,-77.96912193513501,,,,,,
GRID_46.1_-76.0,46.08400836100821,-75.96912193513501,,,,,,
GRID_46.1_-74.0,46.08400836100821,-73.96912193513501,,,,,,
GRID_46.1_-72.0,46.08400836100821,-71.96912193513501,,,,,,
GRID_46.1_-70.0,46.08400836100821,-69.96912193513501,,,,,,
GRID_46.1_-68.0,46.08400836100821,-67.96912193513501,,,,,,
GRID_46.1_-66.0,46.08400836100821,-65.96912193513501,,,,,,
GRID_46.1_-64.0,46.08400836100821,-63.96912193513501,,,,,,
GRID_46.1_-62.0,46.08400836100821,-61.96912193513501,,,,,,
GRID_46.1_-60.0,46.08400836100821,-59.96912193513501,,,,,,
GRID_46.1_-58.0,46.08400836100821,-57.96912193513501,,,,,,
GRID_46.1_-56.0,46.08400836100821,-55.96912193513501,,,,,,
GRID_46.1_-54.0,46.08400836100821,-53.96912193513501,,,,,,
GRID_46.1_-52.0,46.08400836100821,-51.96912193513501,,,,,,
GRID_46.1_-50.0,46.08400836100821,-49.96912193513501,,,,,,
GRID_48.1_-180.0,48.08400836100821,-179.969121935135,,,,,,
GRID_48.1_-178.0,48.08400836100821,-177.969121935135,,,,,,
GRID_48.1_-176.0,48.08400836100821,-175.969121935135,,,,,,
GRID_48.1_-174.0,48.08400836100821,-173.969121935135,,,,,,
GRID_48.1_-172.0,48.08400836100821,-171.969121935135,,,,,,
GRID_48.1_-170.0,48.08400836100821,-169.969121935135,,,,,,
GRID_48.1_-168.0,48.08400836100821,-167.969121935135,,,,,,
GRID_48.1_-166.0,48.08400836100821,-165.969121935135,,,,,,
GRID_48.1_-164.0,48.08400836100821,-163.969121935135,,,,,,
GRID_48.1_-162.0,48.08400836100821,-161.969121935135,,,,,,
GRID_48.1_-160.0,48.08400836100821,-159.969121935135,,,,,,
GRID_48.1_-158.0,48.08400836100821,-157.969121935135,,,,,,
GRID_48.1_-156.0,48.08400836100821,-155.969121935135,,,,,,
GRID_48.1_-154.0,48.08400836100821,-153.969121935135,,,,,,
GRID_48.1_-152.0,48.08400836100821,-151.969121935135,,,,,,
GRID_48.1_-150.0,48.08400836100821,-149.969121935135,,,,,,
GRID_48.1_-148.0,48.08400836100821,-147.969121935135,,,,,,
GRID_48.1_-146.0,48.08400836100821,-145.969121935135,,,,,,
GRID_48.1_-144.0,48.08400836100821,-143.969121935135,,,,,,
GRID_48.1_-142.0,48.08400836100821,-141.969121935135,,,,,,
GRID_48.1_-140.0,48.08400836100821,-139.969121935135,,,,,,
GRID_48.1_-138.0,48.08400836100821,-137.969121935135,,,,,,
GRID_48.1_-136.0,48.08400836100821,-135.969121935135,,,,,,
GRID_48.1_-134.0,48.08400836100821,-133.969121935135,,,,,,
GRID_48.1_-132.0,48.08400836100821,-131.969121935135,,,,,,
GRID_48.1_-130.0,48.08400836100821,-129.969121935135,,,,,,
GRID_48.1_-128.0,48.08400836100821,-127.96912193513501,,,,,,
GRID_48.1_-126.0,48.08400836100821,-125.96912193513501,,,,,,
GRID_48.1_-124.0,48.08400836100821,-123.96912193513501,,,,,,
GRID_48.1_-122.0,48.08400836100821,-121.96912193513501,,,,,,
GRID_48.1_-120.0,48.08400836100821,-119.96912193513501,,,,,,
GRID_48.1_-118.0,48.08400836100821,-117.96912193513501,,,,,,
GRID_48.1_-116.0,48.08400836100821,-115.96912193513501,,,,,,
GRID_48.1_-114.0,48.08400836100821,-113.96912193513501,,,,,,
GRID_48.1_-112.0,48.08400836100821,-111.96912193513501,,,,,,
GRID_48.1_-110.0,48.08400836100821,-109.96912193513501,,,,,,
GRID_48.1_-108.0,48.08400836100821,-107.96912193513501,,,,,,
GRID_48.1_-106.0,48.08400836100821,-105.96912193513501,,,,,,
GRID_48.1_-104.0,48.08400836100821,-103.96912193513501,,,,,,
GRID_48.1_-102.0,48.08400836100821,-101.96912193513501,,,,,,
GRID_48.1_-100.0,48.08400836100821,-99.96912193513501,,,,,,
GRID_48.1_-98.0,48.08400836100821,-97.96912193513501,,,,,,
GRID_48.1_-96.0,48.08400836100821,-95.96912193513501,,,,,,
GRID_48.1_-94.0,48.08400836100821,-93.96912193513501,,,,,,
GRID_48.1_-92.0,48.08400836100821,-91.96912193513501,,,,,,
GRID_48.1_-90.0,48.08400836100821,-89.96912193513501,,,,,,
GRID_48.1_-88.0,48.08400836100821,-87.96912193513501,,,,,,
GRID_48.1_-86.0,48.08400836100821,-85.96912193513501,,,,,,
GRID_48.1_-84.0,48.08400836100821,-83.96912193513501,,,,,,
GRID_48.1_-82.0,48.08400836100821,-81.96912193513501,,,,,,
GRID_48.1_-80.0,48.08400836100821,-79.96912193513501,,,,,,
GRID_48.1_-78.0,48.08400836100821,-77.96912193513501,,,,,,
GRID_48.1_-76.0,48.08400836100821,-75.96912193513501,,,,,,
GRID_48.1_-74.0,48.08400836100821,-73.96912193513501,,,,,,
GRID_48.1_-72.0,48.08400836100821,-71.96912193513501,,,,,,
GRID_48.1_-70.0,48.08400836100821,-69.96912193513501,,,,,,
GRID_48.1_-68.0,48.08400836100821,-67.96912193513501,,,,,,
GRID_48.1_-66.0,48.08400836100821,-65.96912193513501,,,,,,
GRID_48.1_-64.0,48.08400836100821,-63.96912193513501,,,,,,
GRID_48.1_-62.0,48.08400836100821,-61.96912193513501,,,,,,
GRID_48.1_-60.0,48.08400836100821,-59.96912193513501,,,,,,
GRID_48.1_-58.0,48.08400836100821,-57.96912193513501,,,,,,
GRID_48.1_-56.0,48.08400836100821,-55.96912193513501,,,,,,
GRID_48.1_-54.0,48.08400836100821,-53.96912193513501,,,,,,
GRID_48.1_-52.0,48.08400836100821,-51.96912193513501,,,,,,
GRID_48.1_-50.0,48.08400836100821,-49.96912193513501,,,,,,
GRID_50.1_-180.0,50.08400836100821,-179.969121935135,,,,,,
GRID_50.1_-178.0,50.08400836100821,-177.969121935135,,,,,,
GRID_50.1_-176.0,50.08400836100821,-175.969121935135,,,,,,
GRID_50.1_-174.0,50.08400836100821,-173.969121935135,,,,,,
GRID_50.1_-172.0,50.08400836100821,-171.969121935135,,,,,,
GRID_50.1_-170.0,50.08400836100821,-169.969121935135,,,,,,
GRID_50.1_-168.0,50.08400836100821,-167.969121935135,,,,,,
GRID_50.1_-166.0,50.08400836100821,-165.969121935135,,,,,,
GRID_50.1_-164.0,50.08400836100821,-163.969121935135,,,,,,
GRID_50.1_-162.0,50.08400836100821,-161.969121935135,,,,,,
GRID_50.1_-160.0,50.08400836100821,-159.969121935135,,,,,,
GRID_50.1_-158.0,50.08400836100821,-157.969121935135,,,,,,
GRID_50.1_-156.0,50.08400836100821,-155.969121935135,,,,,,
GRID_50.1_-154.0,50.08400836100821,-153.969121935135,,,,,,
GRID_50.1_-152.0,50.08400836100821,-151.969121935135,,,,,,
GRID_50.1_-150.0,50.08400836100821,-149.969121935135,,,,,,
GRID_50.1_-148.0,50.08400836100821,-147.969121935135,,,,,,
GRID_50.1_-146.0,50.08400836100821,-145.969121935135,,,,,,
GRID_50.1_-144.0,50.08400836100821,-143.969121935135,,,,,,
GRID_50.1_-142.0,50.08400836100821,-141.969121935135,,,,,,
GRID_50.1_-140.0,50.08400836100821,-139.969121935135,,,,,,
GRID_50.1_-138.0,50.08400836100821,-137.969121935135,,,,,,
GRID_50.1_-136.0,50.08400836100821,-135.969121935135,,,,,,
GRID_50.1_-134.0,50.08400836100821,-133.969121935135,,,,,,
GRID_50.1_-132.0,50.08400836100821,-131.969121935135,,,,,,
GRID_50.1_-130.0,50.08400836100821,-129.969121935135,,,,,,
GRID_50.1_-128.0,50.08400836100821,-127.96912193513501,,,,,,
GRID_50.1_-126.0,50.08400836100821,-125.96912193513501,,,,,,
GRID_50.1_-124.0,50.08400836100821,-123.96912193513501,,,,,,
GRID_50.1_-122.0,50.08400836100821,-121.96912193513501,,,,,,
GRID_50.1_-120.0,50.08400836100821,-119.96912193513501,,,,,,
GRID_50.1_-118.0,50.08400836100821,-117.96912193513501,,,,,,
GRID_50.1_-116.0,50.08400836100821,-115.96912193513501,,,,,,
GRID_50.1_-114.0,50.08400836100821,-113.96912193513501,,,,,,
GRID_50.1_-112.0,50.08400836100821,-111.96912193513501,,,,,,
GRID_50.1_-110.0,50.08400836100821,-109.96912193513501,,,,,,
GRID_50.1_-108.0,50.08400836100821,-107.96912193513501,,,,,,
GRID_50.1_-106.0,50.08400836100821,-105.96912193513501,,,,,,
GRID_50.1_-104.0,50.08400836100821,-103.96912193513501,,,,,,
GRID_50.1_-102.0,50.08400836100821,-101.96912193513501,,,,,,
GRID_50.1_-100.0,50.08400836100821,-99.96912193513501,,,,,,
GRID_50.1_-98.0,50.08400836100821,-97.96912193513501,,,,,,
GRID_50.1_-96.0,50.08400836100821,-95.96912193513501,,,,,,
GRID_50.1_-94.0,50.08400836100821,-93.96912193513501,,,,,,
GRID_50.1_-92.0,50.08400836100821,-91.96912193513501,,,,,,
GRID_50.1_-90.0,50.08400836100821,-89.96912193513501,,,,,,
GRID_50.1_-88.0,50.08400836100821,-87.96912193513501,,,,,,
GRID_50.1_-86.0,50.08400836100821,-85.96912193513501,,,,,,
GRID_50.1_-84.0,50.08400836100821,-83.96912193513501,,,,,,
GRID_50.1_-82.0,50.08400836100821,-81.96912193513501,,,,,,
GRID_50.1_-80.0,50.08400836100821,-79.96912193513501,,,,,,
GRID_50.1_-78.0,50.08400836100821,-77.96912193513501,,,,,,
GRID_50.1_-76.0,50.08400836100821,-75.96912193513501,,,,,,
GRID_50.1_-74.0,50.08400836100821,-73.96912193513501,,,,,,
GRID_50.1_-72.0,50.08400836100821,-71.96912193513501,,,,,,
GRID_50.1_-70.0,50.08400836100821,-69.96912193513501,,,,,,
GRID_50.1_-68.0,50.08400836100821,-67.96912193513501,,,,,,
GRID_50.1_-66.0,50.08400836100821,-65.96912193513501,,,,,,
GRID_50.1_-64.0,50.08400836100821,-63.96912193513501,,,,,,
GRID_50.1_-62.0,50.08400836100821,-61.96912193513501,,,,,,
GRID_50.1_-60.0,50.08400836100821,-59.96912193513501,,,,,,
GRID_50.1_-58.0,50.08400836100821,-57.96912193513501,,,,,,
GRID_50.1_-56.0,50.08400836100821,-55.96912193513501,,,,,,
GRID_50.1_-54.0,50.08400836100821,-53.96912193513501,,,,,,
GRID_50.1_-52.0,50.08400836100821,-51.96912193513501,,,,,,
GRID_50.1_-50.0,50.08400836100821,-49.96912193513501,,,,,,
GRID_52.1_-180.0,52.08400836100821,-179.969121935135,,,,,,
GRID_52.1_-178.0,52.08400836100821,-177.969121935135,,,,,,
GRID_52.1_-176.0,52.08400836100821,-175.969121935135,,,,,,
GRID_52.1_-174.0,52.08400836100821,-173.969121935135,,,,,,
GRID_52.1_-172.0,52.08400836100821,-171.969121935135,,,,,,
GRID_52.1_-170.0,52.08400836100821,-169.969121935135,,,,,,
GRID_52.1_-168.0,52.08400836100821,-167.969121935135,,,,,,
GRID_52.1_-166.0,52.08400836100821,-165.969121935135,,,,,,
GRID_52.1_-164.0,52.08400836100821,-163.969121935135,,,,,,
GRID_52.1_-162.0,52.08400836100821,-161.969121935135,,,,,,
GRID_52.1_-160.0,52.08400836100821,-159.969121935135,,,,,,
GRID_52.1_-158.0,52.08400836100821,-157.969121935135,,,,,,
GRID_52.1_-156.0,52.08400836100821,-155.969121935135,,,,,,
GRID_52.1_-154.0,52.08400836100821,-153.969121935135,,,,,,
GRID_52.1_-152.0,52.08400836100821,-151.969121935135,,,,,,
GRID_52.1_-150.0,52.08400836100821,-149.969121935135,,,,,,
GRID_52.1_-148.0,52.08400836100821,-147.969121935135,,,,,,
GRID_52.1_-146.0,52.08400836100821,-145.969121935135,,,,,,
GRID_52.1_-144.0,52.08400836100821,-143.969121935135,,,,,,
GRID_52.1_-142.0,52.08400836100821,-141.969121935135,,,,,,
GRID_52.1_-140.0,52.08400836100821,-139.969121935135,,,,,,
GRID_52.1_-138.0,52.08400836100821,-137.969121935135,,,,,,
GRID_52.1_-136.0,52.08400836100821,-135.969121935135,,,,,,
GRID_52.1_-134.0,52.08400836100821,-133.969121935135,,,,,,
GRID_52.1_-132.0,52.08400836100821,-131.969121935135,,,,,,
GRID_52.1_-130.0,52.08400836100821,-129.969121935135,,,,,,
GRID_52.1_-128.0,52.08400836100821,-127.96912193513501,,,,,,
GRID_52.1_-126.0,52.08400836100821,-125.96912193513501,,,,,,
GRID_52.1_-124.0,52.08400836100821,-123.96912193513501,,,,,,
GRID_52.1_-122.0,52.08400836100821,-121.96912193513501,,,,,,
GRID_52.1_-120.0,52.08400836100821,-119.96912193513501,,,,,,
GRID_52.1_-118.0,52.08400836100821,-117.96912193513501,,,,,,
GRID_52.1_-116.0,52.08400836100821,-115.96912193513501,,,,,,
GRID_52.1_-114.0,52.08400836100821,-113.96912193513501,,,,,,
GRID_52.1_-112.0,52.08400836100821,-111.96912193513501,,,,,,
GRID_52.1_-110.0,52.08400836100821,-109.96912193513501,,,,,,
GRID_52.1_-108.0,52.08400836100821,-107.96912193513501,,,,,,
GRID_52.1_-106.0,52.08400836100821,-105.96912193513501,,,,,,
GRID_52.1_-104.0,52.08400836100821,-103.96912193513501,,,,,,
GRID_52.1_-102.0,52.08400836100821,-101.96912193513501,,,,,,
GRID_52.1_-100.0,52.08400836100821,-99.96912193513501,,,,,,
GRID_52.1_-98.0,52.08400836100821,-97.96912193513501,,,,,,
GRID_52.1_-96.0,52.08400836100821,-95.96912193513501,,,,,,
GRID_52.1_-94.0,52.08400836100821,-93.96912193513501,,,,,,
GRID_52.1_-92.0,52.08400836100821,-91.96912193513501,,,,,,
GRID_52.1_-90.0,52.08400836100821,-89.96912193513501,,,,,,
GRID_52.1_-88.0,52.08400836100821,-87.96912193513501,,,,,,
GRID_52.1_-86.0,52.08400836100821,-85.96912193513501,,,,,,
GRID_52.1_-84.0,52.08400836100821,-83.96912193513501,,,,,,
GRID_52.1_-82.0,52.08400836100821,-81.96912193513501,,,,,,
GRID_52.1_-80.0,52.08400836100821,-79.96912193513501,,,,,,
GRID_52.1_-78.0,52.08400836100821,-77.96912193513501,,,,,,
GRID_52.1_-76.0,52.08400836100821,-75.96912193513501,,,,,,
GRID_52.1_-74.0,52.08400836100821,-73.96912193513501,,,,,,
GRID_52.1_-72.0,52.08400836100821,-71.96912193513501,,,,,,
GRID_52.1_-70.0,52.08400836100821,-69.96912193513501,,,,,,
GRID_52.1_-68.0,52.08400836100821,-67.96912193513501,,,,,,
GRID_52.1_-66.0,52.08400836100821,-65.96912193513501,,,,,,
GRID_52.1_-64.0,52.08400836100821,-63.96912193513501,,,,,,
GRID_52.1_-62.0,52.08400836100821,-61.96912193513501,,,,,,
GRID_52.1_-60.0,52.08400836100821,-59.96912193513501,,,,,,
GRID_52.1_-58.0,52.08400836100821,-57.96912193513501,,,,,,
GRID_52.1_-56.0,52.08400836100821,-55.96912193513501,,,,,,
GRID_52.1_-54.0,52.08400836100821,-53.96912193513501,,,,,,
GRID_52.1_-52.0,52.08400836100821,-51.96912193513501,,,,,,
GRID_52.1_-50.0,52.08400836100821,-49.96912193513501,,,,,,
GRID_54.1_-180.0,54.08400836100821,-179.969121935135,,,,,,
GRID_54.1_-178.0,54.08400836100821,-177.969121935135,,,,,,
GRID_54.1_-176.0,54.08400836100821,-175.969121935135,,,,,,
GRID_54.1_-174.0,54.08400836100821,-173.969121935135,,,,,,
GRID_54.1_-172.0,54.08400836100821,-171.969121935135,,,,,,
GRID_54.1_-170.0,54.08400836100821,-169.969121935135,,,,,,
GRID_54.1_-168.0,54.08400836100821,-167.969121935135,,,,,,
GRID_54.1_-166.0,54.08400836100821,-165.969121935135,,,,,,
GRID_54.1_-164.0,54.08400836100821,-163.969121935135,,,,,,
GRID_54.1_-162.0,54.08400836100821,-161.969121935135,,,,,,
GRID_54.1_-160.0,54.08400836100821,-159.969121935135,,,,,,
GRID_54.1_-158.0,54.08400836100821,-157.969121935135,,,,,,
GRID_54.1_-156.0,54.08400836100821,-155.969121935135,,,,,,
GRID_54.1_-154.0,54.08400836100821,-153.969121935135,,,,,,
GRID_54.1_-152.0,54.08400836100821,-151.969121935135,,,,,,
GRID_54.1_-150.0,54.08400836100821,-149.969121935135,,,,,,
GRID_54.1_-148.0,54.08400836100821,-147.969121935135,,,,,,
GRID_54.1_-146.0,54.08400836100821,-145.969121935135,,,,,,
GRID_54.1_-144.0,54.08400836100821,-143.969121935135,,,,,,
GRID_54.1_-142.0,54.08400836100821,-141.969121935135,,,,,,
GRID_54.1_-140.0,54.08400836100821,-139.969121935135,,,,,,
GRID_54.1_-138.0,54.08400836100821,-137.969121935135,,,,,,
GRID_54.1_-136.0,54.08400836100821,-135.969121935135,,,,,,
GRID_54.1_-134.0,54.08400836100821,-133.969121935135,,,,,,
GRID_54.1_-132.0,54.08400836100821,-131.969121935135,,,,,,
GRID_54.1_-130.0,54.08400836100821,-129.969121935135,,,,,,
GRID_54.1_-128.0,54.08400836100821,-127.96912193513501,,,,,,
GRID_54.1_-126.0,54.08400836100821,-125.96912193513501,,,,,,
GRID_54.1_-124.0,54.08400836100821,-123.96912193513501,,,,,,
GRID_54.1_-122.0,54.08400836100821,-121.96912193513501,,,,,,
GRID_54.1_-120.0,54.08400836100821,-119.96912193513501,,,,,,
GRID_54.1_-118.0,54.08400836100821,-117.96912193513501,,,,,,
GRID_54.1_-116.0,54.08400836100821,-115.96912193513501,,,,,,
GRID_54.1_-114.0,54.08400836100821,-113.96912193513501,,,,,,
GRID_54.1_-112.0,54.08400836100821,-111.96912193513501,,,,,,
GRID_54.1_-110.0,54.08400836100821,-109.96912193513501,,,,,,
GRID_54.1_-108.0,54.08400836100821,-107.96912193513501,,,,,,
GRID_54.1_-106.0,54.08400836100821,-105.96912193513501,,,,,,
GRID_54.1_-104.0,54.08400836100821,-103.96912193513501,,,,,,
GRID_54.1_-102.0,54.08400836100821,-101.96912193513501,,,,,,
GRID_54.1_-100.0,54.08400836100821,-99.96912193513501,,,,,,
GRID_54.1_-98.0,54.08400836100821,-97.96912193513501,,,,,,
GRID_54.1_-96.0,54.08400836100821,-95.96912193513501,,,,,,
GRID_54.1_-94.0,54.08400836100821,-93.96912193513501,,,,,,
GRID_54.1_-92.0,54.08400836100821,-91.96912193513501,,,,,,
GRID_54.1_-90.0,54.08400836100821,-89.96912193513501,,,,,,
GRID_54.1_-88.0,54.08400836100821,-87.96912193513501,,,,,,
GRID_54.1_-86.0,54.08400836100821,-85.96912193513501,,,,,,
GRID_54.1_-84.0,54.08400836100821,-83.96912193513501,,,,,,
GRID_54.1_-82.0,54.08400836100821,-81.96912193513501,,,,,,
GRID_54.1_-80.0,54.08400836100821,-79.96912193513501,,,,,,
GRID_54.1_-78.0,54.08400836100821,-77.96912193513501,,,,,,
GRID_54.1_-76.0,54.08400836100821,-75.96912193513501,,,,,,
GRID_54.1_-74.0,54.08400836100821,-73.96912193513501,,,,,,
GRID_54.1_-72.0,54.08400836100821,-71.96912193513501,,,,,,
GRID_54.1_-70.0,54.08400836100821,-69.96912193513501,,,,,,
GRID_54.1_-68.0,54.08400836100821,-67.96912193513501,,,,,,
GRID_54.1_-66.0,54.08400836100821,-65.96912193513501,,,,,,
GRID_54.1_-64.0,54.08400836100821,-63.96912193513501,,,,,,
GRID_54.1_-62.0,54.08400836100821,-61.96912193513501,,,,,,
GRID_54.1_-60.0,54.08400836100821,-59.96912193513501,,,,,,
GRID_54.1_-58.0,54.08400836100821,-57.96912193513501,,,,,,
GRID_54.1_-56.0,54.08400836100821,-55.96912193513501,,,,,,
GRID_54.1_-54.0,54.08400836100821,-53.96912193513501,,,,,,
GRID_54.1_-52.0,54.08400836100821,-51.96912193513501,,,,,,
GRID_54.1_-50.0,54.08400836100821,-49.96912193513501,,,,,,
GRID_56.1_-180.0,56.08400836100821,-179.969121935135,,,,,,
GRID_56.1_-178.0,56.08400836100821,-177.969121935135,,,,,,
GRID_56.1_-176.0,56.08400836100821,-175.969121935135,,,,,,
GRID_56.1_-174.0,56.08400836100821,-173.969121935135,,,,,,
GRID_56.1_-172.0,56.08400836100821,-171.969121935135,,,,,,
GRID_56.1_-170.0,56.08400836100821,-169.969121935135,,,,,,
GRID_56.1_-168.0,56.08400836100821,-167.969121935135,,,,,,
GRID_56.1_-166.0,56.08400836100821,-165.969121935135,,,,,,
GRID_56.1_-164.0,56.08400836100821,-163.969121935135,,,,,,
GRID_56.1_-162.0,56.08400836100821,-161.969121935135,,,,,,
GRID_56.1_-160.0,56.08400836100821,-159.969121935135,,,,,,
GRID_56.1_-158.0,56.08400836100821,-157.969121935135,,,,,,
GRID_56.1_-156.0,56.08400836100821,-155.969121935135,,,,,,
GRID_56.1_-154.0,56.08400836100821,-153.969121935135,,,,,,
GRID_56.1_-152.0,56.08400836100821,-151.969121935135,,,,,,
GRID_56.1_-150.0,56.08400836100821,-149.969121935135,,,,,,
GRID_56.1_-148.0,56.08400836100821,-147.969121935135,,,,,,
GRID_56.1_-146.0,56.08400836100821,-145.969121935135,,,,,,
GRID_56.1_-144.0,56.08400836100821,-143.969121935135,,,,,,
GRID_56.1_-142.0,56.08400836100821,-141.969121935135,,,,,,
GRID_56.1_-140.0,56.08400836100821,-139.969121935135,,,,,,
GRID_56.1_-138.0,56.08400836100821,-137.969121935135,,,,,,
GRID_56.1_-136.0,56.08400836100821,-135.969121935135,,,,,,
GRID_56.1_-134.0,56.08400836100821,-133.969121935135,,,,,,
GRID_56.1_-132.0,56.08400836100821,-131.969121935135,,,,,,
GRID_56.1_-130.0,56.08400836100821,-129.969121935135,,,,,,
GRID_56.1_-128.0,56.08400836100821,-127.96912193513501,,,,,,
GRID_56.1_-126.0,56.08400836100821,-125.96912193513501,,,,,,
GRID_56.1_-124.0,56.08400836100821,-123.96912193513501,,,,,,
GRID_56.1_-122.0,56.08400836100821,-121.96912193513501,,,,,,
GRID_56.1_-120.0,56.08400836100821,-119.96912193513501,,,,,,
GRID_56.1_-118.0,56.08400836100821,-117.96912193513501,,,,,,
GRID_56.1_-116.0,56.08400836100821,-115.96912193513501,,,,,,
GRID_56.1_-114.0,56.08400836100821,-113.96912193513501,,,,,,
GRID_56.1_-112.0,56.08400836100821,-111.96912193513501,,,,,,
GRID_56.1_-110.0,56.08400836100821,-109.96912193513501,,,,,,
GRID_56.1_-108.0,56.08400836100821,-107.96912193513501,,,,,,
GRID_56.1_-106.0,56.08400836100821,-105.96912193513501,,,,,,
GRID_56.1_-104.0,56.08400836100821,-103.96912193513501,,,,,,
GRID_56.1_-102.0,56.08400836100821,-101.96912193513501,,,,,,
GRID_56.1_-100.0,56.08400836100821,-99.96912193513501,,,,,,
GRID_56.1_-98.0,56.08400836100821,-97.96912193513501,,,,,,
GRID_56.1_-96.0,56.08400836100821,-95.96912193513501,,,,,,
GRID_56.1_-94.0,56.08400836100821,-93.96912193513501,,,,,,
GRID_56.1_-92.0,56.08400836100821,-91.96912193513501,,,,,,
GRID_56.1_-90.0,56.08400836100821,-89.96912193513501,,,,,,
GRID_56.1_-88.0,56.08400836100821,-87.96912193513501,,,,,,
GRID_56.1_-86.0,56.08400836100821,-85.96912193513501,,,,,,
GRID_56.1_-84.0,56.08400836100821,-83.96912193513501,,,,,,
GRID_56.1_-82.0,56.08400836100821,-81.96912193513501,,,,,,
GRID_56.1_-80.0,56.08400836100821,-79.96912193513501,,,,,,
GRID_56.1_-78.0,56.08400836100821,-77.96912193513501,,,,,,
GRID_56.1_-76.0,56.08400836100821,-75.96912193513501,,,,,,
GRID_56.1_-74.0,56.08400836100821,-73.96912193513501,,,,,,
GRID_56.1_-72.0,56.08400836100821,-71.96912193513501,,,,,,
GRID_56.1_-70.0,56.08400836100821,-69.96912193513501,,,,,,
GRID_56.1_-68.0,56.08400836100821,-67.96912193513501,,,,,,
GRID_56.1_-66.0,56.08400836100821,-65.96912193513501,,,,,,
GRID_56.1_-64.0,56.08400836100821,-63.96912193513501,,,,,,
GRID_56.1_-62.0,56.08400836100821,-61.96912193513501,,,,,,
GRID_56.1_-60.0,56.08400836100821,-59.96912193513501,,,,,,
GRID_56.1_-58.0,56.08400836100821,-57.96912193513501,,,,,,
GRID_56.1_-56.0,56.08400836100821,-55.96912193513501,,,,,,
GRID_56.1_-54.0,56.08400836100821,-53.96912193513501,,,,,,
GRID_56.1_-52.0,56.08400836100821,-51.96912193513501,,,,,,
GRID_56.1_-50.0,56.08400836100821,-49.96912193513501,,,,,,
GRID_58.1_-180.0,58.08400836100821,-179.969121935135,,,,,,
GRID_58.1_-178.0,58.08400836100821,-177.969121935135,,,,,,
GRID_58.1_-176.0,58.08400836100821,-175.969121935135,,,,,,
GRID_58.1_-174.0,58.08400836100821,-173.969121935135,,,,,,
GRID_58.1_-172.0,58.08400836100821,-171.969121935135,,,,,,
GRID_58.1_-170.0,58.08400836100821,-169.969121935135,,,,,,
GRID_58.1_-168.0,58.08400836100821,-167.969121935135,,,,,,
GRID_58.1_-166.0,58.08400836100821,-165.969121935135,,,,,,
GRID_58.1_-164.0,58.08400836100821,-163.969121935135,,,,,,
GRID_58.1_-162.0,58.08400836100821,-161.969121935135,,,,,,
GRID_58.1_-160.0,58.08400836100821,-159.969121935135,,,,,,
GRID_58.1_-158.0,58.08400836100821,-157.969121935135,,,,,,
GRID_58.1_-156.0,58.08400836100821,-155.969121935135,,,,,,
GRID_58.1_-154.0,58.08400836100821,-153.969121935135,,,,,,
GRID_58.1_-152.0,58.08400836100821,-151.969121935135,,,,,,
GRID_58.1_-150.0,58.08400836100821,-149.969121935135,,,,,,
GRID_58.1_-148.0,58.08400836100821,-147.969121935135,,,,,,
GRID_58.1_-146.0,58.08400836100821,-145.969121935135,,,,,,
GRID_58.1_-144.0,58.08400836100821,-143.969121935135,,,,,,
GRID_58.1_-142.0,58.08400836100821,-141.969121935135,,,,,,
GRID_58.1_-140.0,58.08400836100821,-139.969121935135,,,,,,
GRID_58.1_-138.0,58.08400836100821,-137.969121935135,,,,,,
GRID_58.1_-136.0,58.08400836100821,-135.969121935135,,,,,,
GRID_58.1_-134.0,58.08400836100821,-133.969121935135,,,,,,
GRID_58.1_-132.0,58.08400836100821,-131.969121935135,,,,,,
GRID_58.1_-130.0,58.08400836100821,-129.969121935135,,,,,,
GRID_58.1_-128.0,58.08400836100821,-127.96912193513501,,,,,,
GRID_58.1_-126.0,58.08400836100821,-125.96912193513501,,,,,,
GRID_58.1_-124.0,58.08400836100821,-123.96912193513501,,,,,,
GRID_58.1_-122.0,58.08400836100821,-121.96912193513501,,,,,,
GRID_58.1_-120.0,58.08400836100821,-119.96912193513501,,,,,,
GRID_58.1_-118.0,58.08400836100821,-117.96912193513501,,,,,,
GRID_58.1_-116.0,58.08400836100821,-115.96912193513501,,,,,,
GRID_58.1_-114.0,58.08400836100821,-113.96912193513501,,,,,,
GRID_58.1_-112.0,58.08400836100821,-111.96912193513501,,,,,,
GRID_58.1_-110.0,58.08400836100821,-109.96912193513501,,,,,,
GRID_58.1_-108.0,58.08400836100821,-107.96912193513501,,,,,,
GRID_58.1_-106.0,58.08400836100821,-105.96912193513501,,,,,,
GRID_58.1_-104.0,58.08400836100821,-103.96912193513501,,,,,,
GRID_58.1_-102.0,58.08400836100821,-101.96912193513501,,,,,,
GRID_58.1_-100.0,58.08400836100821,-99.96912193513501,,,,,,
GRID_58.1_-98.0,58.08400836100821,-97.96912193513501,,,,,,
GRID_58.1_-96.0,58.08400836100821,-95.96912193513501,,,,,,
GRID_58.1_-94.0,58.08400836100821,-93.96912193513501,,,,,,
GRID_58.1_-92.0,58.08400836100821,-91.96912193513501,,,,,,
GRID_58.1_-90.0,58.08400836100821,-89.96912193513501,,,,,,
GRID_58.1_-88.0,58.08400836100821,-87.96912193513501,,,,,,
GRID_58.1_-86.0,58.08400836100821,-85.96912193513501,,,,,,
GRID_58.1_-84.0,58.08400836100821,-83.96912193513501,,,,,,
GRID_58.1_-82.0,58.08400836100821,-81.96912193513501,,,,,,
GRID_58.1_-80.0,58.08400836100821,-79.96912193513501,,,,,,
GRID_58.1_-78.0,58.08400836100821,-77.96912193513501,,,,,,
GRID_58.1_-76.0,58.08400836100821,-75.96912193513501,,,,,,
GRID_58.1_-74.0,58.08400836100821,-73.96912193513501,,,,,,
GRID_58.1_-72.0,58.08400836100821,-71.96912193513501,,,,,,
GRID_58.1_-70.0,58.08400836100821,-69.96912193513501,,,,,,
GRID_58.1_-68.0,58.08400836100821,-67.96912193513501,,,,,,
GRID_58.1_-66.0,58.08400836100821,-65.96912193513501,,,,,,
GRID_58.1_-64.0,58.08400836100821,-63.96912193513501,,,,,,
GRID_58.1_-62.0,58.08400836100821,-61.96912193513501,,,,,,
GRID_58.1_-60.0,58.08400836100821,-59.96912193513501,,,,,,
GRID_58.1_-58.0,58.08400836100821,-57.96912193513501,,,,,,
GRID_58.1_-56.0,58.08400836100821,-55.96912193513501,,,,,,
GRID_58.1_-54.0,58.08400836100821,-53.96912193513501,,,,,,
GRID_58.1_-52.0,58.08400836100821,-51.96912193513501,,,,,,
GRID_58.1_-50.0,58.08400836100821,-49.96912193513501,,,,,,
GRID_60.1_-180.0,60.08400836100821,-179.969121935135,,,,,,
GRID_60.1_-178.0,60.08400836100821,-177.969121935135,,,,,,
GRID_60.1_-176.0,60.08400836100821,-175.969121935135,,,,,,
GRID_60.1_-174.0,60.08400836100821,-173.969121935135,,,,,,
GRID_60.1_-172.0,60.08400836100821,-171.969121935135,,,,,,
GRID_60.1_-170.0,60.08400836100821,-169.969121935135,,,,,,
GRID_60.1_-168.0,60.08400836100821,-167.969121935135,,,,,,
GRID_60.1_-166.0,60.08400836100821,-165.969121935135,,,,,,
GRID_60.1_-164.0,60.08400836100821,-163.969121935135,,,,,,
GRID_60.1_-162.0,60.08400836100821,-161.969121935135,,,,,,
GRID_60.1_-160.0,60.08400836100821,-159.969121935135,,,,,,
GRID_60.1_-158.0,60.08400836100821,-157.969121935135,,,,,,
GRID_60.1_-156.0,60.08400836100821,-155.969121935135,,,,,,
GRID_60.1_-154.0,60.08400836100821,-153.969121935135,,,,,,
GRID_60.1_-152.0,60.08400836100821,-151.969121935135,,,,,,
GRID_60.1_-150.0,60.08400836100821,-149.969121935135,,,,,,
GRID_60.1_-148.0,60.08400836100821,-147.969121935135,,,,,,
GRID_60.1_-146.0,60.08400836100821,-145.969121935135,,,,,,
GRID_60.1_-144.0,60.08400836100821,-143.969121935135,,,,,,
GRID_60.1_-142.0,60.08400836100821,-141.969121935135,,,,,,
GRID_60.1_-140.0,60.08400836100821,-139.969121935135,,,,,,
GRID_60.1_-138.0,60.08400836100821,-137.969121935135,,,,,,
GRID_60.1_-136.0,60.08400836100821,-135.969121935135,,,,,,
GRID_60.1_-134.0,60.08400836100821,-133.969121935135,,,,,,
GRID_60.1_-132.0,60.08400836100821,-131.969121935135,,,,,,
GRID_60.1_-130.0,60.08400836100821,-129.969121935135,,,,,,
GRID_60.1_-128.0,60.08400836100821,-127.96912193513501,,,,,,
GRID_60.1_-126.0,60.08400836100821,-125.96912193513501,,,,,,
GRID_60.1_-124.0,60.08400836100821,-123.96912193513501,,,,,,
GRID_60.1_-122.0,60.08400836100821,-121.96912193513501,,,,,,
GRID_60.1_-120.0,60.08400836100821,-119.96912193513501,,,,,,
GRID_60.1_-118.0,60.08400836100821,-117.96912193513501,,,,,,
GRID_60.1_-116.0,60.08400836100821,-115.96912193513501,,,,,,
GRID_60.1_-114.0,60.08400836100821,-113.96912193513501,,,,,,
GRID_60.1_-112.0,60.08400836100821,-111.96912193513501,,,,,,
GRID_60.1_-110.0,60.08400836100821,-109.96912193513501,,,,,,
GRID_60.1_-108.0,60.08400836100821,-107.96912193513501,,,,,,
GRID_60.1_-106.0,60.08400836100821,-105.96912193513501,,,,,,
GRID_60.1_-104.0,60.08400836100821,-103.96912193513501,,,,,,
GRID_60.1_-102.0,60.08400836100821,-101.96912193513501,,,,,,
GRID_60.1_-100.0,60.08400836100821,-99.96912193513501,,,,,,
GRID_60.1_-98.0,60.08400836100821,-97.96912193513501,,,,,,
GRID_60.1_-96.0,60.08400836100821,-95.96912193513501,,,,,,
GRID_60.1_-94.0,60.08400836100821,-93.96912193513501,,,,,,
GRID_60.1_-92.0,60.08400836100821,-91.96912193513501,,,,,,
GRID_60.1_-90.0,60.08400836100821,-89.96912193513501,,,,,,
GRID_60.1_-88.0,60.08400836100821,-87.96912193513501,,,,,,
GRID_60.1_-86.0,60.08400836100821,-85.96912193513501,,,,,,
GRID_60.1_-84.0,60.08400836100821,-83.96912193513501,,,,,,
GRID_60.1_-82.0,60.08400836100821,-81.96912193513501,,,,,,
GRID_60.1_-80.0,60.08400836100821,-79.96912193513501,,,,,,
GRID_60.1_-78.0,60.08400836100821,-77.96912193513501,,,,,,
GRID_60.1_-76.0,60.08400836100821,-75.96912193513501,,,,,,
GRID_60.1_-74.0,60.08400836100821,-73.96912193513501,,,,,,
GRID_60.1_-72.0,60.08400836100821,-71.96912193513501,,,,,,
GRID_60.1_-70.0,60.08400836100821,-69.96912193513501,,,,,,
GRID_60.1_-68.0,60.08400836100821,-67.96912193513501,,,,,,
GRID_60.1_-66.0,60.08400836100821,-65.96912193513501,,,,,,
GRID_60.1_-64.0,60.08400836100821,-63.96912193513501,,,,,,
GRID_60.1_-62.0,60.08400836100821,-61.96912193513501,,,,,,
GRID_60.1_-60.0,60.08400836100821,-59.96912193513501,,,,,,
GRID_60.1_-58.0,60.08400836100821,-57.96912193513501,,,,,,
GRID_60.1_-56.0,60.08400836100821,-55.96912193513501,,,,,,
GRID_60.1_-54.0,60.08400836100821,-53.96912193513501,,,,,,
GRID_60.1_-52.0,60.08400836100821,-51.96912193513501,,,,,,
GRID_60.1_-50.0,60.08400836100821,-49.96912193513501,,,,,,
GRID_62.1_-180.0,62.08400836100821,-179.969121935135,,,,,,
GRID_62.1_-178.0,62.08400836100821,-177.969121935135,,,,,,
GRID_62.1_-176.0,62.08400836100821,-175.969121935135,,,,,,
GRID_62.1_-174.0,62.08400836100821,-173.969121935135,,,,,,
GRID_62.1_-172.0,62.08400836100821,-171.969121935135,,,,,,
GRID_62.1_-170.0,62.08400836100821,-169.969121935135,,,,,,
GRID_62.1_-168.0,62.08400836100821,-167.969121935135,,,,,,
GRID_62.1_-166.0,62.08400836100821,-165.969121935135,,,,,,
GRID_62.1_-164.0,62.08400836100821,-163.969121935135,,,,,,
GRID_62.1_-162.0,62.08400836100821,-161.969121935135,,,,,,
GRID_62.1_-160.0,62.08400836100821,-159.969121935135,,,,,,
GRID_62.1_-158.0,62.08400836100821,-157.969121935135,,,,,,
GRID_62.1_-156.0,62.08400836100821,-155.969121935135,,,,,,
GRID_62.1_-154.0,62.08400836100821,-153.969121935135,,,,,,
GRID_62.1_-152.0,62.08400836100821,-151.969121935135,,,,,,
GRID_62.1_-150.0,62.08400836100821,-149.969121935135,,,,,,
GRID_62.1_-148.0,62.08400836100821,-147.969121935135,,,,,,
GRID_62.1_-146.0,62.08400836100821,-145.969121935135,,,,,,
GRID_62.1_-144.0,62.08400836100821,-143.969121935135,,,,,,
GRID_62.1_-142.0,62.08400836100821,-141.969121935135,,,,,,
GRID_62.1_-140.0,62.08400836100821,-139.969121935135,,,,,,
GRID_62.1_-138.0,62.08400836100821,-137.969121935135,,,,,,
GRID_62.1_-136.0,62.08400836100821,-135.969121935135,,,,,,
GRID_62.1_-134.0,62.08400836100821,-133.969121935135,,,,,,
GRID_62.1_-132.0,62.08400836100821,-131.969121935135,,,,,,
GRID_62.1_-130.0,62.08400836100821,-129.969121935135,,,,,,
GRID_62.1_-128.0,62.08400836100821,-127.96912193513501,,,,,,
GRID_62.1_-126.0,62.08400836100821,-125.96912193513501,,,,,,
GRID_62.1_-124.0,62.08400836100821,-123.96912193513501,,,,,,
GRID_62.1_-122.0,62.08400836100821,-121.96912193513501,,,,,,
GRID_62.1_-120.0,62.08400836100821,-119.96912193513501,,,,,,
GRID_62.1_-118.0,62.08400836100821,-117.96912193513501,,,,,,
GRID_62.1_-116.0,62.08400836100821,-115.96912193513501,,,,,,
GRID_62.1_-114.0,62.08400836100821,-113.96912193513501,,,,,,
GRID_62.1_-112.0,62.08400836100821,-111.96912193513501,,,,,,
GRID_62.1_-110.0,62.08400836100821,-109.96912193513501,,,,,,
GRID_62.1_-108.0,62.08400836100821,-107.96912193513501,,,,,,
GRID_62.1_-106.0,62.08400836100821,-105.96912193513501,,,,,,
GRID_62.1_-104.0,62.08400836100821,-103.96912193513501,,,,,,
GRID_62.1_-102.0,62.08400836100821,-101.96912193513501,,,,,,
GRID_62.1_-100.0,62.08400836100821,-99.96912193513501,,,,,,
GRID_62.1_-98.0,62.08400836100821,-97.96912193513501,,,,,,
GRID_62.1_-96.0,62.08400836100821,-95.96912193513501,,,,,,
GRID_62.1_-94.0,62.08400836100821,-93.96912193513501,,,,,,
GRID_62.1_-92.0,62.08400836100821,-91.96912193513501,,,,,,
GRID_62.1_-90.0,62.08400836100821,-89.96912193513501,,,,,,
GRID_62.1_-88.0,62.08400836100821,-87.96912193513501,,,,,,
GRID_62.1_-86.0,62.08400836100821,-85.96912193513501,,,,,,
GRID_62.1_-84.0,62.08400836100821,-83.96912193513501,,,,,,
GRID_62.1_-82.0,62.08400836100821,-81.96912193513501,,,,,,
GRID_62.1_-80.0,62.08400836100821,-79.96912193513501,,,,,,
GRID_62.1_-78.0,62.08400836100821,-77.96912193513501,,,,,,
GRID_62.1_-76.0,62.08400836100821,-75.96912193513501,,,,,,
GRID_62.1_-74.0,62.08400836100821,-73.96912193513501,,,,,,
GRID_62.1_-72.0,62.08400836100821,-71.96912193513501,,,,,,
GRID_62.1_-70.0,62.08400836100821,-69.96912193513501,,,,,,
GRID_62.1_-68.0,62.08400836100821,-67.96912193513501,,,,,,
GRID_62.1_-66.0,62.08400836100821,-65.96912193513501,,,,,,
GRID_62.1_-64.0,62.08400836100821,-63.96912193513501,,,,,,
GRID_62.1_-62.0,62.08400836100821,-61.96912193513501,,,,,,
GRID_62.1_-60.0,62.08400836100821,-59.96912193513501,,,,,,
GRID_62.1_-58.0,62.08400836100821,-57.96912193513501,,,,,,
GRID_62.1_-56.0,62.08400836100821,-55.96912193513501,,,,,,
GRID_62.1_-54.0,62.08400836100821,-53.96912193513501,,,,,,
GRID_62.1_-52.0,62.08400836100821,-51.96912193513501,,,,,,
GRID_62.1_-50.0,62.08400836100821,-49.96912193513501,,,,,,
GRID_64.1_-180.0,64.08400836100822,-179.969121935135,,,,,,
GRID_64.1_-178.0,64.08400836100822,-177.969121935135,,,,,,
GRID_64.1_-176.0,64.08400836100822,-175.969121935135,,,,,,
GRID_64.1_-174.0,64.08400836100822,-173.969121935135,,,,,,
GRID_64.1_-172.0,64.08400836100822,-171.969121935135,,,,,,
GRID_64.1_-170.0,64.08400836100822,-169.969121935135,,,,,,
GRID_64.1_-168.0,64.08400836100822,-167.969121935135,,,,,,
GRID_64.1_-166.0,64.08400836100822,-165.969121935135,,,,,,
GRID_64.1_-164.0,64.08400836100822,-163.969121935135,,,,,,
GRID_64.1_-162.0,64.08400836100822,-161.969121935135,,,,,,
GRID_64.1_-160.0,64.08400836100822,-159.969121935135,,,,,,
GRID_64.1_-158.0,64.08400836100822,-157.969121935135,,,,,,
GRID_64.1_-156.0,64.08400836100822,-155.969121935135,,,,,,
GRID_64.1_-154.0,64.08400836100822,-153.969121935135,,,,,,
GRID_64.1_-152.0,64.08400836100822,-151.969121935135,,,,,,
GRID_64.1_-150.0,64.08400836100822,-149.969121935135,,,,,,
GRID_64.1_-148.0,64.08400836100822,-147.969121935135,,,,,,
GRID_64.1_-146.0,64.08400836100822,-145.969121935135,,,,,,
GRID_64.1_-144.0,64.08400836100822,-143.969121935135,,,,,,
GRID_64.1_-142.0,64.08400836100822,-141.969121935135,,,,,,
GRID_64.1_-140.0,64.08400836100822,-139.969121935135,,,,,,
GRID_64.1_-138.0,64.08400836100822,-137.969121935135,,,,,,
GRID_64.1_-136.0,64.08400836100822,-135.969121935135,,,,,,
GRID_64.1_-134.0,64.08400836100822,-133.969121935135,,,,,,
GRID_64.1_-132.0,64.08400836100822,-131.969121935135,,,,,,
GRID_64.1_-130.0,64.08400836100822,-129.969121935135,,,,,,
GRID_64.1_-128.0,64.08400836100822,-127.96912193513501,,,,,,
GRID_64.1_-126.0,64.08400836100822,-125.96912193513501,,,,,,
GRID_64.1_-124.0,64.08400836100822,-123.96912193513501,,,,,,
GRID_64.1_-122.0,64.08400836100822,-121.96912193513501,,,,,,
GRID_64.1_-120.0,64.08400836100822,-119.96912193513501,,,,,,
GRID_64.1_-118.0,64.08400836100822,-117.96912193513501,,,,,,
GRID_64.1_-116.0,64.08400836100822,-115.96912193513501,,,,,,
GRID_64.1_-114.0,64.08400836100822,-113.96912193513501,,,,,,
GRID_64.1_-112.0,64.08400836100822,-111.96912193513501,,,,,,
GRID_64.1_-110.0,64.08400836100822,-109.96912193513501,,,,,,
GRID_64.1_-108.0,64.08400836100822,-107.96912193513501,,,,,,
GRID_64.1_-106.0,64.08400836100822,-105.96912193513501,,,,,,
GRID_64.1_-104.0,64.08400836100822,-103.96912193513501,,,,,,
GRID_64.1_-102.0,64.08400836100822,-101.96912193513501,,,,,,
GRID_64.1_-100.0,64.08400836100822,-99.96912193513501,,,,,,
GRID_64.1_-98.0,64.08400836100822,-97.96912193513501,,,,,,
GRID_64.1_-96.0,64.08400836100822,-95.96912193513501,,,,,,
GRID_64.1_-94.0,64.08400836100822,-93.96912193513501,,,,,,
GRID_64.1_-92.0,64.08400836100822,-91.96912193513501,,,,,,
GRID_64.1_-90.0,64.08400836100822,-89.96912193513501,,,,,,
GRID_64.1_-88.0,64.08400836100822,-87.96912193513501,,,,,,
GRID_64.1_-86.0,64.08400836100822,-85.96912193513501,,,,,,
GRID_64.1_-84.0,64.08400836100822,-83.96912193513501,,,,,,
GRID_64.1_-82.0,64.08400836100822,-81.96912193513501,,,,,,
GRID_64.1_-80.0,64.08400836100822,-79.96912193513501,,,,,,
GRID_64.1_-78.0,64.08400836100822,-77.96912193513501,,,,,,
GRID_64.1_-76.0,64.08400836100822,-75.96912193513501,,,,,,
GRID_64.1_-74.0,64.08400836100822,-73.96912193513501,,,,,,
GRID_64.1_-72.0,64.08400836100822,-71.96912193513501,,,,,,
GRID_64.1_-70.0,64.08400836100822,-69.96912193513501,,,,,,
GRID_64.1_-68.0,64.08400836100822,-67.96912193513501,,,,,,
GRID_64.1_-66.0,64.08400836100822,-65.96912193513501,,,,,,
GRID_64.1_-64.0,64.08400836100822,-63.96912193513501,,,,,,
GRID_64.1_-62.0,64.08400836100822,-61.96912193513501,,,,,,
GRID_64.1_-60.0,64.08400836100822,-59.96912193513501,,,,,,
GRID_64.1_-58.0,64.08400836100822,-57.96912193513501,,,,,,
GRID_64.1_-56.0,64.08400836100822,-55.96912193513501,,,,,,
GRID_64.1_-54.0,64.08400836100822,-53.96912193513501,,,,,,
GRID_64.1_-52.0,64.08400836100822,-51.96912193513501,,,,,,
GRID_64.1_-50.0,64.08400836100822,-49.96912193513501,,,,,,
GRID_66.1_-180.0,66.08400836100822,-179.969121935135,,,,,,
GRID_66.1_-178.0,66.08400836100822,-177.969121935135,,,,,,
GRID_66.1_-176.0,66.08400836100822,-175.969121935135,,,,,,
GRID_66.1_-174.0,66.08400836100822,-173.969121935135,,,,,,
GRID_66.1_-172.0,66.08400836100822,-171.969121935135,,,,,,
GRID_66.1_-170.0,66.08400836100822,-169.969121935135,,,,,,
GRID_66.1_-168.0,66.08400836100822,-167.969121935135,,,,,,
GRID_66.1_-166.0,66.08400836100822,-165.969121935135,,,,,,
GRID_66.1_-164.0,66.08400836100822,-163.969121935135,,,,,,
GRID_66.1_-162.0,66.08400836100822,-161.969121935135,,,,,,
GRID_66.1_-160.0,66.08400836100822,-159.969121935135,,,,,,
GRID_66.1_-158.0,66.08400836100822,-157.969121935135,,,,,,
GRID_66.1_-156.0,66.08400836100822,-155.969121935135,,,,,,
GRID_66.1_-154.0,66.08400836100822,-153.969121935135,,,,,,
GRID_66.1_-152.0,66.08400836100822,-151.969121935135,,,,,,
GRID_66.1_-150.0,66.08400836100822,-149.969121935135,,,,,,
GRID_66.1_-148.0,66.08400836100822,-147.969121935135,,,,,,
GRID_66.1_-146.0,66.08400836100822,-145.969121935135,,,,,,
GRID_66.1_-144.0,66.08400836100822,-143.969121935135,,,,,,
GRID_66.1_-142.0,66.08400836100822,-141.969121935135,,,,,,
GRID_66.1_-140.0,66.08400836100822,-139.969121935135,,,,,,
GRID_66.1_-138.0,66.08400836100822,-137.969121935135,,,,,,
GRID_66.1_-136.0,66.08400836100822,-135.969121935135,,,,,,
GRID_66.1_-134.0,66.08400836100822,-133.969121935135,,,,,,
GRID_66.1_-132.0,66.08400836100822,-131.969121935135,,,,,,
GRID_66.1_-130.0,66.08400836100822,-129.969121935135,,,,,,
GRID_66.1_-128.0,66.08400836100822,-127.96912193513501,,,,,,
GRID_66.1_-126.0,66.08400836100822,-125.96912193513501,,,,,,
GRID_66.1_-124.0,66.08400836100822,-123.96912193513501,,,,,,
GRID_66.1_-122.0,66.08400836100822,-121.96912193513501,,,,,,
GRID_66.1_-120.0,66.08400836100822,-119.96912193513501,,,,,,
GRID_66.1_-118.0,66.08400836100822,-117.96912193513501,,,,,,
GRID_66.1_-116.0,66.08400836100822,-115.96912193513501,,,,,,
GRID_66.1_-114.0,66.08400836100822,-113.96912193513501,,,,,,
GRID_66.1_-112.0,66.08400836100822,-111.96912193513501,,,,,,
GRID_66.1_-110.0,66.08400836100822,-109.96912193513501,,,,,,
GRID_66.1_-108.0,66.08400836100822,-107.96912193513501,,,,,,
GRID_66.1_-106.0,66.08400836100822,-105.96912193513501,,,,,,
GRID_66.1_-104.0,66.08400836100822,-103.96912193513501,,,,,,
GRID_66.1_-102.0,66.08400836100822,-101.96912193513501,,,,,,
GRID_66.1_-100.0,66.08400836100822,-99.96912193513501,,,,,,
GRID_66.1_-98.0,66.08400836100822,-97.96912193513501,,,,,,
GRID_66.1_-96.0,66.08400836100822,-95.96912193513501,,,,,,
GRID_66.1_-94.0,66.08400836100822,-93.96912193513501,,,,,,
GRID_66.1_-92.0,66.08400836100822,-91.96912193513501,,,,,,
GRID_66.1_-90.0,66.08400836100822,-89.96912193513501,,,,,,
GRID_66.1_-88.0,66.08400836100822,-87.96912193513501,,,,,,
GRID_66.1_-86.0,66.08400836100822,-85.96912193513501,,,,,,
GRID_66.1_-84.0,66.08400836100822,-83.96912193513501,,,,,,
GRID_66.1_-82.0,66.08400836100822,-81.96912193513501,,,,,,
GRID_66.1_-80.0,66.08400836100822,-79.96912193513501,,,,,,
GRID_66.1_-78.0,66.08400836100822,-77.96912193513501,,,,,,
GRID_66.1_-76.0,66.08400836100822,-75.96912193513501,,,,,,
GRID_66.1_-74.0,66.08400836100822,-73.96912193513501,,,,,,
GRID_66.1_-72.0,66.08400836100822,-71.96912193513501,,,,,,
GRID_66.1_-70.0,66.08400836100822,-69.96912193513501,,,,,,
GRID_66.1_-68.0,66.08400836100822,-67.96912193513501,,,,,,
GRID_66.1_-66.0,66.08400836100822,-65.96912193513501,,,,,,
GRID_66.1_-64.0,66.08400836100822,-63.96912193513501,,,,,,
GRID_66.1_-62.0,66.08400836100822,-61.96912193513501,,,,,,
GRID_66.1_-60.0,66.08400836100822,-59.96912193513501,,,,,,
GRID_66.1_-58.0,66.08400836100822,-57.96912193513501,,,,,,
GRID_66.1_-56.0,66.08400836100822,-55.96912193513501,,,,,,
GRID_66.1_-54.0,66.08400836100822,-53.96912193513501,,,,,,
GRID_66.1_-52.0,66.08400836100822,-51.96912193513501,,,,,,
GRID_66.1_-50.0,66.08400836100822,-49.96912193513501,,,,,,
GRID_68.1_-180.0,68.08400836100822,-179.969121935135,,,,,,
GRID_68.1_-178.0,68.08400836100822,-177.969121935135,,,,,,
GRID_68.1_-176.0,68.08400836100822,-175.969121935135,,,,,,
GRID_68.1_-174.0,68.08400836100822,-173.969121935135,,,,,,
GRID_68.1_-172.0,68.08400836100822,-171.969121935135,,,,,,
GRID_68.1_-170.0,68.08400836100822,-169.969121935135,,,,,,
GRID_68.1_-168.0,68.08400836100822,-167.969121935135,,,,,,
GRID_68.1_-166.0,68.08400836100822,-165.969121935135,,,,,,
GRID_68.1_-164.0,68.08400836100822,-163.969121935135,,,,,,
GRID_68.1_-162.0,68.08400836100822,-161.969121935135,,,,,,
GRID_68.1_-160.0,68.08400836100822,-159.969121935135,,,,,,
GRID_68.1_-158.0,68.08400836100822,-157.969121935135,,,,,,
GRID_68.1_-156.0,68.08400836100822,-155.969121935135,,,,,,
GRID_68.1_-154.0,68.08400836100822,-153.969121935135,,,,,,
GRID_68.1_-152.0,68.08400836100822,-151.969121935135,,,,,,
GRID_68.1_-150.0,68.08400836100822,-149.969121935135,,,,,,
GRID_68.1_-148.0,68.08400836100822,-147.969121935135,,,,,,
GRID_68.1_-146.0,68.08400836100822,-145.969121935135,,,,,,
GRID_68.1_-144.0,68.08400836100822,-143.969121935135,,,,,,
GRID_68.1_-142.0,68.08400836100822,-141.969121935135,,,,,,
GRID_68.1_-140.0,68.08400836100822,-139.969121935135,,,,,,
GRID_68.1_-138.0,68.08400836100822,-137.969121935135,,,,,,
GRID_68.1_-136.0,68.08400836100822,-135.969121935135,,,,,,
GRID_68.1_-134.0,68.08400836100822,-133.969121935135,,,,,,
GRID_68.1_-132.0,68.08400836100822,-131.969121935135,,,,,,
GRID_68.1_-130.0,68.08400836100822,-129.969121935135,,,,,,
GRID_68.1_-128.0,68.08400836100822,-127.96912193513501,,,,,,
GRID_68.1_-126.0,68.08400836100822,-125.96912193513501,,,,,,
GRID_68.1_-124.0,68.08400836100822,-123.96912193513501,,,,,,
GRID_68.1_-122.0,68.08400836100822,-121.96912193513501,,,,,,
GRID_68.1_-120.0,68.08400836100822,-119.96912193513501,,,,,,
GRID_68.1_-118.0,68.08400836100822,-117.96912193513501,,,,,,
GRID_68.1_-116.0,68.08400836100822,-115.96912193513501,,,,,,
GRID_68.1_-114.0,68.08400836100822,-113.96912193513501,,,,,,
GRID_68.1_-112.0,68.08400836100822,-111.96912193513501,,,,,,
GRID_68.1_-110.0,68.08400836100822,-109.96912193513501,,,,,,
GRID_68.1_-108.0,68.08400836100822,-107.96912193513501,,,,,,
GRID_68.1_-106.0,68.08400836100822,-105.96912193513501,,,,,,
GRID_68.1_-104.0,68.08400836100822,-103.96912193513501,,,,,,
GRID_68.1_-102.0,68.08400836100822,-101.96912193513501,,,,,,
GRID_68.1_-100.0,68.08400836100822,-99.96912193513501,,,,,,
GRID_68.1_-98.0,68.08400836100822,-97.96912193513501,,,,,,
GRID_68.1_-96.0,68.08400836100822,-95.96912193513501,,,,,,
GRID_68.1_-94.0,68.08400836100822,-93.96912193513501,,,,,,
GRID_68.1_-92.0,68.08400836100822,-91.96912193513501,,,,,,
GRID_68.1_-90.0,68.08400836100822,-89.96912193513501,,,,,,
GRID_68.1_-88.0,68.08400836100822,-87.96912193513501,,,,,,
GRID_68.1_-86.0,68.08400836100822,-85.96912193513501,,,,,,
GRID_68.1_-84.0,68.08400836100822,-83.96912193513501,,,,,,
GRID_68.1_-82.0,68.08400836100822,-81.96912193513501,,,,,,
GRID_68.1_-80.0,68.08400836100822,-79.96912193513501,,,,,,
GRID_68.1_-78.0,68.08400836100822,-77.96912193513501,,,,,,
GRID_68.1_-76.0,68.08400836100822,-75.96912193513501,,,,,,
GRID_68.1_-74.0,68.08400836100822,-73.96912193513501,,,,,,
GRID_68.1_-72.0,68.08400836100822,-71.96912193513501,,,,,,
GRID_68.1_-70.0,68.08400836100822,-69.96912193513501,,,,,,
GRID_68.1_-68.0,68.08400836100822,-67.96912193513501,,,,,,
GRID_68.1_-66.0,68.08400836100822,-65.96912193513501,,,,,,
GRID_68.1_-64.0,68.08400836100822,-63.96912193513501,,,,,,
GRID_68.1_-62.0,68.08400836100822,-61.96912193513501,,,,,,
GRID_68.1_-60.0,68.08400836100822,-59.96912193513501,,,,,,
GRID_68.1_-58.0,68.08400836100822,-57.96912193513501,,,,,,
GRID_68.1_-56.0,68.08400836100822,-55.96912193513501,,,,,,
GRID_68.1_-54.0,68.08400836100822,-53.96912193513501,,,,,,
GRID_68.1_-52.0,68.08400836100822,-51.96912193513501,,,,,,
GRID_68.1_-50.0,68.08400836100822,-49.96912193513501,,,,,,
GRID_70.1_-180.0,70.08400836100822,-179.969121935135,,,,,,
GRID_70.1_-178.0,70.08400836100822,-177.969121935135,,,,,,
GRID_70.1_-176.0,70.08400836100822,-175.969121935135,,,,,,
GRID_70.1_-174.0,70.08400836100822,-173.969121935135,,,,,,
GRID_70.1_-172.0,70.08400836100822,-171.969121935135,,,,,,
GRID_70.1_-170.0,70.08400836100822,-169.969121935135,,,,,,
GRID_70.1_-168.0,70.08400836100822,-167.969121935135,,,,,,
GRID_70.1_-166.0,70.08400836100822,-165.969121935135,,,,,,
GRID_70.1_-164.0,70.08400836100822,-163.969121935135,,,,,,
GRID_70.1_-162.0,70.08400836100822,-161.969121935135,,,,,,
GRID_70.1_-160.0,70.08400836100822,-159.969121935135,,,,,,
GRID_70.1_-158.0,70.08400836100822,-157.969121935135,,,,,,
GRID_70.1_-156.0,70.08400836100822,-155.969121935135,,,,,,
GRID_70.1_-154.0,70.08400836100822,-153.969121935135,,,,,,
GRID_70.1_-152.0,70.08400836100822,-151.969121935135,,,,,,
GRID_70.1_-150.0,70.08400836100822,-149.969121935135,,,,,,
GRID_70.1_-148.0,70.08400836100822,-147.969121935135,,,,,,
GRID_70.1_-146.0,70.08400836100822,-145.969121935135,,,,,,
GRID_70.1_-144.0,70.08400836100822,-143.969121935135,,,,,,
GRID_70.1_-142.0,70.08400836100822,-141.969121935135,,,,,,
GRID_70.1_-140.0,70.08400836100822,-139.969121935135,,,,,,
GRID_70.1_-138.0,70.08400836100822,-137.969121935135,,,,,,
GRID_70.1_-136.0,70.08400836100822,-135.969121935135,,,,,,
GRID_70.1_-134.0,70.08400836100822,-133.969121935135,,,,,,
GRID_70.1_-132.0,70.08400836100822,-131.969121935135,,,,,,
GRID_70.1_-130.0,70.08400836100822,-129.969121935135,,,,,,
GRID_70.1_-128.0,70.08400836100822,-127.96912193513501,,,,,,
GRID_70.1_-126.0,70.08400836100822,-125.96912193513501,,,,,,
GRID_70.1_-124.0,70.08400836100822,-123.96912193513501,,,,,,
GRID_70.1_-122.0,70.08400836100822,-121.96912193513501,,,,,,
GRID_70.1_-120.0,70.08400836100822,-119.96912193513501,,,,,,
GRID_70.1_-118.0,70.08400836100822,-117.96912193513501,,,,,,
GRID_70.1_-116.0,70.08400836100822,-115.96912193513501,,,,,,
GRID_70.1_-114.0,70.08400836100822,-113.96912193513501,,,,,,
GRID_70.1_-112.0,70.08400836100822,-111.96912193513501,,,,,,
GRID_70.1_-110.0,70.08400836100822,-109.96912193513501,,,,,,
GRID_70.1_-108.0,70.08400836100822,-107.96912193513501,,,,,,
GRID_70.1_-106.0,70.08400836100822,-105.96912193513501,,,,,,
GRID_70.1_-104.0,70.08400836100822,-103.96912193513501,,,,,,
GRID_70.1_-102.0,70.08400836100822,-101.96912193513501,,,,,,
GRID_70.1_-100.0,70.08400836100822,-99.96912193513501,,,,,,
GRID_70.1_-98.0,70.08400836100822,-97.96912193513501,,,,,,
GRID_70.1_-96.0,70.08400836100822,-95.96912193513501,,,,,,
GRID_70.1_-94.0,70.08400836100822,-93.96912193513501,,,,,,
GRID_70.1_-92.0,70.08400836100822,-91.96912193513501,,,,,,
GRID_70.1_-90.0,70.08400836100822,-89.96912193513501,,,,,,
GRID_70.1_-88.0,70.08400836100822,-87.96912193513501,,,,,,
GRID_70.1_-86.0,70.08400836100822,-85.96912193513501,,,,,,
GRID_70.1_-84.0,70.08400836100822,-83.96912193513501,,,,,,
GRID_70.1_-82.0,70.08400836100822,-81.96912193513501,,,,,,
GRID_70.1_-80.0,70.08400836100822,-79.96912193513501,,,,,,
GRID_70.1_-78.0,70.08400836100822,-77.96912193513501,,,,,,
GRID_70.1_-76.0,70.08400836100822,-75.96912193513501,,,,,,
GRID_70.1_-74.0,70.08400836100822,-73.96912193513501,,,,,,
GRID_70.1_-72.0,70.08400836100822,-71.96912193513501,,,,,,
GRID_70.1_-70.0,70.08400836100822,-69.96912193513501,,,,,,
GRID_70.1_-68.0,70.08400836100822,-67.96912193513501,,,,,,
GRID_70.1_-66.0,70.08400836100822,-65.96912193513501,,,,,,
GRID_70.1_-64.0,70.08400836100822,-63.96912193513501,,,,,,
GRID_70.1_-62.0,70.08400836100822,-61.96912193513501,,,,,,
GRID_70.1_-60.0,70.08400836100822,-59.96912193513501,,,,,,
GRID_70.1_-58.0,70.08400836100822,-57.96912193513501,,,,,,
GRID_70.1_-56.0,70.08400836100822,-55.96912193513501,,,,,,
GRID_70.1_-54.0,70.08400836100822,-53.96912193513501,,,,,,
GRID_70.1_-52.0,70.08400836100822,-51.96912193513501,,,,,,
GRID_70.1_-50.0,70.08400836100822,-49.96912193513501,,,,,,
GRID_72.1_-180.0,72.08400836100822,-179.969121935135,,,,,,
GRID_72.1_-178.0,72.08400836100822,-177.969121935135,,,,,,
GRID_72.1_-176.0,72.08400836100822,-175.969121935135,,,,,,
GRID_72.1_-174.0,72.08400836100822,-173.969121935135,,,,,,
GRID_72.1_-172.0,72.08400836100822,-171.969121935135,,,,,,
GRID_72.1_-170.0,72.08400836100822,-169.969121935135,,,,,,
GRID_72.1_-168.0,72.08400836100822,-167.969121935135,,,,,,
GRID_72.1_-166.0,72.08400836100822,-165.969121935135,,,,,,
GRID_72.1_-164.0,72.08400836100822,-163.969121935135,,,,,,
GRID_72.1_-162.0,72.08400836100822,-161.969121935135,,,,,,
GRID_72.1_-160.0,72.08400836100822,-159.969121935135,,,,,,
GRID_72.1_-158.0,72.08400836100822,-157.969121935135,,,,,,
GRID_72.1_-156.0,72.08400836100822,-155.969121935135,,,,,,
GRID_72.1_-154.0,72.08400836100822,-153.969121935135,,,,,,
GRID_72.1_-152.0,72.08400836100822,-151.969121935135,,,,,,
GRID_72.1_-150.0,72.08400836100822,-149.969121935135,,,,,,
GRID_72.1_-148.0,72.08400836100822,-147.969121935135,,,,,,
GRID_72.1_-146.0,72.08400836100822,-145.969121935135,,,,,,
GRID_72.1_-144.0,72.08400836100822,-143.969121935135,,,,,,
GRID_72.1_-142.0,72.08400836100822,-141.969121935135,,,,,,
GRID_72.1_-140.0,72.08400836100822,-139.969121935135,,,,,,
GRID_72.1_-138.0,72.08400836100822,-137.969121935135,,,,,,
GRID_72.1_-136.0,72.08400836100822,-135.969121935135,,,,,,
GRID_72.1_-134.0,72.08400836100822,-133.969121935135,,,,,,
GRID_72.1_-132.0,72.08400836100822,-131.969121935135,,,,,,
GRID_72.1_-130.0,72.08400836100822,-129.969121935135,,,,,,
GRID_72.1_-128.0,72.08400836100822,-127.96912193513501,,,,,,
GRID_72.1_-126.0,72.08400836100822,-125.96912193513501,,,,,,
GRID_72.1_-124.0,72.08400836100822,-123.96912193513501,,,,,,
GRID_72.1_-122.0,72.08400836100822,-121.96912193513501,,,,,,
GRID_72.1_-120.0,72.08400836100822,-119.96912193513501,,,,,,
GRID_72.1_-118.0,72.08400836100822,-117.96912193513501,,,,,,
GRID_72.1_-116.0,72.08400836100822,-115.96912193513501,,,,,,
GRID_72.1_-114.0,72.08400836100822,-113.96912193513501,,,,,,
GRID_72.1_-112.0,72.08400836100822,-111.96912193513501,,,,,,
GRID_72.1_-110.0,72.08400836100822,-109.96912193513501,,,,,,
GRID_72.1_-108.0,72.08400836100822,-107.96912193513501,,,,,,
GRID_72.1_-106.0,72.08400836100822,-105.96912193513501,,,,,,
GRID_72.1_-104.0,72.08400836100822,-103.96912193513501,,,,,,
GRID_72.1_-102.0,72.08400836100822,-101.96912193513501,,,,,,
GRID_72.1_-100.0,72.08400836100822,-99.96912193513501,,,,,,
GRID_72.1_-98.0,72.08400836100822,-97.96912193513501,,,,,,
GRID_72.1_-96.0,72.08400836100822,-95.96912193513501,,,,,,
GRID_72.1_-94.0,72.08400836100822,-93.96912193513501,,,,,,
GRID_72.1_-92.0,72.08400836100822,-91.96912193513501,,,,,,
GRID_72.1_-90.0,72.08400836100822,-89.96912193513501,,,,,,
GRID_72.1_-88.0,72.08400836100822,-87.96912193513501,,,,,,
GRID_72.1_-86.0,72.08400836100822,-85.96912193513501,,,,,,
GRID_72.1_-84.0,72.08400836100822,-83.96912193513501,,,,,,
GRID_72.1_-82.0,72.08400836100822,-81.96912193513501,,,,,,
GRID_72.1_-80.0,72.08400836100822,-79.96912193513501,,,,,,
GRID_72.1_-78.0,72.08400836100822,-77.96912193513501,,,,,,
GRID_72.1_-76.0,72.08400836100822,-75.96912193513501,,,,,,
GRID_72.1_-74.0,72.08400836100822,-73.96912193513501,,,,,,
GRID_72.1_-72.0,72.08400836100822,-71.96912193513501,,,,,,
GRID_72.1_-70.0,72.08400836100822,-69.96912193513501,,,,,,
GRID_72.1_-68.0,72.08400836100822,-67.96912193513501,,,,,,
GRID_72.1_-66.0,72.08400836100822,-65.96912193513501,,,,,,
GRID_72.1_-64.0,72.08400836100822,-63.96912193513501,,,,,,
GRID_72.1_-62.0,72.08400836100822,-61.96912193513501,,,,,,
GRID_72.1_-60.0,72.08400836100822,-59.96912193513501,,,,,,
GRID_72.1_-58.0,72.08400836100822,-57.96912193513501,,,,,,
GRID_72.1_-56.0,72.08400836100822,-55.96912193513501,,,,,,
GRID_72.1_-54.0,72.08400836100822,-53.96912193513501,,,,,,
GRID_72.1_-52.0,72.08400836100822,-51.96912193513501,,,,,,
GRID_72.1_-50.0,72.08400836100822,-49.96912193513501,,,,,,
GRID_74.1_-180.0,74.08400836100822,-179.969121935135,,,,,,
GRID_74.1_-178.0,74.08400836100822,-177.969121935135,,,,,,
GRID_74.1_-176.0,74.08400836100822,-175.969121935135,,,,,,
GRID_74.1_-174.0,74.08400836100822,-173.969121935135,,,,,,
GRID_74.1_-172.0,74.08400836100822,-171.969121935135,,,,,,
GRID_74.1_-170.0,74.08400836100822,-169.969121935135,,,,,,
GRID_74.1_-168.0,74.08400836100822,-167.969121935135,,,,,,
GRID_74.1_-166.0,74.08400836100822,-165.969121935135,,,,,,
GRID_74.1_-164.0,74.08400836100822,-163.969121935135,,,,,,
GRID_74.1_-162.0,74.08400836100822,-161.969121935135,,,,,,
GRID_74.1_-160.0,74.08400836100822,-159.969121935135,,,,,,
GRID_74.1_-158.0,74.08400836100822,-157.969121935135,,,,,,
GRID_74.1_-156.0,74.08400836100822,-155.969121935135,,,,,,
GRID_74.1_-154.0,74.08400836100822,-153.969121935135,,,,,,
GRID_74.1_-152.0,74.08400836100822,-151.969121935135,,,,,,
GRID_74.1_-150.0,74.08400836100822,-149.969121935135,,,,,,
GRID_74.1_-148.0,74.08400836100822,-147.969121935135,,,,,,
GRID_74.1_-146.0,74.08400836100822,-145.969121935135,,,,,,
GRID_74.1_-144.0,74.08400836100822,-143.969121935135,,,,,,
GRID_74.1_-142.0,74.08400836100822,-141.969121935135,,,,,,
GRID_74.1_-140.0,74.08400836100822,-139.969121935135,,,,,,
GRID_74.1_-138.0,74.08400836100822,-137.969121935135,,,,,,
GRID_74.1_-136.0,74.08400836100822,-135.969121935135,,,,,,
GRID_74.1_-134.0,74.08400836100822,-133.969121935135,,,,,,
GRID_74.1_-132.0,74.08400836100822,-131.969121935135,,,,,,
GRID_74.1_-130.0,74.08400836100822,-129.969121935135,,,,,,
GRID_74.1_-128.0,74.08400836100822,-127.96912193513501,,,,,,
GRID_74.1_-126.0,74.08400836100822,-125.96912193513501,,,,,,
GRID_74.1_-124.0,74.08400836100822,-123.96912193513501,,,,,,
GRID_74.1_-122.0,74.08400836100822,-121.96912193513501,,,,,,
GRID_74.1_-120.0,74.08400836100822,-119.96912193513501,,,,,,
GRID_74.1_-118.0,74.08400836100822,-117.96912193513501,,,,,,
GRID_74.1_-116.0,74.08400836100822,-115.96912193513501,,,,,,
GRID_74.1_-114.0,74.08400836100822,-113.96912193513501,,,,,,
GRID_74.1_-112.0,74.08400836100822,-111.96912193513501,,,,,,
GRID_74.1_-110.0,74.08400836100822,-109.96912193513501,,,,,,
GRID_74.1_-108.0,74.08400836100822,-107.96912193513501,,,,,,
GRID_74.1_-106.0,74.08400836100822,-105.96912193513501,,,,,,
GRID_74.1_-104.0,74.08400836100822,-103.96912193513501,,,,,,
GRID_74.1_-102.0,74.08400836100822,-101.96912193513501,,,,,,
GRID_74.1_-100.0,74.08400836100822,-99.96912193513501,,,,,,
GRID_74.1_-98.0,74.08400836100822,-97.96912193513501,,,,,,
GRID_74.1_-96.0,74.08400836100822,-95.96912193513501,,,,,,
GRID_74.1_-94.0,74.08400836100822,-93.96912193513501,,,,,,
GRID_74.1_-92.0,74.08400836100822,-91.96912193513501,,,,,,
GRID_74.1_-90.0,74.08400836100822,-89.96912193513501,,,,,,
GRID_74.1_-88.0,74.08400836100822,-87.96912193513501,,,,,,
GRID_74.1_-86.0,74.08400836100822,-85.96912193513501,,,,,,
GRID_74.1_-84.0,74.08400836100822,-83.96912193513501,,,,,,
GRID_74.1_-82.0,74.08400836100822,-81.96912193513501,,,,,,
GRID_74.1_-80.0,74.08400836100822,-79.96912193513501,,,,,,
GRID_74.1_-78.0,74.08400836100822,-77.96912193513501,,,,,,
GRID_74.1_-76.0,74.08400836100822,-75.96912193513501,,,,,,
GRID_74.1_-74.0,74.08400836100822,-73.96912193513501,,,,,,
GRID_74.1_-72.0,74.08400836100822,-71.96912193513501,,,,,,
GRID_74.1_-70.0,74.08400836100822,-69.96912193513501,,,,,,
GRID_74.1_-68.0,74.08400836100822,-67.96912193513501,,,,,,
GRID_74.1_-66.0,74.08400836100822,-65.96912193513501,,,,,,
GRID_74.1_-64.0,74.08400836100822,-63.96912193513501,,,,,,
GRID_74.1_-62.0,74.08400836100822,-61.96912193513501,,,,,,
GRID_74.1_-60.0,74.08400836100822,-59.96912193513501,,,,,,
GRID_74.1_-58.0,74.08400836100822,-57.96912193513501,,,,,,
GRID_74.1_-56.0,74.08400836100822,-55.96912193513501,,,,,,
GRID_74.1_-54.0,74.08400836100822,-53.96912193513501,,,,,,
GRID_74.1_-52.0,74.08400836100822,-51.96912193513501,,,,,,
GRID_74.1_-50.0,74.08400836100822,-49.96912193513501,,,,,,
GRID_76.1_-180.0,76.08400836100822,-179.969121935135,,,,,,
GRID_76.1_-178.0,76.08400836100822,-177.969121935135,,,,,,
GRID_76.1_-176.0,76.08400836100822,-175.969121935135,,,,,,
GRID_76.1_-174.0,76.08400836100822,-173.969121935135,,,,,,
GRID_76.1_-172.0,76.08400836100822,-171.969121935135,,,,,,
GRID_76.1_-170.0,76.08400836100822,-169.969121935135,,,,,,
GRID_76.1_-168.0,76.08400836100822,-167.969121935135,,,,,,
GRID_76.1_-166.0,76.08400836100822,-165.969121935135,,,,,,
GRID_76.1_-164.0,76.08400836100822,-163.969121935135,,,,,,
GRID_76.1_-162.0,76.08400836100822,-161.969121935135,,,,,,
GRID_76.1_-160.0,76.08400836100822,-159.969121935135,,,,,,
GRID_76.1_-158.0,76.08400836100822,-157.969121935135,,,,,,
GRID_76.1_-156.0,76.08400836100822,-155.969121935135,,,,,,
GRID_76.1_-154.0,76.08400836100822,-153.969121935135,,,,,,
GRID_76.1_-152.0,76.08400836100822,-151.969121935135,,,,,,
GRID_76.1_-150.0,76.08400836100822,-149.969121935135,,,,,,
GRID_76.1_-148.0,76.08400836100822,-147.969121935135,,,,,,
GRID_76.1_-146.0,76.08400836100822,-145.969121935135,,,,,,
GRID_76.1_-144.0,76.08400836100822,-143.969121935135,,,,,,
GRID_76.1_-142.0,76.08400836100822,-141.969121935135,,,,,,
GRID_76.1_-140.0,76.08400836100822,-139.969121935135,,,,,,
GRID_76.1_-138.0,76.08400836100822,-137.969121935135,,,,,,
GRID_76.1_-136.0,76.08400836100822,-135.969121935135,,,,,,
GRID_76.1_-134.0,76.08400836100822,-133.969121935135,,,,,,
GRID_76.1_-132.0,76.08400836100822,-131.969121935135,,,,,,
GRID_76.1_-130.0,76.08400836100822,-129.969121935135,,,,,,
GRID_76.1_-128.0,76.08400836100822,-127.96912193513501,,,,,,
GRID_76.1_-126.0,76.08400836100822,-125.96912193513501,,,,,,
GRID_76.1_-124.0,76.08400836100822,-123.96912193513501,,,,,,
GRID_76.1_-122.0,76.08400836100822,-121.96912193513501,,,,,,
GRID_76.1_-120.0,76.08400836100822,-119.96912193513501,,,,,,
GRID_76.1_-118.0,76.08400836100822,-117.96912193513501,,,,,,
GRID_76.1_-116.0,76.08400836100822,-115.96912193513501,,,,,,
GRID_76.1_-114.0,76.08400836100822,-113.96912193513501,,,,,,
GRID_76.1_-112.0,76.08400836100822,-111.96912193513501,,,,,,
GRID_76.1_-110.0,76.08400836100822,-109.96912193513501,,,,,,
GRID_76.1_-108.0,76.08400836100822,-107.96912193513501,,,,,,
GRID_76.1_-106.0,76.08400836100822,-105.96912193513501,,,,,,
GRID_76.1_-104.0,76.08400836100822,-103.96912193513501,,,,,,
GRID_76.1_-102.0,76.08400836100822,-101.96912193513501,,,,,,
GRID_76.1_-100.0,76.08400836100822,-99.96912193513501,,,,,,
GRID_76.1_-98.0,76.08400836100822,-97.96912193513501,,,,,,
GRID_76.1_-96.0,76.08400836100822,-95.96912193513501,,,,,,
GRID_76.1_-94.0,76.08400836100822,-93.96912193513501,,,,,,
GRID_76.1_-92.0,76.08400836100822,-91.96912193513501,,,,,,
GRID_76.1_-90.0,76.08400836100822,-89.96912193513501,,,,,,
GRID_76.1_-88.0,76.08400836100822,-87.96912193513501,,,,,,
GRID_76.1_-86.0,76.08400836100822,-85.96912193513501,,,,,,
GRID_76.1_-84.0,76.08400836100822,-83.96912193513501,,,,,,
GRID_76.1_-82.0,76.08400836100822,-81.96912193513501,,,,,,
GRID_76.1_-80.0,76.08400836100822,-79.96912193513501,,,,,,
GRID_76.1_-78.0,76.08400836100822,-77.96912193513501,,,,,,
GRID_76.1_-76.0,76.08400836100822,-75.96912193513501,,,,,,
GRID_76.1_-74.0,76.08400836100822,-73.96912193513501,,,,,,
GRID_76.1_-72.0,76.08400836100822,-71.96912193513501,,,,,,
GRID_76.1_-70.0,76.08400836100822,-69.96912193513501,,,,,,
GRID_76.1_-68.0,76.08400836100822,-67.96912193513501,,,,,,
GRID_76.1_-66.0,76.08400836100822,-65.96912193513501,,,,,,
GRID_76.1_-64.0,76.08400836100822,-63.96912193513501,,,,,,
GRID_76.1_-62.0,76.08400836100822,-61.96912193513501,,,,,,
GRID_76.1_-60.0,76.08400836100822,-59.96912193513501,,,,,,
GRID_76.1_-58.0,76.08400836100822,-57.96912193513501,,,,,,
GRID_76.1_-56.0,76.08400836100822,-55.96912193513501,,,,,,
GRID_76.1_-54.0,76.08400836100822,-53.96912193513501,,,,,,
GRID_76.1_-52.0,76.08400836100822,-51.96912193513501,,,,,,
GRID_76.1_-50.0,76.08400836100822,-49.96912193513501,,,,,,
GRID_78.1_-180.0,78.08400836100822,-179.969121935135,,,,,,
GRID_78.1_-178.0,78.08400836100822,-177.969121935135,,,,,,
GRID_78.1_-176.0,78.08400836100822,-175.969121935135,,,,,,
GRID_78.1_-174.0,78.08400836100822,-173.969121935135,,,,,,
GRID_78.1_-172.0,78.08400836100822,-171.969121935135,,,,,,
GRID_78.1_-170.0,78.08400836100822,-169.969121935135,,,,,,
GRID_78.1_-168.0,78.08400836100822,-167.969121935135,,,,,,
GRID_78.1_-166.0,78.08400836100822,-165.969121935135,,,,,,
GRID_78.1_-164.0,78.08400836100822,-163.969121935135,,,,,,
GRID_78.1_-162.0,78.08400836100822,-161.969121935135,,,,,,
GRID_78.1_-160.0,78.08400836100822,-159.969121935135,,,,,,
GRID_78.1_-158.0,78.08400836100822,-157.969121935135,,,,,,
GRID_78.1_-156.0,78.08400836100822,-155.969121935135,,,,,,
GRID_78.1_-154.0,78.08400836100822,-153.969121935135,,,,,,
GRID_78.1_-152.0,78.08400836100822,-151.969121935135,,,,,,
GRID_78.1_-150.0,78.08400836100822,-149.969121935135,,,,,,
GRID_78.1_-148.0,78.08400836100822,-147.969121935135,,,,,,
GRID_78.1_-146.0,78.08400836100822,-145.969121935135,,,,,,
GRID_78.1_-144.0,78.08400836100822,-143.969121935135,,,,,,
GRID_78.1_-142.0,78.08400836100822,-141.969121935135,,,,,,
GRID_78.1_-140.0,78.08400836100822,-139.969121935135,,,,,,
GRID_78.1_-138.0,78.08400836100822,-137.969121935135,,,,,,
GRID_78.1_-136.0,78.08400836100822,-135.969121935135,,,,,,
GRID_78.1_-134.0,78.08400836100822,-133.969121935135,,,,,,
GRID_78.1_-132.0,78.08400836100822,-131.969121935135,,,,,,
GRID_78.1_-130.0,78.08400836100822,-129.969121935135,,,,,,
GRID_78.1_-128.0,78.08400836100822,-127.96912193513501,,,,,,
GRID_78.1_-126.0,78.08400836100822,-125.96912193513501,,,,,,
GRID_78.1_-124.0,78.08400836100822,-123.96912193513501,,,,,,
GRID_78.1_-122.0,78.08400836100822,-121.96912193513501,,,,,,
GRID_78.1_-120.0,78.08400836100822,-119.96912193513501,,,,,,
GRID_78.1_-118.0,78.08400836100822,-117.96912193513501,,,,,,
GRID_78.1_-116.0,78.08400836100822,-115.96912193513501,,,,,,
GRID_78.1_-114.0,78.08400836100822,-113.96912193513501,,,,,,
GRID_78.1_-112.0,78.08400836100822,-111.96912193513501,,,,,,
GRID_78.1_-110.0,78.08400836100822,-109.96912193513501,,,,,,
GRID_78.1_-108.0,78.08400836100822,-107.96912193513501,,,,,,
GRID_78.1_-106.0,78.08400836100822,-105.96912193513501,,,,,,
GRID_78.1_-104.0,78.08400836100822,-103.96912193513501,,,,,,
GRID_78.1_-102.0,78.08400836100822,-101.96912193513501,,,,,,
GRID_78.1_-100.0,78.08400836100822,-99.96912193513501,,,,,,
GRID_78.1_-98.0,78.08400836100822,-97.96912193513501,,,,,,
GRID_78.1_-96.0,78.08400836100822,-95.96912193513501,,,,,,
GRID_78.1_-94.0,78.08400836100822,-93.96912193513501,,,,,,
GRID_78.1_-92.0,78.08400836100822,-91.96912193513501,,,,,,
GRID_78.1_-90.0,78.08400836100822,-89.96912193513501,,,,,,
GRID_78.1_-88.0,78.08400836100822,-87.96912193513501,,,,,,
GRID_78.1_-86.0,78.08400836100822,-85.96912193513501,,,,,,
GRID_78.1_-84.0,78.08400836100822,-83.96912193513501,,,,,,
GRID_78.1_-82.0,78.08400836100822,-81.96912193513501,,,,,,
GRID_78.1_-80.0,78.08400836100822,-79.96912193513501,,,,,,
GRID_78.1_-78.0,78.08400836100822,-77.96912193513501,,,,,,
GRID_78.1_-76.0,78.08400836100822,-75.96912193513501,,,,,,
GRID_78.1_-74.0,78.08400836100822,-73.96912193513501,,,,,,
GRID_78.1_-72.0,78.08400836100822,-71.96912193513501,,,,,,
GRID_78.1_-70.0,78.08400836100822,-69.96912193513501,,,,,,
GRID_78.1_-68.0,78.08400836100822,-67.96912193513501,,,,,,
GRID_78.1_-66.0,78.08400836100822,-65.96912193513501,,,,,,
GRID_78.1_-64.0,78.08400836100822,-63.96912193513501,,,,,,
GRID_78.1_-62.0,78.08400836100822,-61.96912193513501,,,,,,
GRID_78.1_-60.0,78.08400836100822,-59.96912193513501,,,,,,
GRID_78.1_-58.0,78.08400836100822,-57.96912193513501,,,,,,
GRID_78.1_-56.0,78.08400836100822,-55.96912193513501,,,,,,
GRID_78.1_-54.0,78.08400836100822,-53.96912193513501,,,,,,
GRID_78.1_-52.0,78.08400836100822,-51.96912193513501,,,,,,
GRID_78.1_-50.0,78.08400836100822,-49.96912193513501,,,,,,
GRID_80.1_-180.0,80.08400836100822,-179.969121935135,,,,,,
GRID_80.1_-178.0,80.08400836100822,-177.969121935135,,,,,0.15503526628790026,1.0
GRID_80.1_-176.0,80.08400836100822,-175.969121935135,,,,,,
GRID_80.1_-174.0,80.08400836100822,-173.969121935135,,,,,,
GRID_80.1_-172.0,80.08400836100822,-171.969121935135,,,,,,
GRID_80.1_-170.0,80.08400836100822,-169.969121935135,,,,,,
GRID_80.1_-168.0,80.08400836100822,-167.969121935135,,,,,,
GRID_80.1_-166.0,80.08400836100822,-165.969121935135,,,,,,
GRID_80.1_-164.0,80.08400836100822,-163.969121935135,,,,,,
GRID_80.1_-162.0,80.08400836100822,-161.969121935135,,,,,,
GRID_80.1_-160.0,80.08400836100822,-159.969121935135,,,,,,
GRID_80.1_-158.0,80.08400836100822,-157.969121935135,,,,,,
GRID_80.1_-156.0,80.08400836100822,-155.969121935135,,,,,,
GRID_80.1_-154.0,80.08400836100822,-153.969121935135,,,,,,
GRID_80.1_-152.0,80.08400836100822,-151.969121935135,,,,,,
GRID_80.1_-150.0,80.08400836100822,-149.969121935135,,,,,,
GRID_80.1_-148.0,80.08400836100822,-147.969121935135,,,,,,
GRID_80.1_-146.0,80.08400836100822,-145.969121935135,,,,,,
GRID_80.1_-144.0,80.08400836100822,-143.969121935135,,,,,,
GRID_80.1_-142.0,80.08400836100822,-141.969121935135,,,,,,
GRID_80.1_-140.0,80.08400836100822,-139.969121935135,,,,,,
GRID_80.1_-138.0,80.08400836100822,-137.969121935135,,,,,,
GRID_80.1_-136.0,80.08400836100822,-135.969121935135,,,,,,
GRID_80.1_-134.0,80.08400836100822,-133.969121935135,,,,,,
GRID_80.1_-132.0,80.08400836100822,-131.969121935135,,,,,,
GRID_80.1_-130.0,80.08400836100822,-129.969121935135,,,,,,
GRID_80.1_-128.0,80.08400836100822,-127.96912193513501,,,,,,
GRID_80.1_-126.0,80.08400836100822,-125.96912193513501,,,,,,
GRID_80.1_-124.0,80.08400836100822,-123.96912193513501,,,,,,
GRID_80.1_-122.0,80.08400836100822,-121.96912193513501,,,,,,
GRID_80.1_-120.0,80.08400836100822,-119.96912193513501,,,,,,
GRID_80.1_-118.0,80.08400836100822,-117.96912193513501,,,,,,
GRID_80.1_-116.0,80.08400836100822,-115.96912193513501,,,,,,
GRID_80.1_-114.0,80.08400836100822,-113.96912193513501,,,,,,
GRID_80.1_-112.0,80.08400836100822,-111.96912193513501,,,,,,
GRID_80.1_-110.0,80.08400836100822,-109.96912193513501,,,,,,
GRID_80.1_-108.0,80.08400836100822,-107.96912193513501,,,,,,
GRID_80.1_-106.0,80.08400836100822,-105.96912193513501,,,,,,
GRID_80.1_-104.0,80.08400836100822,-103.96912193513501,,,,,,
GRID_80.1_-102.0,80.08400836100822,-101.96912193513501,,,,,,
GRID_80.1_-100.0,80.08400836100822,-99.96912193513501,,,,,,
GRID_80.1_-98.0,80.08400836100822,-97.96912193513501,,,,,,
GRID_80.1_-96.0,80.08400836100822,-95.96912193513501,,,,,,
GRID_80.1_-94.0,80.08400836100822,-93.96912193513501,,,,,,
GRID_80.1_-92.0,80.08400836100822,-91.96912193513501,,,,,,
GRID_80.1_-90.0,80.08400836100822,-89.96912193513501,,,,,,
GRID_80.1_-88.0,80.08400836100822,-87.96912193513501,,,,,,
GRID_80.1_-86.0,80.08400836100822,-85.96912193513501,,,,,,
GRID_80.1_-84.0,80.08400836100822,-83.96912193513501,,,,,,
GRID_80.1_-82.0,80.08400836100822,-81.96912193513501,,,,,,
GRID_80.1_-80.0,80.08400836100822,-79.96912193513501,,,,,,
GRID_80.1_-78.0,80.08400836100822,-77.96912193513501,,,,,,
GRID_80.1_-76.0,80.08400836100822,-75.96912193513501,,,,,,
GRID_80.1_-74.0,80.08400836100822,-73.96912193513501,,,,,,
GRID_80.1_-72.0,80.08400836100822,-71.96912193513501,,,,,,
GRID_80.1_-70.0,80.08400836100822,-69.96912193513501,,,,,,
GRID_80.1_-68.0,80.08400836100822,-67.96912193513501,,,,,,
GRID_80.1_-66.0,80.08400836100822,-65.96912193513501,,,,,,
GRID_80.1_-64.0,80.08400836100822,-63.96912193513501,,,,,,
GRID_80.1_-62.0,80.08400836100822,-61.96912193513501,,,,,,
GRID_80.1_-60.0,80.08400836100822,-59.96912193513501,,,,,,
GRID_80.1_-58.0,80.08400836100822,-57.96912193513501,,,,,,
GRID_80.1_-56.0,80.08400836100822,-55.96912193513501,,,,,,
GRID_80.1_-54.0,80.08400836100822,-53.96912193513501,,,,,,
GRID_80.1_-52.0,80.08400836100822,-51.96912193513501,,,,,,
GRID_80.1_-50.0,80.08400836100822,-49.96912193513501,,,,,,
GRID_82.1_-180.0,82.08400836100822,-179.969121935135,,,,,,
GRID_82.1_-178.0,82.08400836100822,-177.969121935135,,,,,,
GRID_82.1_-176.0,82.08400836100822,-175.969121935135,,,,,,
GRID_82.1_-174.0,82.08400836100822,-173.969121935135,,,,,,
GRID_82.1_-172.0,82.08400836100822,-171.969121935135,,,,,,
GRID_82.1_-170.0,82.08400836100822,-169.969121935135,,,,,,
GRID_82.1_-168.0,82.08400836100822,-167.969121935135,,,,,,
GRID_82.1_-166.0,82.08400836100822,-165.969121935135,,,,,,
GRID_82.1_-164.0,82.08400836100822,-163.969121935135,,,,,,
GRID_82.1_-162.0,82.08400836100822,-161.969121935135,,,,,,
GRID_82.1_-160.0,82.08400836100822,-159.969121935135,,,,,,
GRID_82.1_-158.0,82.08400836100822,-157.969121935135,,,,,,
GRID_82.1_-156.0,82.08400836100822,-155.969121935135,,,,,,
GRID_82.1_-154.0,82.08400836100822,-153.969121935135,,,,,,
GRID_82.1_-152.0,82.08400836100822,-151.969121935135,,,,,,
GRID_82.1_-150.0,82.08400836100822,-149.969121935135,,,,,,
GRID_82.1_-148.0,82.08400836100822,-147.969121935135,,,,,,
GRID_82.1_-146.0,82.08400836100822,-145.969121935135,,,,,,
GRID_82.1_-144.0,82.08400836100822,-143.969121935135,,,,,,
GRID_82.1_-142.0,82.08400836100822,-141.969121935135,,,,,,
GRID_82.1_-140.0,82.08400836100822,-139.969121935135,,,,,,
GRID_82.1_-138.0,82.08400836100822,-137.969121935135,,,,,,
GRID_82.1_-136.0,82.08400836100822,-135.969121935135,,,,,,
GRID_82.1_-134.0,82.08400836100822,-133.969121935135,,,,,,
GRID_82.1_-132.0,82.08400836100822,-131.969121935135,,,,,,
GRID_82.1_-130.0,82.08400836100822,-129.969121935135,,,,,,
GRID_82.1_-128.0,82.08400836100822,-127.96912193513501,,,,,,
GRID_82.1_-126.0,82.08400836100822,-125.96912193513501,,,,,,
GRID_82.1_-124.0,82.08400836100822,-123.96912193513501,,,,,,
GRID_82.1_-122.0,82.08400836100822,-121.96912193513501,,,,,,
GRID_82.1_-120.0,82.08400836100822,-119.96912193513501,,,,,,
GRID_82.1_-118.0,82.08400836100822,-117.96912193513501,,,,,,
GRID_82.1_-116.0,82.08400836100822,-115.96912193513501,,,,,,
GRID_82.1_-114.0,82.08400836100822,-113.96912193513501,,,,,,
GRID_82.1_-112.0,82.08400836100822,-111.96912193513501,,,,,,
GRID_82.1_-110.0,82.08400836100822,-109.96912193513501,,,,,,
GRID_82.1_-108.0,82.08400836100822,-107.96912193513501,,,,,,
GRID_82.1_-106.0,82.08400836100822,-105.96912193513501,,,,,,
GRID_82.1_-104.0,82.08400836100822,-103.96912193513501,,,,,,
GRID_82.1_-102.0,82.08400836100822,-101.96912193513501,,,,,,
GRID_82.1_-100.0,82.08400836100822,-99.96912193513501,,,,,,
GRID_82.1_-98.0,82.08400836100822,-97.96912193513501,,,,,,
GRID_82.1_-96.0,82.08400836100822,-95.96912193513501,,,,,,
GRID_82.1_-94.0,82.08400836100822,-93.96912193513501,,,,,,
GRID_82.1_-92.0,82.08400836100822,-91.96912193513501,,,,,,
GRID_82.1_-90.0,82.08400836100822,-89.96912193513501,,,,,,
GRID_82.1_-88.0,82.08400836100822,-87.96912193513501,,,,,,
GRID_82.1_-86.0,82.08400836100822,-85.96912193513501,,,,,,
GRID_82.1_-84.0,82.08400836100822,-83.96912193513501,,,,,,
GRID_82.1_-82.0,82.08400836100822,-81.96912193513501,,,,,,
GRID_82.1_-80.0,82.08400836100822,-79.96912193513501,,,,,,
GRID_82.1_-78.0,82.08400836100822,-77.96912193513501,,,,,,
GRID_82.1_-76.0,82.08400836100822,-75.96912193513501,,,,,,
GRID_82.1_-74.0,82.08400836100822,-73.96912193513501,,,,,,
GRID_82.1_-72.0,82.08400836100822,-71.96912193513501,,,,,,
GRID_82.1_-70.0,82.08400836100822,-69.96912193513501,,,,,,
GRID_82.1_-68.0,82.08400836100822,-67.96912193513501,,,,,,
GRID_82.1_-66.0,82.08400836100822,-65.96912193513501,,,,,,
GRID_82.1_-64.0,82.08400836100822,-63.96912193513501,,,,,,
GRID_82.1_-62.0,82.08400836100822,-61.96912193513501,,,,,,
GRID_82.1_-60.0,82.08400836100822,-59.96912193513501,,,,,,
GRID_82.1_-58.0,82.08400836100822,-57.96912193513501,,,,,,
GRID_82.1_-56.0,82.08400836100822,-55.96912193513501,,,,,,
GRID_82.1_-54.0,82.08400836100822,-53.96912193513501,,,,,,
GRID_82.1_-52.0,82.08400836100822,-51.96912193513501,,,,,,
GRID_82.1_-50.0,82.08400836100822,-49.96912193513501,,,,,,
GRID_84.1_-180.0,84.08400836100822,-179.969121935135,,,,,,
GRID_84.1_-178.0,84.08400836100822,-177.969121935135,,,,,,
GRID_84.1_-176.0,84.08400836100822,-175.969121935135,,,,,,
GRID_84.1_-174.0,84.08400836100822,-173.969121935135,,,,,,
GRID_84.1_-172.0,84.08400836100822,-171.969121935135,,,,,,
GRID_84.1_-170.0,84.08400836100822,-169.969121935135,,,,,,
GRID_84.1_-168.0,84.08400836100822,-167.969121935135,,,,,,
GRID_84.1_-166.0,84.08400836100822,-165.969121935135,,,,,,
GRID_84.1_-164.0,84.08400836100822,-163.969121935135,,,,,,
GRID_84.1_-162.0,84.08400836100822,-161.969121935135,,,,,,
GRID_84.1_-160.0,84.08400836100822,-159.969121935135,,,,,,
GRID_84.1_-158.0,84.08400836100822,-157.969121935135,,,,,,
GRID_84.1_-156.0,84.08400836100822,-155.969121935135,,,,,,
GRID_84.1_-154.0,84.08400836100822,-153.969121935135,,,,,,
GRID_84.1_-152.0,84.08400836100822,-151.969121935135,,,,,,
GRID_84.1_-150.0,84.08400836100822,-149.969121935135,,,,,,
GRID_84.1_-148.0,84.08400836100822,-147.969121935135,,,,,,
GRID_84.1_-146.0,84.08400836100822,-145.969121935135,,,,,,
GRID_84.1_-144.0,84.08400836100822,-143.969121935135,,,,,,
GRID_84.1_-142.0,84.08400836100822,-141.969121935135,,,,,,
GRID_84.1_-140.0,84.08400836100822,-139.969121935135,,,,,,
GRID_84.1_-138.0,84.08400836100822,-137.969121935135,,,,,,
GRID_84.1_-136.0,84.08400836100822,-135.969121935135,,,,,,
GRID_84.1_-134.0,84.08400836100822,-133.969121935135,,,,,,
GRID_84.1_-132.0,84.08400836100822,-131.969121935135,,,,,,
GRID_84.1_-130.0,84.08400836100822,-129.969121935135,,,,,,
GRID_84.1_-128.0,84.08400836100822,-127.96912193513501,,,,,,
GRID_84.1_-126.0,84.08400836100822,-125.96912193513501,,,,,,
GRID_84.1_-124.0,84.08400836100822,-123.96912193513501,,,,,,
GRID_84.1_-122.0,84.08400836100822,-121.96912193513501,,,,,,
GRID_84.1_-120.0,84.08400836100822,-119.96912193513501,,,,,,
GRID_84.1_-118.0,84.08400836100822,-117.96912193513501,,,,,,
GRID_84.1_-116.0,84.08400836100822,-115.96912193513501,,,,,,
GRID_84.1_-114.0,84.08400836100822,-113.96912193513501,,,,,,
GRID_84.1_-112.0,84.08400836100822,-111.96912193513501,,,,,,
GRID_84.1_-110.0,84.08400836100822,-109.96912193513501,,,,,,
GRID_84.1_-108.0,84.08400836100822,-107.96912193513501,,,,,,
GRID_84.1_-106.0,84.08400836100822,-105.96912193513501,,,,,,
GRID_84.1_-104.0,84.08400836100822,-103.96912193513501,,,,,,
GRID_84.1_-102.0,84.08400836100822,-101.96912193513501,,,,,,
GRID_84.1_-100.0,84.08400836100822,-99.96912193513501,,,,,,
GRID_84.1_-98.0,84.08400836100822,-97.96912193513501,,,,,,
GRID_84.1_-96.0,84.08400836100822,-95.96912193513501,,,,,,
GRID_84.1_-94.0,84.08400836100822,-93.96912193513501,,,,,,
GRID_84.1_-92.0,84.08400836100822,-91.96912193513501,,,,,,
GRID_84.1_-90.0,84.08400836100822,-89.96912193513501,,,,,,
GRID_84.1_-88.0,84.08400836100822,-87.96912193513501,,,,,,
GRID_84.1_-86.0,84.08400836100822,-85.96912193513501,,,,,,
GRID_84.1_-84.0,84.08400836100822,-83.96912193513501,,,,,,
GRID_84.1_-82.0,84.08400836100822,-81.96912193513501,,,,,,
GRID_84.1_-80.0,84.08400836100822,-79.96912193513501,,,,,,
GRID_84.1_-78.0,84.08400836100822,-77.96912193513501,,,,,,
GRID_84.1_-76.0,84.08400836100822,-75.96912193513501,,,,,,
GRID_84.1_-74.0,84.08400836100822,-73.96912193513501,,,,,,
GRID_84.1_-72.0,84.08400836100822,-71.96912193513501,,,,,,
GRID_84.1_-70.0,84.08400836100822,-69.96912193513501,,,,,,
GRID_84.1_-68.0,84.08400836100822,-67.96912193513501,,,,,,
GRID_84.1_-66.0,84.08400836100822,-65.96912193513501,,,,,,
GRID_84.1_-64.0,84.08400836100822,-63.96912193513501,,,,,,
GRID_84.1_-62.0,84.08400836100822,-61.96912193513501,,,,,,
GRID_84.1_-60.0,84.08400836100822,-59.96912193513501,,,,,,
GRID_84.1_-58.0,84.08400836100822,-57.96912193513501,,,,,,
GRID_84.1_-56.0,84.08400836100822,-55.96912193513501,,,,,,
GRID_84.1_-54.0,84.08400836100822,-53.96912193513501,,,,,,
GRID_84.1_-52.0,84.08400836100822,-51.96912193513501,,,,,,
GRID_84.1_-50.0,84.08400836100822,-49.96912193513501,,,,,,
GRID_86.1_-180.0,86.08400836100822,-179.969121935135,,,,,,
GRID_86.1_-178.0,86.08400836100822,-177.969121935135,,,,,,
GRID_86.1_-176.0,86.08400836100822,-175.969121935135,,,,,,
GRID_86.1_-174.0,86.08400836100822,-173.969121935135,,,,,,
GRID_86.1_-172.0,86.08400836100822,-171.969121935135,,,,,,
GRID_86.1_-170.0,86.08400836100822,-169.969121935135,,,,,,
GRID_86.1_-168.0,86.08400836100822,-167.969121935135,,,,,,
GRID_86.1_-166.0,86.08400836100822,-165.969121935135,,,,,,
GRID_86.1_-164.0,86.08400836100822,-163.969121935135,,,,,,
GRID_86.1_-162.0,86.08400836100822,-161.969121935135,,,,,,
GRID_86.1_-160.0,86.08400836100822,-159.969121935135,,,,,,
GRID_86.1_-158.0,86.08400836100822,-157.969121935135,,,,,,
GRID_86.1_-156.0,86.08400836100822,-155.969121935135,,,,,,
GRID_86.1_-154.0,86.08400836100822,-153.969121935135,,,,,,
GRID_86.1_-152.0,86.08400836100822,-151.969121935135,,,,,,
GRID_86.1_-150.0,86.08400836100822,-149.969121935135,,,,,,
GRID_86.1_-148.0,86.08400836100822,-147.969121935135,,,,,,
GRID_86.1_-146.0,86.08400836100822,-145.969121935135,,,,,,
GRID_86.1_-144.0,86.08400836100822,-143.969121935135,,,,,,
GRID_86.1_-142.0,86.08400836100822,-141.969121935135,,,,,,
GRID_86.1_-140.0,86.08400836100822,-139.969121935135,,,,,,
GRID_86.1_-138.0,86.08400836100822,-137.969121935135,,,,,,
GRID_86.1_-136.0,86.08400836100822,-135.969121935135,,,,,,
GRID_86.1_-134.0,86.08400836100822,-133.969121935135,,,,,,
GRID_86.1_-132.0,86.08400836100822,-131.969121935135,,,,,,
GRID_86.1_-130.0,86.08400836100822,-129.969121935135,,,,,,
GRID_86.1_-128.0,86.08400836100822,-127.96912193513501,,,,,,
GRID_86.1_-126.0,86.08400836100822,-125.96912193513501,,,,,,
GRID_86.1_-124.0,86.08400836100822,-123.96912193513501,,,,,,
GRID_86.1_-122.0,86.08400836100822,-121.96912193513501,,,,,,
GRID_86.1_-120.0,86.08400836100822,-119.96912193513501,,,,,,
GRID_86.1_-118.0,86.08400836100822,-117.96912193513501,,,,,,
GRID_86.1_-116.0,86.08400836100822,-115.96912193513501,,,,,,
GRID_86.1_-114.0,86.08400836100822,-113.96912193513501,,,,,,
GRID_86.1_-112.0,86.08400836100822,-111.96912193513501,,,,,,
GRID_86.1_-110.0,86.08400836100822,-109.96912193513501,,,,,,
GRID_86.1_-108.0,86.08400836100822,-107.96912193513501,,,,,,
GRID_86.1_-106.0,86.08400836100822,-105.96912193513501,,,,,,
GRID_86.1_-104.0,86.08400836100822,-103.96912193513501,,,,,,
GRID_86.1_-102.0,86.08400836100822,-101.96912193513501,,,,,,
GRID_86.1_-100.0,86.08400836100822,-99.96912193513501,,,,,,
GRID_86.1_-98.0,86.08400836100822,-97.96912193513501,,,,,,
GRID_86.1_-96.0,86.08400836100822,-95.96912193513501,,,,,,
GRID_86.1_-94.0,86.08400836100822,-93.96912193513501,,,,,,
GRID_86.1_-92.0,86.08400836100822,-91.96912193513501,,,,,,
GRID_86.1_-90.0,86.08400836100822,-89.96912193513501,,,,,,
GRID_86.1_-88.0,86.08400836100822,-87.96912193513501,,,,,,
GRID_86.1_-86.0,86.08400836100822,-85.96912193513501,,,,,,
GRID_86.1_-84.0,86.08400836100822,-83.96912193513501,,,,,,
GRID_86.1_-82.0,86.08400836100822,-81.96912193513501,,,,,,
GRID_86.1_-80.0,86.08400836100822,-79.96912193513501,,,,,,
GRID_86.1_-78.0,86.08400836100822,-77.96912193513501,,,,,,
GRID_86.1_-76.0,86.08400836100822,-75.96912193513501,,,,,,
GRID_86.1_-74.0,86.08400836100822,-73.96912193513501,,,,,,
GRID_86.1_-72.0,86.08400836100822,-71.96912193513501,,,,,,
GRID_86.1_-70.0,86.08400836100822,-69.96912193513501,,,,,,
GRID_86.1_-68.0,86.08400836100822,-67.96912193513501,,,,,,
GRID_86.1_-66.0,86.08400836100822,-65.96912193513501,,,,,,
GRID_86.1_-64.0,86.08400836100822,-63.96912193513501,,,,,,
GRID_86.1_-62.0,86.08400836100822,-61.96912193513501,,,,,,
GRID_86.1_-60.0,86.08400836100822,-59.96912193513501,,,,,,
GRID_86.1_-58.0,86.08400836100822,-57.96912193513501,,,,,,
GRID_86.1_-56.0,86.08400836100822,-55.96912193513501,,,,,,
GRID_86.1_-54.0,86.08400836100822,-53.96912193513501,,,,,,
GRID_86.1_-52.0,86.08400836100822,-51.96912193513501,,,,,,
GRID_86.1_-50.0,86.08400836100822,-49.96912193513501,,,,,,
